site_key,panel_name,client_id,site_id,state,region,city,panel_lat,panel_lon,annual_washes,annual_year,monthly_washes,Name,Latitude,Longitude,client_name,_Match,__longitude,__latitude,__name,2025 Estimate,Growth 2025-2020,Growth 2030-2025,2025 Average Age,Labor Force,Average Household Income,Median Household Income,Renter-Occupied,1 vehicle,2 vehicles,3 vehicles,4 vehicles,5 or more vehicles,Total Vehicles Available in the Market,Average Number of Vehicles Available,"$100,000 to $124,999","$125,000 to $149,999","$150,000 to $174,999","$175,000 to $199,999","$200,000 to $249,999",Median Household Income.1,Average Household Income.1,Current Year Estimated Owner-Occupied Housing Units by Value,Count of Car Wash Competitors,Nearest Car Wash Competitors-Name,2nd Nearest Car Wash Competitors-Name,3rd Nearest Car Wash Competitors-Name,Nearest Car Wash Competitors-Distance,Nearest Car Wash Competitors-Competitor Type,Nearest Car Wash Competitors-Car Wash Type,Nearest Car Wash Competitors-Website,2nd Nearest Car Wash Competitors-Distance,2nd Nearest Car Wash Competitors-Competitor Type,2nd Nearest Car Wash Competitors-Car Wash Type,2nd Nearest Car Wash Competitors-Website,3rd Nearest Car Wash Competitors-Distance,3rd Nearest Car Wash Competitors-Competitor Type,3rd Nearest Car Wash Competitors-Car Wash Type,3rd Nearest Car Wash Competitors-Website,Count of ChainXY VT - Mass Merchant,Nearest ChainXY VT - Mass Merchant-Chain Name,Nearest ChainXY VT - Mass Merchant-Distance,2nd Nearest ChainXY VT - Mass Merchant-Chain Name,2nd Nearest ChainXY VT - Mass Merchant-Distance,3rd Nearest ChainXY VT - Mass Merchant-Chain Name,3rd Nearest ChainXY VT - Mass Merchant-Distance,Count of ChainXY VT - Grocery,Count of ChainXY VT - Department Store,Nearest StreetLight US Hourly-ttl_overnight,Nearest StreetLight US Hourly-ttl_breakfast,Nearest StreetLight US Hourly-ttl_lunch,Nearest StreetLight US Hourly-ttl_afternoon,Nearest StreetLight US Hourly-ttl_dinner,Nearest StreetLight US Hourly-ttl_night,Nearest StreetLight US Hourly-Highway,2025 % HH with Income $50K+,client_id_1
bluewave_000567_17,BlueWave Weslaco,bluewave_000567,17,TX,South,1112 N Westgate Dr,26.171647,-98.006361,359320.0,2025.0,29943.0,bluewave_000567,26.171539,-98.0063819,BlueWave,Lat/Lng,-98.0063819,26.171539,BlueWave,62483.795049127075,0.0842339581292423,0.1090121457523887,37.60345580265372,28101.531774761446,75570.06936398832,59274.22842815121,6527.146311854245,6017.874389316188,6691.942217894131,3062.0216777040623,1055.7489124808926,591.6776382962707,35769.20769962156,1.8564008976110096,1674.0690703035798,1396.243094664649,979.0942866841796,472.92835612781346,402.16849401639774,59274.22842815121,75570.06936398832,12821.386054198374,4,BlueWave Expresss Car Wash,Lammscloth Express Carwash,Quick Quack Car Wash,0.0128221651286494,National Chain,,,0.9706906761047293,Tunnel Car Wash,,,2.2949002958006073,National Chain,Express,www.dontdrivedirty.com,3,Walmart USA,1.153559638730192,Walmart USA,2.142999090243047,Walmart USA,2.2377971687952396,0,1,717,4425,4242,4548,4930,3240,tertiary,56.02224003540962,bluewave_000567
bubbledown_000358_3,Bubble Down Brandon,bubbledown_000358,3,FL,South,2491 S Falkenburg Rd,27.925548,-82.338901,355811.0,2025.0,29651.0,bubbledown_000358,27.9255079,-82.3388833,Bubble Down,Lat/Lng,-82.3388833,27.9255079,Bubble Down,103131.61226398568,0.1120870007523924,0.0754651900958321,37.89150865684171,57146.98002693569,94829.05716653966,78232.67135960449,22385.8285541184,19222.877768549253,15325.506475580274,3336.8399378313916,984.1891142034438,176.24839666858315,64702.40897336067,1.587285741831475,5068.3080035439925,3203.279884038493,1939.113690518774,1530.0453826243756,1714.6347150814254,78232.67135960449,94829.05716653966,18405.434215280227,6,Bubble Down Car Wash,Victory Car Wash,ModWash,0.0026555283713148,Tunnel Car Wash,Express,www.bubbledown.com,0.941861011851541,Tunnel Car Wash,Flex/Detail,www.victorycarwashfl.com,1.0323509621736242,National Chain,Express,www.modwash.com,4,Walmart USA,0.7515503075119947,Target,1.200308742159993,Target,2.0749255552595067,7,4,739,4036,3787,4248,4220,2324,tertiary,71.26345906205951,bubbledown_000358
superduper_000580_1,Super Lux,superduper_000580,1,CA,West,17670 Castleton St,33.993963,-117.917852,355720.0,2025.0,29643.0,superduper_000580,33.992799,-117.918235,Super Duper,Lat/Lng,-117.918235,33.992799,Super Duper,138760.55712785455,-0.0240020614005093,0.0037035889544179,42.494040119857274,72494.33030813071,133147.35126998505,106034.2459346957,13569.100054798866,8565.16471550657,14465.160985000668,9120.40403961448,4070.6663937479752,2336.495877868496,92821.84376868572,2.333758605410951,4271.045654013338,3800.759765556457,3384.5715323157674,2570.243685995567,3952.51737535694,106034.2459346957,133147.35126998505,26534.084962186706,10,Super Lux Car Wash,Stoner Creek Car Wash,ProWash Car Wash,0.0010724468642644,Tunnel Car Wash,Express,www.superluxcarwash.com,0.3194571925124215,Tunnel Car Wash,Closed,,0.7577435711429548,Tunnel Car Wash,Express/Fuel,No Website Listed,3,Target,0.0489782842898436,Walmart USA,0.8980594198452098,Target,2.8416051915153178,2,0,154,1663,2547,2747,2685,1119,tertiary,78.8689422927371,superduper_000580
luvcarwash_000457_55,Ventura West,luvcarwash_000457,55,CA,West,22517 Ventura Blvd,34.168099,-118.61746,344303.0,2025.0,28692.0,luvcarwash_000457,34.168104,-118.617423,Luv Car Wash,Lat/Lng,-118.617423,34.168104,Luv Car Wash,139609.2579563642,-0.0150744479523675,0.049927968196757,42.837602253017195,78843.58559626783,176463.39050690504,127252.93319457278,23452.66309284279,17143.037456576247,22193.37848312978,7096.0080026042415,2805.8340998332715,1122.7280718955444,99654.79518945934,1.885639375124721,4814.34219930938,4293.478236600873,3962.540815160144,3368.7032199708046,8550.950025495142,127252.93319457278,176463.39050690504,29585.031315253465,5,LUV Car Wash,Red Carpet Car Wash,LUV Car Wash,0.0206808854730514,National Chain,Express,www.luvcarwash.com,1.8831589457376936,Tunnel Car Wash,Full Service/Detail ,www.redcarpetusa.com,1.9349815614250856,National Chain,Express,www.luvcarwash.com,4,Walmart USA,1.3825517874980455,Target,1.6293482866583275,Target,1.8569978892921677,6,4,1194,6785,5781,5776,5298,3598,secondary,80.22475425068241,luvcarwash_000457
bluewave_000567_25,BlueWave Bibb,bluewave_000567,25,TX,South,645 South Bibb Ave,26.204434,-98.215872,337049.0,2025.0,28087.0,bluewave_000567,28.6989929,-100.4849209,BlueWave,Lat/Lng,-100.4849209,28.6989929,BlueWave,40607.364872351725,0.0203142559381973,0.057651794022881,38.5312570335788,18416.662483415217,71541.39136592348,54968.74753026663,4981.102235410712,3935.437883303268,4953.240663970588,1768.392200760194,758.9999418691732,445.999971173238,24413.09543686791,1.876076360358692,1095.371015752782,764.6907551042968,511.6964521323098,269.55143464612775,307.7109759335872,54968.74753026663,71541.39136592348,8031.7451905865455,2,BlueWave Express Car Wash,Blue Wave Car Wash,,0.0207708082639163,National Chain,,,0.8151540898214334,National Chain,Express,www.bluewaveexpress.com,0.0,,,,1,Walmart USA,0.2899959081598984,,0.0,,0.0,0,1,498,2006,2339,2685,2948,2287,secondary,53.237459870873174,bluewave_000567
luvcarwash_000457_59,Topanga,luvcarwash_000457,59,CA,West,6829 Topanga Canyon Blvd,34.194692,-118.606377,323145.0,2025.0,26929.0,luvcarwash_000457,34.1945855,-118.6064073,Luv Car Wash,Lat/Lng,-118.6064073,34.1945855,Luv Car Wash,217263.85705005645,-0.0007402613060073,0.0449836865389608,41.66419268328587,122280.70558944676,142238.60022253706,107498.4903656937,37237.092031755485,26049.744502551388,29531.609214316588,10675.1679037516,3899.567512843292,1924.0336466832089,142356.90492722858,1.8675749323758184,7124.226037958637,6162.402015345171,5572.223301578313,4659.590512947179,9427.246182946024,107498.4903656937,142238.60022253706,39229.600292456336,6,LUV Car Wash,Red Carpet Car Wash,Sinclair Car Wash ,0.0044575329904896,National Chain,Express,www.luvcarwash.com,0.0893407435454025,Tunnel Car Wash,Full Service/Detail ,www.redcarpetusa.com,0.6675566241800552,Tunnel Car Wash,Express/Petrol/Lube,www.stations.sinclairoil.com,4,Target,0.2867489937101222,Walmart USA,1.1051367247778907,Target,1.1947187796793672,5,4,1722,8276,6931,7472,7113,4828,primary,76.51414993431982,luvcarwash_000457
bluewave_000567_26,BlueWave Del Rio,bluewave_000567,26,TX,South,2201 Veterans Blvd,26.204434,-98.215872,323082.0,2025.0,26924.0,bluewave_000567,29.389023,-100.904658,BlueWave,Lat/Lng,-100.904658,29.389023,BlueWave,34463.42489345581,0.0029821614589948,0.0423097982996793,38.90181923788521,16795.460601810482,83855.0770271367,65161.42872670083,4370.698743650108,3480.8979602179024,4544.920684850658,2192.2797315190546,543.325644290424,275.9747910350561,22700.75505681336,1.9173031393645827,1272.4889280305945,883.1096190684475,643.762752939947,356.19285327754915,344.84516115963925,65161.42872670083,83855.0770271367,7490.0157887864625,2,BlueWave Express Car Wash,Wash N Go Express Tunnel,,0.011654460893425,National Chain,,,1.2696072263966436,Tunnel Car Wash,,,0.0,,,,1,Walmart USA,0.4575034537445737,,0.0,,0.0,0,1,396,1850,2150,2430,2456,1624,primary,60.33724740902851,bluewave_000567
splashfl_000574_2,Splash Herbert St,splashfl_000574,2,FL,South,956 Herbert St,29.137866,-81.009766,319898.0,2025.0,26658.0,splashfl_000574,29.137568,-81.009838,Splash,Lat/Lng,-81.009838,29.137568,Splash,71416.05294272055,0.0280833569448409,-0.0322655735377579,48.55921082416822,33982.51533866754,85584.26484908134,68196.90871992994,10805.7146092928,14289.490073456544,13627.110452502731,2904.7643442127155,622.2981051317183,350.13777355104685,54497.885299382266,1.6338465941412632,3460.781186758424,2370.315762682003,1570.5120164252585,858.6935831375886,1072.5035253885435,68196.90871992994,85584.26484908134,22598.893193165302,7,Splash Car Wash,Splash Car Wash,Mister Car Wash,0.013938346303733,Tunnel Car Wash,Express,www.mysplashcarwash.com,0.6486547912797359,Tunnel Car Wash,Flex/Detail,www.mysplashcarwash.com,1.5315082039712524,National Chain,Express,www.mistercarwash.com,4,Walmart USA,1.4536590702310457,Walmart USA,1.5482524838186635,Target,2.213992529228938,6,0,117,1546,1304,1443,1087,427,tertiary,63.31254412566858,splashfl_000574
192616splash_12,West Little Rock - Chenal Pkwy,192616splash,12,AR,South,15701 Chenal Pkwy,34.756041,-92.444207,312827.0,2025.0,26069.0,192616splash,34.756118,-92.443288,Splash Car Wash,Lat/Lng,-92.443288,34.756118,Splash Car Wash,46962.443227658834,0.028097041400515,0.055952483279113,40.2955298431004,24982.890907039255,157590.99587502793,103036.77479331532,7686.351890776365,7215.921385094931,8831.205662855355,2133.618577282119,778.5245487693464,284.44734691048507,35815.52337228181,1.7816300812070107,1873.9592068848433,1436.634116565634,1475.11313565413,1160.453909759177,2428.900598132459,103036.77479331532,157590.99587502793,12423.61580119899,3,Splash Car Wash ,Genesis Auto Wash,Zips Car Wash,0.036884740490197,National Chain,Flex/Detail/Lube,www.cleancarfast.com,0.610666919952171,Tunnel Car Wash,Flex/Detail,www.genesisautowash.com,2.095371998060547,National Chain,Express/Lube,www.zipscarwash.com,2,Target,1.6161933594848743,Walmart USA,1.9346696004747015,,0.0,6,0,379,4447,3848,3957,3177,1300,secondary,76.95763999860425,192616splash
washcity_000125_3,Wash City Apopka,washcity_000125,3,FL,South,1860 E Semoran Blvd,28.672291,-81.474933,311806.0,2024.0,25984.0,washcity_000125,28.672291,-81.474933,Wash City,Lat/Lng,-81.474933,28.672291,Wash City,77254.33989826648,0.1159729214378096,0.1015177595864367,41.05301618308332,40385.2598835245,115381.14271634516,87324.06275599629,8123.979359661112,8647.247812269314,11785.962392096524,4232.08268203371,1093.9099765017745,512.8341511657345,51855.23130439926,1.9032993496873676,3228.170214000391,2237.504642050655,1597.0060361619107,1200.9944591983804,1954.4575917538025,87324.06275599629,115381.14271634516,19169.455470038058,3,Wash City Car Wash,Waters Car Wash,Vision Car Wash,0.0086726552008411,National Chain,Express,www.washcitycarwash.com,1.2800780661970437,National Chain,Express,www.waterscarwash.com,2.752657929586616,Tunnel Car Wash,Express,www.visioncarwash.com,2,Walmart USA,1.0789030751701931,Walmart USA,1.615554274287821,,0.0,4,0,793,5449,4143,4290,4019,2070,primary,74.43250331533721,washcity_000125
woodys_000289_3,Woodie's Skyway,woodys_000289,3,FL,South,3401 34th St S,27.738547,-82.679384,303745.0,2025.0,25312.0,woodys_000289,27.7368325,-82.6800166,Woodies,Lat/Lng,-82.6800166,27.7368325,Woodies,95121.14822829304,0.0378286810530883,0.0284688563315157,44.549023543066625,47597.060537532554,106207.58271714993,75631.30792166425,15274.934769587126,19734.697769817663,13993.503030168824,3509.466957108816,780.4141411338933,190.1005292166956,62322.26391210081,1.5011943062466986,4189.932518168818,2708.3420889840927,2084.7877019052394,1632.924067946151,2552.379889298696,75631.30792166425,106207.58271714993,26243.517341372324,3,Woodie's Wash Shack,Woodie's Wash Shack,Big Dan's Car Wash,0.0010660654621403,National Chain,Express,www.woodieswash.com,1.2269815315050994,National Chain,Express,www.woodieswash.com,2.501777818450199,National Chain,Express,www.bigdanscarwash.com,2,Walmart USA,0.1542549275368238,Walmart USA,2.492793290544709,,0.0,3,0,543,2052,1799,2019,1932,1228,trunk,67.68044295714708,woodys_000289
stevenscreek_000445_1,Stevens Creek Xpress,stevenscreek_000445,1,CA,West,3655 Stevens Creek Blvd,37.324219,-121.964759,290700.0,2025.0,24225.0,stevenscreek_000445,37.3239942,-121.964776,Stevens Creek Xpress,Lat/Lng,-121.964776,37.3239942,Stevens Creek Xpress,264113.06110279885,0.0107501572366142,0.0291400426621669,39.92879805828756,151238.5171752486,228131.64744927583,167936.80171126124,52917.76186305279,35308.95941754716,38823.38174743857,12248.926202223289,4258.026180873043,1514.1855546529405,174305.53401585104,1.781092797496236,8180.696944238036,7217.152208776853,6534.470992376271,6687.041857149685,22691.244824474383,167936.80171126124,228131.64744927583,45185.822345529275,5,Stevens Creek Xpress Car Wash,Tan's Touchless Carwash,Zip Thru Express Car Wash,0.012112995837785,Tunnel Car Wash,Express/Detail,www.scxcr.com,2.4556784324583862,Tunnel Car Wash,Full-Service/Ext./Detail,No Website,2.6781680488050936,Tunnel Car Wash,Express/⛽ ,www.zipthrucarwashes.com,3,Walmart USA,0.4888934534290874,Target,1.8019145255499875,Target,2.6576423779270493,10,3,393,2935,3148,5147,5100,1842,trunk,85.98082963977296,stevenscreek_000445
luvcarwash_000457_27,Homestead,luvcarwash_000457,27,FL,South,33513 S Dixie Hwy,25.456161,-80.474476,281228.0,2025.0,23436.0,luvcarwash_000457,25.4561768,-80.4744651,Luv Car Wash,Lat/Lng,-80.4744651,25.4561768,Luv Car Wash,108678.8006488306,0.1783582433206415,0.1347879458959075,36.81815662010706,52580.207372388744,85758.61055179495,69623.06518149117,18089.049902735045,12134.053811514634,12941.301510349964,3947.0069555520313,983.5099376738071,508.97054902033415,56336.570194667554,1.6938831051853358,3566.941349956556,2391.918910275912,1563.080163554172,1142.2277889790712,1185.7419469705785,69623.06518149117,85758.61055179495,15199.888405091828,2,LUV Car Wash,Sport Car Wash,,0.0032831397351374,National Chain,Express,www.luvcarwash.com,1.1128985779999518,Tunnel Car Wash,Flex,www.sportcarwash.com,0.0,,,,3,Walmart USA,0.1238816539274984,Walmart USA,2.1413670383271075,Target,2.822347628239586,4,0,663,3656,2921,3226,2984,1784,trunk,64.82358940299733,luvcarwash_000457
sudstop_000639_5,Sud Stop Pembroke Park,sudstop_000639,5,FL,South,3301 W Hallandale Beach Blvd,25.985267,-80.176663,278298.0,2025.0,23192.0,sudstop_000639,25.9847704,-80.1762101,Sud Stop,Lat/Lng,-80.1762101,25.9847704,Sud Stop,211945.41643430432,0.0678964726035181,0.0181619472044837,42.0732063039739,118679.9316138447,94636.11484883587,68814.07543132207,38675.255353507935,38195.31801929278,26234.362464206875,8201.337143140147,2390.698961037677,989.3078482398996,129777.38946247718,1.5643522386481676,8573.148043637862,4892.8392269369215,3354.275988697773,2765.2677869318286,3922.061192434979,68814.07543132207,94636.11484883587,44351.736682265066,4,Sud Stop Car Wash,Chumi Car Wash,Sparkling Image Car Wash,0.0495648789787087,National Chain,Express,www.sudstopcarwash.com,1.9423439896555343,Tunnel Car Wash,Full-Service/Ext./⛽ ,No website,2.956362100266917,National Chain,Full-Service/Ext./Lube,www.sparklingimage.com,3,Target,1.948913545269418,Walmart USA,2.3563236839166093,Target,2.4126013738469463,9,3,1567,4051,2499,2383,2416,2275,primary,63.022898599904075,sudstop_000639
bamboocarwash_000144_1,Bamboo Carwash,bamboocarwash_000144,1,GA,South,240 Marketplace Blvd,34.34916,-84.050327,274727.0,2025.0,22894.0,bamboocarwash_000144,34.349353,-84.050751,Bamboo Carwash,Lat/Lng,-84.050751,34.349353,Bamboo Carwash,15487.91085138236,0.2366583762124932,0.1509738446169557,40.474725237175235,8629.314163178846,135602.2059321938,111689.11137911749,1198.1904239540454,1654.7391498500947,2165.7272077822126,1002.9725430249237,507.7316918125143,113.34514808282256,11592.76370215346,2.085367077159231,691.1464586262591,598.173843141878,498.9753051484004,352.38822899607476,546.6971901922952,111689.11137911749,135602.2059321938,4389.431382960174,3,Bamboo Car Wash,Take 5 Car Wash,Auto Craze Car and Pet Wash,0.0093591585420896,Tunnel Car Wash,Express,www.bamboocarwash.com,0.3689973732205068,Tunnel Car Wash,Express,www.take5.com,1.2322573379665045,Tunnel Car Wash,Express/SS/Dog Wash,www.autocrazecarwash.com,1,Walmart USA,0.6609775823084025,,0.0,,0.0,2,0,24,239,416,364,388,207,unclassified,82.95452209741207,bamboocarwash_000144
lonestarsuds_000315_4,Lonestar Suds 34th,lonestarsuds_000315,4,TX,South,3602 Milwaukee Ave,33.560291,-101.957412,272146.0,2025.0,22679.0,lonestarsuds_000315,33.560362,-101.957229,Lonestar Suds Express,Lat/Lng,-101.957229,33.560362,Lonestar Suds Express,73419.95060796314,0.0859332619423636,0.0665611698849111,36.814715105965966,41614.36145911459,90347.7563043762,69236.67280582532,16971.738826756366,13184.657642197562,11626.030442502117,3937.948201376712,1158.4925802687649,391.4424720124807,54841.745812469395,1.7230893842246822,3350.6066244929098,2282.0565668758936,1607.7281741835177,957.5544591108336,1264.1016746736132,69236.67280582532,90347.7563043762,14863.87478821678,8,Lonestar Suds Express Car Wash,Mighty Wash #5,Take 5 Car Wash,0.0028563011170593,Tunnel Car Wash,Express ,www.lonestarsuds.com,1.2821059034491793,National Chain,Express,www.mymightywash.com,1.294866947501667,National Chain,Express ,www.take5.com,2,Target,0.8565846688274344,Walmart USA,2.2893072814638007,,0.0,2,3,529,4323,5385,5903,6063,3132,secondary,62.95110431171908,lonestarsuds_000315
clearwater_000397_2,ClearWater - Cleburne,clearwater_000397,2,TX,South,809 W Henderson St,32.344189,-97.397479,270412.0,2025.0,22534.0,clearwater_000397,32.3440442,-97.3974515,ClearWater,Lat/Lng,-97.3974515,32.3440442,ClearWater,36101.48043385934,0.1481850229361427,0.0151510141664346,39.54792438778473,17779.229053919727,95380.03112729407,75683.20675071116,4418.378795560333,4452.725836506521,5611.433114794374,1652.0852078473545,614.0613063421333,261.18012577597983,24393.993543885765,1.886518875686805,1536.7989233740373,977.356391427631,660.9988295526709,400.2486950452439,513.429785209184,75683.20675071116,95380.03112729407,8529.228476389952,4,ClearWater Express Wash ,B&K Express Car Wash,Henderson Express Carwash,0.006856340282517,National Chain,Express,www.clearwaterexpresswash.com,1.141802270555226,Tunnel Car Wash,Express,No Website,1.710236971356088,Tunnel Car Wash,Express,No Website,1,Walmart USA,1.0592413836084245,,0.0,,0.0,2,0,279,2138,2420,2474,2311,1322,primary,68.15481845769203,clearwater_000397
kiwicw_000382_1,Kiwi Car Wash Vero,kiwicw_000382,1,FL,South,4915 20th St,27.638438,-80.429003,267483.0,2025.0,22290.0,kiwicw_000382,27.638106,-80.43679,Kiwi Car Wash,Lat/Lng,-80.43679,27.638106,Kiwi Car Wash,43796.6542098294,0.0465900608911089,0.0440884275579267,48.636530543588776,19001.413047585636,91596.79068471132,72427.77560097935,4870.128028533654,9054.725849030308,6859.925167037174,2206.9936512256972,283.3121366626583,118.75872280076146,31122.599297436187,1.5936525290637331,2055.2255246292334,1306.769329046714,995.8642168423394,739.1546803236706,797.9173637768254,72427.77560097935,91596.79068471132,14672.359628817763,4,Kiwi Car Wash,Classic Car Wash,Pink Bird Car Wash,0.008613526480558,Tunnel Car Wash,Express,www.kiwicarwash.com,2.8445643971853034,Tunnel Car Wash,Full-Service/Ext./Detail,www.classiccarwashverobeach.co,2.8913582830873743,National Chain,Express,www.pinkbirdcarwash.com,2,Walmart USA,0.3796309729999518,Target,0.6956772739710892,,0.0,3,2,437,4176,3513,3424,2851,1418,primary,66.90306951755097,kiwicw_000382
sudsdeluxe_000305_4,Suds Deluxe Kyle,sudsdeluxe_000305,4,TX,South,18810 IH 35,30.002378,-97.866725,263941.0,2025.0,21995.0,sudsdeluxe_000305,30.0340079,-97.8475076,Suds Deluxe,Lat/Lng,-97.8475076,30.0340079,Suds Deluxe,60501.40005942149,0.3378161753797713,0.186091872446738,35.216626121336525,33938.42553074128,108917.32026632158,95069.62145794106,7521.750612879405,6051.270677424152,8825.591801540344,4008.592587524792,751.8247311861487,481.3247937266715,41142.15493645717,2.0137840417028077,2932.3541913299123,1947.7821853857024,1512.4477970064618,1244.8810928399907,1131.766808839282,95069.62145794106,108917.32026632158,12994.19880895561,2,Suds Deluxe Car Wash,Club Car Wash ,,0.0326860330792723,National Chain,Express,www.sudsdeluxe.com,2.0349183640844646,National Chain,Express,www.clubcarwash.com,0.0,,,,2,Walmart USA,1.7953461060596936,Target,1.8780661460097232,,0.0,1,0,709,4211,3741,3705,3791,1827,secondary,77.13923757116818,sudsdeluxe_000305
bluewave_000567_19,BlueWave Brownsville 2,bluewave_000567,19,TX,South,2180 Ruben M Torres Blvd,25.950168,-97.482917,261948.0,2025.0,21829.0,bluewave_000567,25.9509736,-97.51553,BlueWave,Lat/Lng,-97.51553,25.9509736,BlueWave,93934.41909250582,0.0423375756711344,0.0796165894877497,37.69510268136378,44927.53491014661,82296.87502702067,64023.5329946459,11626.3035986186,10394.403613402044,9821.558152024869,5423.100591035094,1730.3701575726736,550.0571174838115,55978.58790826681,1.862251132335355,2868.7188469499815,1817.9650969363283,1415.0985540580004,984.4292069934309,900.3176952719223,64023.5329946459,82296.87502702067,18495.754965490894,5,GO Car Wash,Go Car Wash,BlueWave Express Car Wash,1.837733778699598,National Chain,Express,www.gocarwash.com,1.9968232553546792,National Chain,Express,www.gocarwash.com,2.016047419381741,National Chain,,,4,Target,1.2804880110353618,Walmart USA,1.752083915201846,Walmart USA,2.196732254983777,1,2,176,1079,881,1269,1197,755,tertiary,59.93635133966002,bluewave_000567
bluewave_000567_22,BlueWave Rio Grande,bluewave_000567,22,TX,South,4343 US-83,26.344281,-98.744072,258984.0,2025.0,21582.0,bluewave_000567,26.370564,-98.797272,BlueWave,Lat/Lng,-98.797272,26.370564,BlueWave,17644.34347747278,0.0001042176785189,0.0719255773612352,36.66117493880659,8214.9332766179,66274.43047207351,49247.58392079944,1400.1004400219535,2026.055827750708,1914.394501148141,640.1842084029922,204.62118376116268,55.59693504869938,8871.866865544114,1.654558032445148,408.9374357892666,338.3909162413329,270.29950887232553,95.08702412084676,77.31263012206182,49247.58392079944,66274.43047207351,3982.185911825043,1,GO Carwash,,,0.213983924543463,National Chain,Express ,www.gocarwash.com,0.0,,,,0.0,,,,1,Walmart USA,0.3679202520930942,,0.0,,0.0,0,0,1061,5551,5020,5688,5587,3766,trunk,49.392329701786785,bluewave_000567
luvcarwash_000457_61,Van Nuys,luvcarwash_000457,61,CA,West,14537 Sherman Way,34.201644,-118.450113,258823.0,2025.0,21569.0,luvcarwash_000457,34.2016944,-118.4500576,Luv Car Wash,Lat/Lng,-118.4500576,34.2016944,Luv Car Wash,331753.7524170473,-0.0116875641421432,0.0331894430809892,39.266471867414594,186636.11708041164,108677.39710932253,78735.1922144938,69976.14819514914,41010.425435994985,35651.415111849084,12948.148522631964,4763.800211112015,2870.7488779088017,184566.6464615811,1.7256813385098435,10198.895700839115,8065.473127303412,6236.561732257251,4571.392212242819,7557.332115188474,78735.1922144938,108677.39710932253,37587.63696354604,12,Wishy Washy Express Car Wash,Valley Car Wash,Van Nuys Express Wash,0.0075432225737854,Tunnel Car Wash,Express,www.wishywashycarwash.com,0.4235410272684828,Tunnel Car Wash,Full-service/ext./detail/lube,www.valley-carwash.com,0.9522284561926608,Tunnel Car Wash,Van Nuys Express Wash,www.sudsupexpresscarwash.com,4,Target,0.9325572201912752,Walmart USA,1.4318804124482998,Target,2.0722245844369316,2,0,1889,7807,5755,6262,5832,4272,primary,68.01311967115495,luvcarwash_000457
bigdans_000378_1,Big Dan's Rome,bigdans_000378,1,GA,South,18 Shorter Ave NW,34.262307,-85.18479,258002.0,2025.0,21500.0,bigdans_000378,34.2623078,-85.1849294,Big Danu0027s,Lat/Lng,-85.1849294,34.2623078,Big Danu0027s,34383.22726379539,0.0267251757521539,0.0162322624854798,37.8668675195405,16410.914828999084,82135.13266188404,55814.14966650714,6315.7452271630755,4989.85754023667,3922.454125362448,1391.6559306108393,427.8380759807769,166.73537993093487,19554.762786371863,1.5663429900563386,986.5045427599688,659.7209357739193,505.37339197762776,323.410383171984,458.03325491340365,55814.14966650714,82135.13266188404,6173.289668645477,5,Big Dan's Car Wash,Take 5 Car Wash,Rocket Wash,0.019445403777654,National Chain,Express,www.bigdanscarwash.com,1.4214856328424983,National Chain,Express,www.take5.com,1.775562424289835,Tunnel Car Wash,Express,www.rocketwash.mywashaccount.c,1,Walmart USA,2.7342595547825184,,0.0,,0.0,4,0,1100,6660,5975,6352,6327,3577,primary,54.10509625251726,bigdans_000378
woodys_000289_15,Woodie's Bayshore,woodys_000289,15,FL,South,3011 W Gandy Blvd,27.893922,-82.492683,255644.0,2025.0,21304.0,woodys_000289,27.893964,-82.492682,Woodies,Lat/Lng,-82.492682,27.893964,Woodies,83023.91659942246,0.0741453597499201,0.0459594408169573,41.41113358234538,48058.434341059765,188897.6020764745,117529.5479529366,14624.069053227548,15461.74936335534,16003.859345469158,3899.265862603206,674.9346669465303,218.7331498125568,62960.67005895218,1.6799705576966313,3505.1024954039603,2772.819722683169,2415.9395076651126,2241.777380800806,5746.854901760817,117529.5479529366,188897.6020764745,22858.534300350584,4,Woodie's Wash Shack,Mister Car Wash,Bubble Down Car Wash (coming),0.0218663577679497,National Chain,Express,www.woodieswash.com,0.6425050797455747,National Chain,Full-Service/Ext.,www.mistercarwash.com,0.9869555003135873,Tunnel Car Wash,Express,www.bubbledown.com,2,Target,0.7710557644285658,Walmart USA,1.4497381373884617,,0.0,4,0,428,2875,2519,2921,2825,1400,secondary,80.56816180705931,woodys_000289
extremeexpress_000074_1,Extreme Express,extremeexpress_000074,1,CA,West,655 W San Carlos St,37.325052,-121.901106,253944.0,2025.0,21162.0,extremeexpress_000074,37.3245209,-121.9008608,Extreme Express,Lat/Lng,-121.9008608,37.3245209,Extreme Express,244809.3034008321,0.0338187066017818,0.0502511249610314,39.28772022290148,140250.6795530556,194807.35654883657,136319.0932184369,52089.21170232585,34377.41039988195,31927.162776117795,10216.318261664475,3938.334392284625,1564.2674656878226,152455.36563468858,1.6949523114906155,8211.290317551291,6865.392916233919,5908.777357349347,5962.331494756741,16526.261669084954,136319.0932184369,194807.35654883657,38203.79526408255,4,Extreme Express Car Wash,Pacific Hand Car Wash SJ,Classic Car Wash,0.0394568859877795,Tunnel Car Wash,Express,www.extremeexpresscarwash.com,2.283437335592405,Tunnel Car Wash,Full-service/detail,www.carwashpacific.com,2.704288735948985,Tunnel Car Wash,Full-service/ext./detail,www.classiccarwash.com,4,Target,0.9969474245180237,Walmart USA,1.733496539652854,Walmart USA,2.256189487752144,8,2,255,1495,1012,1034,908,641,primary,80.8191947656938,extremeexpress_000074
papabear_000353_1,Papa Bear Anderson,papabear_000353,1,SC,South,3436 Clemson Blvd,34.549367,-82.673463,250468.0,2025.0,20872.0,papabear_000353,34.549285,-82.673258,Papa Bear,Lat/Lng,-82.673258,34.549285,Papa Bear,32841.075555450865,0.0428835555904291,0.0057339285577172,41.816814073257845,16930.05709775351,93044.33238367023,67410.62301762839,5259.7579499071,4940.163979535573,5353.047792633413,2060.1270046969876,626.2897608763305,85.45784235768951,24759.088834187132,1.7491045315369007,1348.961775238742,846.4830252276734,694.5327692966675,512.1945114876144,603.6602118592709,67410.62301762839,93044.33238367023,8902.593707565335,4,Papa Bear Car Wash,Zips Car Wash,Papa Bear Car Wash,0.00203266247178,Tunnel Car Wash,Express,www.papabearcarwash.com,1.1901243375167831,National Chain,Express,https://zipscarwash.com,1.789445166837813,Tunnel Car Wash,Express,www.papabearcarwash.com,3,Target,0.3768041698401553,Walmart USA,0.5743596933553086,Walmart USA,2.3176332956137955,4,2,727,5139,5822,6006,5769,3002,primary,62.513818917241615,papabear_000353
riptideneuse_000337_5,Riptide Gastonia,riptideneuse_000337,5,NC,South,3711 E Franklin Blvd,35.257218,-81.11407,249165.0,2025.0,20764.0,riptideneuse_000337,35.2569432,-81.1146928,Riptide,Lat/Lng,-81.1146928,35.2569432,Riptide,47534.45526719911,0.0616530980029361,0.0076701391930697,41.375298873601544,25599.459291526407,99925.079952533,77069.2805090232,7744.893016057904,6370.230472614407,8408.42977324361,2956.2046645447845,662.1758622622583,239.8397352367174,35903.6061379686,1.8488082630377616,1976.273378107464,1535.9446357433917,1150.0705275668297,759.0991033604369,980.5253900982208,77069.2805090232,99925.079952533,11686.294812197912,4,The RipTide Car Wash,Sam's Xpress® Car Wash,Autobell Car Wash,0.0417932774849572,National Chain,Express,www.riptidecw.com,1.7286868013180638,National Chain,Express,www.samsxpresscarwash.com,2.081834755943684,National Chain,Full-service/ext., www.autobell.com,3,Walmart USA,0.656751056560287,Walmart USA,1.0796162079158034,Target,1.4574955314434337,6,1,174,3368,2721,3272,2897,1183,primary,68.78136386464054,riptideneuse_000337
luvcarwash_000457_52,Thousand Oaks,luvcarwash_000457,52,CA,West,2725 E Thousand Oaks Blvd,34.172246,-118.839434,245280.0,2025.0,20440.0,luvcarwash_000457,34.172404,-118.83919,Luv Car Wash,Lat/Lng,-118.83919,34.172404,Luv Car Wash,57135.17531656567,-0.041539398144825,0.0105446109745211,45.78636008417699,30386.04676222196,190764.80548948864,137649.63971981537,8189.456387286075,6527.289866541047,9042.000948146915,3665.9074475546367,1607.980806627078,514.3303634359036,44612.58914918662,1.9784190397777932,1974.4488419296688,1700.4062625307124,1610.2040326702408,1422.2714800052345,4171.988266395405,137649.63971981537,190764.80548948864,14452.150657307357,4,California Speed Wash,Village Hand Wash,Janss Mall Touchless Car Wash,0.0094219544755644,Tunnel Car Wash,,,0.5006204747138024,National Chain,,,2.312634914865095,National Chain,,,0,,0.0,,0.0,,0.0,4,2,281,3281,3784,3735,3074,1542,primary,81.44382644362766,luvcarwash_000457
tsunamicarwash_000122_8,Portage-Willow Creek,tsunamicarwash_000122,8,IN,Midwest,3105 Willowcreek Rd,41.560352,-87.183627,244368.0,2025.0,20364.0,tsunamicarwash_000122,41.5624984,-87.1819425,Tsunami Car Wash,Lat/Lng,-87.1819425,41.5624984,Tsunami Car Wash,49615.76449453365,0.0173627703073347,0.0242567892104034,40.40923057358667,25032.23591173184,93612.37104329649,77559.13469060074,5546.022356449859,5999.373281486798,7567.414910360472,3272.8880743411137,1091.320113378577,326.7702722646063,36951.99914006842,1.9401149152810813,2338.012823102996,1562.5825517746853,1007.2647967563244,718.7300134974066,740.8699467565166,77559.13469060074,93612.37104329649,13503.804241542588,3,Tsunami Express Car Wash,Portage Car Wash,Tsunami Express Car Wash,0.0138968698738254,National Chain,Express,www.tsunamiexpress.com,0.90645479915122,Tunnel Car Wash,Full-Service/Ext./Detail,www.portagecarwashin.com,1.261636037301051,National Chain,Express,www.tsunamiexpress.com,1,Walmart USA,1.026951950014226,,0.0,,0.0,1,0,596,3879,3537,4307,3546,1885,secondary,68.10436874678236,tsunamicarwash_000122
papabear_000353_4,Papa Bear Anderson 2,papabear_000353,4,SC,South,1500 Pearman Dairy Rd,34.53198,-82.696329,242282.0,2025.0,20190.0,papabear_000353,34.531945,-82.696336,Papa Bear,Lat/Lng,-82.696336,34.531945,Papa Bear,32438.823547259788,0.0416488454172711,0.0040287321782195,41.65034376835565,16823.64089913969,82813.49287967423,58554.29512067328,5043.948677637149,5115.009534824523,5107.494664052618,1978.3777401938569,542.5684477164177,111.9232402103953,23995.022075428977,1.7117159369230743,1330.7176390689565,734.342287090607,523.1085863223998,342.2135138895828,456.0894116272684,58554.29512067328,82813.49287967423,8984.364730504924,3,Papa Bear Car Wash,Papa Bear Car Wash,Zips Car Wash,0.0233366964682672,Tunnel Car Wash,Express,www.papabearcarwash.com,1.7817349361580763,Tunnel Car Wash,Express,www.papabearcarwash.com,1.9649049144389397,National Chain,Express,https://zipscarwash.com,2,Target,1.5284267844982746,Walmart USA,2.0272739020978796,,0.0,3,2,368,3265,3249,3551,3319,1622,secondary,56.70719139219652,papabear_000353
championxpresscw_000216_23,Santa Fe,championxpresscw_000216,23,NM,West,4410 Rodeo Rd,35.638651,-106.016948,240547.0,2025.0,20046.0,championxpresscw_000216,35.637909,-106.0123587,Champion Xpress CW,Lat/Lng,-106.0123587,35.637909,Champion Xpress CW,58718.71047149575,0.0355485598441862,0.0496997807143262,42.251276041893696,31266.39379501127,94927.8125103543,73369.15095265278,7649.6758045370225,8359.05453510012,8614.099290136946,3826.1240412771,1226.887944120448,307.42361089237966,43510.295070149004,1.8649643693029003,2548.17048541177,1667.4922649625223,1171.7416355103487,1061.3090422758833,1061.255892111221,73369.15095265278,94927.8125103543,15737.77381027129,4,Squeaky Clean Car Wash,Oilstop Full Services Car Wash,Speedy Shine Express,0.3338551521721402,Tunnel Car Wash,,,0.712694910888944,Tunnel Car Wash,,,1.5418915218915623,Tunnel Car Wash,,,3,Target,0.0990211698350221,Walmart USA,1.2254730307333708,Walmart USA,1.6735645559833,1,2,8,279,601,657,473,104,tertiary,64.98410641048409,championxpresscw_000216
papabear_000353_3,Papa Bear Easley,papabear_000353,3,SC,South,5260 Calhoun Memorial Hwy,34.826488,-82.561558,239890.0,2025.0,19991.0,papabear_000353,34.8261106,-82.561879,Papa Bear,Lat/Lng,-82.561879,34.8261106,Papa Bear,31119.786732308337,0.1086888696143865,0.0469893269757936,42.668079262682774,15697.187507083056,97273.5630940812,70733.72553821722,3724.282581759034,3471.1638408066938,4962.742323991843,2427.8944167187437,726.8460505307885,377.9542875789339,25477.487378964433,1.9709295026472504,1368.6186459967869,1046.1052981404357,634.4454795034835,332.7525063530775,560.1130973122781,70733.72553821722,97273.5630940812,9300.673175718051,4,Papa Bear Car Wash,Tiger Express Wash of Easley L,Premier Carwash & Lube,0.0024104888597227,Tunnel Car Wash,Express,www.papabearcarwash.com,0.1415647418084019,Tunnel Car Wash,Express,www.tigerxpresswash.com,1.1398378438470125,Tunnel Car Wash,(Temporarily closed),,1,Walmart USA,0.7228863839733366,,0.0,,0.0,3,0,734,4805,3953,4174,4035,2629,trunk,64.42605759503371,papabear_000353
luvcarwash_000457_51,Hollywood,luvcarwash_000457,51,CA,West,7955 W Sunset Blvd,34.098382,-118.363165,238555.0,2025.0,19880.0,luvcarwash_000457,34.09821,-118.36309,Luv Car Wash,Lat/Lng,-118.36309,34.09821,Luv Car Wash,242991.55858176667,-0.0250034765027021,0.0355023900057561,42.17716267373947,154713.88743227313,177408.85133841733,109695.67168379165,94535.73297700702,69007.52951922169,36788.31137279954,5671.979773987492,1138.226231699431,777.5615889681503,168040.8044584217,1.2928636022191078,12264.59871195085,9826.535907211392,8069.021010079596,6202.9084889502265,18734.642150430387,109695.67168379165,177408.85133841733,35588.15176568934,7,LUV Car Wash,Santa Palm Car Wash,Elite Street Shine Car Wash,0.0136476813113352,National Chain,Express,www.luvcarwash.com,1.3740890545316435,Tunnel Car Wash,Full-Service/Detail,www.santapalmcarwash.com,1.515139994653376,Tunnel Car Wash,Full-Service/Ext./Detail,www.elitestreetshine.com,4,Target,1.2074847395833803,Target,1.20865988309895,Target,1.7434166776414315,10,4,4600,7575,6045,6677,7350,7707,secondary,75.84032133332487,luvcarwash_000457
1003646autowash_1,Sonny's Car Wash,1003646autowash,1,MA,Northeast,30A Main St,42.382831,-70.992881,237094.0,2025.0,19758.0,1003646autowash,42.3829074,-70.9931067,The $3 Car Wash,Lat/Lng,-70.9931067,42.3829074,The $3 Car Wash,158349.88189038073,0.0061882486298741,0.0198913918692437,38.93425410289459,92787.39994604824,126397.03419697292,97553.61730102598,36544.122899126334,26475.6088323959,13936.022958033376,2965.3206580943806,599.0878521529958,341.0434050792828,67345.18515675419,1.1487141608710196,5731.871484355779,4850.297376291106,4336.696395515002,3685.2323017497984,5655.709820766995,97553.61730102598,126397.03419697292,22140.785374387913,3,Fazio Car Wash,ScrubaDub Car Wash,Barn Car Wash,0.0213450921201141,Tunnel Car Wash,,,1.7181010787110018,National Chain,Exterior/detail,www.scrubadub.com,2.8687462743873624,Tunnel Car Wash,Express/IBA/Detail,www.barncarwash.net,1,Target,1.2635637577428964,,0.0,,0.0,0,0,1694,5089,3633,3993,4000,3035,secondary,73.70729908061763,1003646autowash
5029060raccoon_1,RACCOON EXPRESS CW,5029060raccoon,1,NH,Northeast,495 Lafayette Rd,42.889235,-70.871647,235219.0,2025.0,19602.0,5029060raccoon,42.8895778,-70.8721911,Raccoon Express Car Wash,Lat/Lng,-70.8721911,42.8895778,Raccoon Express Car Wash,15367.92072673433,0.0484323219490735,0.0273583222702355,47.10857524517051,8122.73860607855,138592.95991976617,107260.47756897916,1429.8069616768043,2040.5112616319675,2638.507550832582,1044.3026788050774,327.8275119564496,169.0835922549013,12607.16240881267,1.962139249039744,812.3779264634941,539.6421983374748,385.0261578748468,407.39752274472266,734.910761390347,107260.47756897916,138592.95991976617,5013.709567627404,1,Raccoon Express Car Wash,Raccoon Express Car Wash,,0.008847456895508,Tunnel Car Wash,Express/SS,www.raccoonexpresscarwash.com,0.008847456895508,Tunnel Car Wash,Express/SS,www.raccoonexpresscarwash.com,0.0,,,,1,Walmart USA,0.4499261891097509,,0.0,,0.0,1,0,406,3977,4164,4286,3326,1378,primary,76.22127172253784,5029060raccoon
bluecowcw_000193_1,Blue Cow Car Wash,bluecowcw_000193,1,MT,West,10 Commons Way,48.219324,-114.329766,232838.0,2025.0,19403.0,bluecowcw_000193,48.2193245,-114.3297656,Blue Cow Car Wash,Lat/Lng,-114.3297656,48.2193245,Blue Cow Car Wash,36941.09488920949,0.1307680644486301,0.0683834143919077,41.39381401752525,19114.04388740461,94817.0719250798,74190.48454001977,5147.951392653165,4381.981936132826,6569.189767000498,2148.695922607614,877.0091340881772,432.2255214281613,29635.61338145018,1.9555288375967903,1533.678240993002,1086.731276979146,803.7413075728691,534.4248796937172,685.6082817106508,74190.48454001977,94817.0719250798,10114.399479365384,3,Blue Cow Car Wash,Pro Clean CarWash,Costco Car Wash,0.0106821513897666,Tunnel Car Wash,Express,www.bluecowmt.com,1.4914413930990524,Tunnel Car Wash,Express (touchless),https://procleancarwashkalispe,2.0668870471489287,National Chain,Exterior,www.costco.com/car-wash,2,Walmart USA,0.8735488703810653,Target,1.137972061831404,,0.0,1,1,37,736,857,801,328,76,unclassified,66.22032892708586,bluecowcw_000193
wetrabbitexpcw_000325_4,Wet Rabbit Lake Stevens,wetrabbitexpcw_000325,4,WA,West,600 91st Ave NE,48.001615,-122.108618,231730.0,2025.0,19311.0,wetrabbitexpcw_000325,48.0016812,-122.108917,Wet Rabbit Express Car Wash,Lat/Lng,-122.108917,48.0016812,Wet Rabbit Express Car Wash,58189.75265955203,0.0838266098989452,0.0718679198838284,37.63885785817493,32060.78056411026,159100.98492858614,137038.39702728414,4211.684294622624,3047.250084910658,8797.533957961248,4359.982220140169,1665.5964727040846,1218.1915884063346,46475.608494101674,2.4091178009201855,2339.933551789029,2210.259228180395,1999.6754531221231,1618.3961817467352,2782.8906904370524,137038.39702728414,159100.98492858614,15256.543491088436,1,Wet Rabbit Express Car Wash,,,0.0142565467815159,Tunnel Car Wash,Express,www.wetrabbitexpress.com,0.0,,,,0.0,,,,1,Target,0.4003201149877983,,0.0,,0.0,2,0,170,1323,1655,1846,1772,833,tertiary,90.25559693953338,wetrabbitexpcw_000325
washu_000647_6,WashU Des Plaines,washu_000647,6,IL,Midwest,1360 Lee St,39.827273,-86.346568,231081.0,2025.0,19257.0,washu_000647,42.0282741,-87.8949696,Wash U,Lat/Lng,-87.8949696,42.0282741,Wash U,117466.2938015454,-0.036757000723855,-0.0102964458882203,43.28273903097248,63579.11019285314,125281.67197444846,96922.09701497112,13759.0362556146,16897.900152846705,17298.646745827515,5743.420396369882,1391.628103703144,548.546942213783,77034.70195949287,1.7114803523189015,5189.776807761053,3944.783237303607,3110.279412508011,2465.254010928562,3979.6129799748305,96922.09701497112,125281.67197444846,31315.73430873512,9,Speedy Shine Car Wash,Citgo Car Wash,Mobil Express,0.0027027065409813,Tunnel Car Wash,Express,www.speedyshineillinois.com,0.7733229335153321,Tunnel Car Wash,Exterior/⛽ ,www.citgo.com,0.8793981250203335,Tunnel Car Wash,Express/⛽ ,www.exxon.com,1,Target,1.5718940826004035,,0.0,,0.0,2,0,987,4536,3613,3973,3642,2301,primary,76.31148604732716,washu_000647
edgeexpress_000446_1,Edge Express Dumfries,edgeexpress_000446,1,VA,South,17000 Jefferson Davis Hwy,38.582632,-77.310795,228339.0,2025.0,19028.0,edgeexpress_000446,38.0311991,-77.5164995,Edge Express,Lat/Lng,-77.5164995,38.0311991,Edge Express,9562.041852167808,0.115034445956592,0.0430691052309667,38.794616364422474,5342.215635834727,104840.85147302983,89796.60434493236,592.7173661077395,614.8810572833754,1215.6006576535292,832.1826855810359,523.0420156433247,128.67606412200257,8278.178812516853,2.41039411814898,445.67328105447814,321.61554977018386,262.3567368951626,185.73277137475088,169.69514600839466,89796.60434493236,104840.85147302983,2847.315707372036,0,,,,0.0,,,,0.0,,,,0.0,,,,0,,0.0,,0.0,,0.0,1,0,213,1456,1362,1849,1477,602,primary,77.034782327788,edgeexpress_000446
americanpride_000238_4,American Pride Six Forks,americanpride_000238,4,NC,South,8909 Six Forks Rd,35.902215,-78.653304,222633.0,2025.0,18553.0,americanpride_000238,35.9021965,-78.6533587,American Pride,Lat/Lng,-78.6533587,35.9021965,American Pride,59950.405383362435,0.0079241789780038,-0.0508722470551167,43.021066174028306,32325.45047362987,156399.025529651,111199.38530134014,8804.062285059365,9005.648320896202,11625.612560849751,3782.861637638998,1091.0387925037649,360.6241933340207,49772.734492197866,1.8695071289694185,2397.257565527106,1899.2925816685893,1984.5338151231408,1770.4219269114546,3549.0673868800513,111199.38530134014,156399.025529651,17834.089551432524,4,American Pride Xpress Carwash,Autobell Car Wash,Rocket Wash Express (Coming),0.0031628860871473,Tunnel Car Wash,Express,https://americanpridexpress.co,1.9575685057335803,National Chain,Full-Service/Ext.,www.autobell.com,2.016009084004116,National Chain,Express,www.rocketcarwashexpress.com,1,Target,0.262382128350544,,0.0,,0.0,7,0,342,4693,3054,3109,2599,1001,primary,80.51617562374933,americanpride_000238
carolinacarwash_000283_8,Heroes Express Salisbury,carolinacarwash_000283,8,NC,South,1420 E Innes St,35.654361,-80.45651,220510.0,2025.0,18376.0,carolinacarwash_000283,35.654461,-80.456657,Heroes Car Wash,Lat/Lng,-80.456657,35.654461,Heroes Car Wash,31084.995849096507,0.0459545366613332,-0.0199330361543944,40.91485412934427,14484.23399761296,85759.26243998602,61303.17315177986,5820.58686142799,4761.345176666451,4116.072973858099,1650.2790209369268,558.7161592437187,186.3052335831453,21110.718992084032,1.6807972881807154,1105.5951346016373,616.2589578345651,474.8051907327608,386.5745514112641,541.3212840678752,61303.17315177986,85759.26243998602,6761.964964585553,4,Heroes Car Wash,The RipTide Car Wash,Sam's Car Wash,0.0225163176148936,Tunnel Car Wash,Express,www.heroesexpress.com,0.5577976921076648,National Chain,Express,www.riptidecw.com,1.99741499443877,Tunnel Car Wash,Full-Service/Ext./Detail,www.samscarwashkl.com,1,Walmart USA,0.5563125126948348,,0.0,,0.0,5,0,317,2523,1867,1896,1736,814,primary,57.56115255718567,carolinacarwash_000283
washu_000647_8,WashU Carol Stream,washu_000647,8,IL,Midwest,640 E North Ave,39.827273,-86.346568,214058.0,2025.0,17838.0,washu_000647,41.9021704,-88.0981085,Wash U,Lat/Lng,-88.0981085,41.9021704,Wash U,111792.14889327007,-0.0301797639816598,-0.0257871399921771,40.314062614406005,62545.62199714285,154582.77256651473,114714.21785531704,11797.548514690016,12052.413218466563,17092.90905973158,5546.812226408278,2044.64567825431,412.90726910950616,73121.78707571933,1.8721751311703247,4437.19838430977,3495.343283066002,3172.5963794620475,2625.1859304247773,4721.326949440583,114714.21785531704,154582.77256651473,27300.093938509526,9,Wash U Carwash,The PRIDE Car Wash,Sudz Car Wash and Detail,0.0738213569473092,Tunnel Car Wash,Express,www.washucarwash.com,0.4063928355610521,Tunnel Car Wash,Express,www.thepridestores.com,1.0880559800184928,Tunnel Car Wash,Express/Detail,www.sudzcarwashanddetail.com,2,Walmart USA,2.414755564965988,Target,2.422204918186486,,0.0,2,1,1932,7439,5097,5964,5266,3193,primary,82.07069516744049,washu_000647
tsunamicarwash_000122_7,La Porte,tsunamicarwash_000122,7,IN,Midwest,821 Pine Lake Ave,41.628288,-86.73706,213712.0,2025.0,17809.0,tsunamicarwash_000122,41.628196,-86.736398,Tsunami Car Wash,Lat/Lng,-86.736398,41.628196,Tsunami Car Wash,24387.600974878413,-0.0577389362494592,-0.0014450703470622,40.93916136309995,12616.00335153041,91921.36177254576,71769.27715661313,3218.4614325980656,3276.560523398104,3776.562788677402,1394.9718214801978,580.3254476638976,171.37823561020195,18192.7945339001,1.8495468895301983,956.8593184995698,686.686780537595,515.2874522821512,383.66141252673697,418.3064433984691,71769.27715661313,91921.36177254576,6639.597370090545,1,Tsunami Express Car Wash,,,0.0349705882354746,National Chain,Express,www.tsunamiexpress.com,0.0,,,,0.0,,,,1,Walmart USA,2.3198398752046128,,0.0,,0.0,2,0,881,5130,3837,4633,3464,1667,primary,66.87008309937086,tsunamicarwash_000122
tsunamicarwash_000122_6,Gary,tsunamicarwash_000122,6,IN,Midwest,3251 Grant St,41.559651,-87.354697,210494.0,2025.0,17541.0,tsunamicarwash_000122,41.559651,-87.354697,Tsunami Car Wash,Lat/Lng,-87.354697,41.559651,Tsunami Car Wash,56311.73922643706,-0.0069829805474006,-0.0099514687854633,39.70525026473143,23389.976851563493,60749.495541593504,43028.737837412475,10441.260162623948,10360.253578380332,5817.21580430062,2131.024964818498,668.7512101673055,499.5864271972096,33560.69705809234,1.460771529086179,1404.9431036851602,911.2211515562376,653.24317247211,398.0531633582432,269.98358824453317,43028.737837412475,60749.495541593504,12577.544000077876,2,Tsunami Express Car Wash,Hy-Speed  Car Wash,,0.0345722598513564,National Chain,Express,www.tsunamiexpress.com,2.2218654990831825,Tunnel Car Wash,,,0.0,,,,0,,0.0,,0.0,,0.0,2,0,781,2705,1976,2326,1967,1428,tertiary,44.17388523912376,tsunamicarwash_000122
192616splash_9,Benton - Congo Rd,192616splash,9,AR,South,2620 Congo Rd,34.588387,-92.56944,209359.0,2025.0,17447.0,192616splash,34.5891113,-92.5698852,Splash Car Wash,Lat/Lng,-92.5698852,34.5891113,Splash Car Wash,37991.85894056992,0.0290830470027191,0.0782970557146233,39.02285241247762,20332.781818769057,96440.6411042779,73854.2235898238,4822.292030688026,5427.7181059500435,6518.351986363181,2189.976256322756,587.9730107186479,155.51815884344978,28163.833684736514,1.8318862987820672,1656.6362806845573,1115.5844441830995,966.12954620237,699.8506775088608,621.6920949836494,73854.2235898238,96440.6411042779,10553.380142169306,4,Splash Car Wash & Express Lube,Splash Express Lube,Club Car Wash,0.0150686954329663,National Chain,,,0.6202129148947053,National Chain,,,1.4783053635480494,National Chain,Express,www.clubcarwash.com,2,Walmart USA,1.0091245862050306,Target,2.4863803280686216,,0.0,2,0,86,1011,783,955,894,383,tertiary,70.36995164466131,192616splash
americanpride_000238_6,American Pride Glenwood,americanpride_000238,6,NC,South,6450 Glenwood Ave,35.858959,-78.705657,205431.0,2025.0,17119.0,americanpride_000238,35.8589743,-78.705637,American Pride,Lat/Lng,-78.705637,35.8589743,American Pride,76772.2525947243,0.0211113265205358,-0.0272790489543847,40.62088891701005,45148.17566424701,149526.8477131731,109246.25712264456,15982.417195281712,14402.299967909406,15194.22199846631,4079.8352394069807,844.7014841976634,225.22024478111416,61535.15684375919,1.6919293141647027,3589.8485393339506,2799.5179109574383,2614.892736143607,2148.097088247421,4693.017174103079,109246.25712264456,149526.8477131731,20433.35465232008,1,American Pride Express Carwash,American Pride Express Carwash,,0.0041537745103129,Tunnel Car Wash,Express,https://americanpridexpress.co,0.0041537745103129,Tunnel Car Wash,Express,https://americanpridexpress.co,0.0,,,,2,Walmart USA,0.2382247426717144,Target,1.1410433090048455,,0.0,4,1,110,467,684,713,748,447,tertiary,79.91815158859197,americanpride_000238
smittyscw_000489_12,Smitty's Car Wash Champaign,smittyscw_000489,12,IL,Midwest,1703 S Neil St,40.095698,-88.245452,205140.0,2025.0,17095.0,smittyscw_000489,40.0957032,-88.2454763,Smittyu0027s Car Wash,Lat/Lng,-88.2454763,40.0957032,Smittyu0027s Car Wash,109611.96336392728,0.0379529911738326,0.0177750543276272,33.97626767346274,52373.838790515256,84525.33104335995,56749.70157869129,25860.870038902613,20044.565505105373,12548.032785434809,2717.593274423005,581.2036628775204,237.1309790759842,56803.880446134,1.2604695980278733,3525.047836981681,2358.9104818906344,1816.778834080873,1366.26822430436,2143.6402810220425,56749.70157869129,84525.33104335995,19315.912573504324,5,Smitty's Car Wash,Rainstorm Car Wash,Rainstorm Car Wash,0.0083637301368268,National Chain,Express,www.smittyscarwash.com,0.414236359722447,National Chain,Express,www.rainstormcarwash.com,2.353230816885417,National Chain,Express,www.rainstormcarwash.com,1,Target,1.289657060689633,,0.0,,0.0,1,0,762,4991,5131,5320,4878,2869,primary,54.50071229286962,smittyscw_000489
washkings_000731_1,Vancouver - Wash Kings,washkings_000731,1,WA,West,12210 NE 117th Ave,45.709873,-122.554059,204205.0,2025.0,17017.0,washkings_000731,45.7102616,-122.5528106,Wash Kings,Lat/Lng,-122.5528106,45.7102616,Wash Kings,59029.31128099188,0.0620220877599498,0.0444727628177051,39.08508360217144,31499.604003099492,138097.4588168156,113260.76578103428,5229.407098481432,4711.8582444540225,7669.853663152084,4613.5226750257425,1787.2183541799895,698.7157744099386,44534.58588460507,2.233977377724083,2613.847724072635,2187.2690687659197,1943.0460227341391,1482.028066175524,1776.8324556970038,113260.76578103428,138097.4588168156,14790.104438196868,3,Wash Kings Car Wash,Finish Line Car Wash,Kaady Car Wash,0.0301994293351735,Tunnel Car Wash,Express,https://washkingsnw.com,2.8180585311935022,Tunnel Car Wash,Express,No Website ,2.8955394768504736,National Chain,Express,https://kaady.com,0,,0.0,,0.0,,0.0,0,0,945,5217,3231,3534,2751,1476,trunk,83.07438729942142,washkings_000731
launchcw_000311_1,Launch Car Wash,launchcw_000311,1,OK,South,7919 E 101 St,36.019154,-95.887928,203280.0,2025.0,16940.0,launchcw_000311,36.017792,-95.8879408,Launch Car Wash,Lat/Lng,-95.8879408,36.017792,Launch Car Wash,82611.30404093902,0.0638383985695128,0.0491523603168864,41.0428978513535,44788.07387865026,151351.2434683425,106066.63562784292,10456.18372453237,9458.474323465956,14994.081270815805,4937.367850932293,1622.321629474638,548.441940350458,63490.23663754528,1.9364144268428187,3345.9830139898695,2695.9787019081414,2423.408457187237,2011.8056020538788,3785.1932623288594,106066.63562784292,151351.2434683425,22394.11985381064,10,Launch Car Wash,Hourglass Auto Spa,Bixby Express Car Wash,0.0030184000016265,Tunnel Car Wash,Express,www.launchcarwash.com,0.662764082048991,Tunnel Car Wash,,,1.0825249880565486,Tunnel Car Wash,Express,www.facebook.com,4,Target,0.2548881796054429,Walmart USA,0.9297000625738966,Walmart USA,2.0628815554913547,3,1,364,3843,3853,3807,3564,1737,tertiary,78.89312070254176,launchcw_000311
tsunamicarwash_000122_3,Greenfield,tsunamicarwash_000122,3,WI,Midwest,5520 W Layton Ave,42.959928,-87.984169,201824.0,2025.0,16819.0,tsunamicarwash_000122,42.959898,-87.983947,Tsunami Car Wash,Lat/Lng,-87.983947,42.959898,Tsunami Car Wash,126358.05308486849,-0.0192409717098617,-0.012431200064666,41.856046173624115,66675.31859399029,92256.01052173282,75331.86193342994,21612.378970755264,21671.38493006921,21465.633384859888,4721.0705141896615,1473.156228095526,388.5521407951601,86601.24885871587,1.6185645590184736,6620.520379216876,4549.123301223852,2917.6893195096636,2029.6186785240425,1883.2321653563995,75331.86193342994,92256.01052173282,31966.284803541144,3,Tsunami Express Car Wash,Mister Car Wash,Scrub-A-Dub Car Wash,0.0172198402032242,National Chain,Express,www.tsunamiexpress.com,1.7541637985724556,National Chain,Express,www.mistercarwash.com,1.9152717158001165,National Chain,,,3,Walmart USA,1.582773961797526,Walmart USA,2.3510618636657967,Walmart USA,2.9731452237782925,3,2,371,2497,1995,2777,2084,1065,primary,68.53787476674695,tsunamicarwash_000122
dickys_000583_1,Dickys Bluffton,dickys_000583,1,IN,Midwest,1930 N Main St,40.770525,-85.166528,200090.0,2025.0,16674.0,dickys_000583,40.770516,-85.1665,Dickyu0027s,Lat/Lng,-85.1665,40.770516,Dickyu0027s,11039.964629308552,0.0296293889727439,0.012317704183593,41.168911936968435,5924.122731345356,84400.83446353703,68317.76858565901,1493.1377923637629,1544.4036869693082,1781.7438080594875,720.8550438254606,197.2839416046627,101.69382856460288,8568.06134380633,1.8868493851157504,484.2147059023846,294.1578672423493,167.92703882441856,132.79822648130357,157.96497879200615,68317.76858565901,84400.83446353703,3065.4852382540703,1,Dicky's Express Car Wash,,,0.0109516720692814,Tunnel Car Wash,Express,www.dickyscarwash.com,0.0,,,,0.0,,,,1,Walmart USA,0.1836949508125568,,0.0,,0.0,0,0,363,2334,1935,2199,1922,958,primary,65.3071616703882,dickys_000583
bigdans_000378_12,Big Dan's Hiram,bigdans_000378,12,GA,South,2856 Jimmy Lee Smith Pkwy,33.901651,-84.778104,199125.0,2025.0,16594.0,bigdans_000378,33.901721,-84.776932,Big Danu0027s,Lat/Lng,-84.776932,33.901721,Big Danu0027s,35139.1116448493,0.1429583817600776,0.1150303472995006,38.684781407596894,18521.067029083264,108840.66055368591,90008.88367938949,3805.7068891064264,3666.917373513803,5429.126484995941,2004.382592476206,703.1217540742364,309.5309016285464,24898.45964537398,1.943978171305847,1594.0346251584124,1195.8542604080867,930.462979489006,772.1017270265147,661.1204981331248,90008.88367938949,108840.66055368591,9020.55723590008,6,Big Dan's Car Wash,Spirit Carwash,AquaShine Express Car Wash,0.0146614628193223,National Chain,Express,www.bigdanscarwash.com,0.5675895606252627,Tunnel Car Wash,Flex/Detail/Lube,www.facebook.com,0.7159506503494707,Tunnel Car Wash,Express,www.aquashineexpress.com,2,Walmart USA,1.2859872762005842,Target,2.1687128835067515,,0.0,4,1,1275,5163,3283,3238,3026,1440,trunk,79.20378027632557,bigdans_000378
luvcarwash_000457_6,Lake Mead,luvcarwash_000457,6,NV,West,505 W Lake Mead Pkwy,36.035278,-114.997061,198366.0,2025.0,16530.0,luvcarwash_000457,36.03533,-114.997043,Luv Car Wash,Lat/Lng,-114.997043,36.03533,Luv Car Wash,103592.46319168468,0.0943983644254673,0.0744681277404035,41.328863910007385,54656.99731233611,116247.16282576456,91049.02984754012,16594.13180684118,14077.567249643238,14891.644003144786,5744.5536499583395,2049.6874014282657,797.4594118681562,73280.56287086167,1.8497705791780523,4829.8412408413715,3175.1301227031217,3002.3163763490447,2221.2246533410507,2670.306051585736,91049.02984754012,116247.16282576456,23192.555911832547,7,LUV Car Wash,Quick Quack Car Wash,Horizon Village Square Car Was,0.0115937022663639,National Chain,Express,www.luvcarwash.com,0.5052924275858206,National Chain,Express,www.dontdrivedirty.com,1.607296937603157,Tunnel Car Wash,Full-Serve/Ext.,,4,Target,0.2722068831018214,Walmart USA,1.1332813788420424,Walmart USA,2.661737647528086,0,0,1647,7518,5509,6191,5345,3270,primary,74.94517616736614,luvcarwash_000457
bigdans_000378_11,Big Dan's Fairburn,bigdans_000378,11,GA,South,7925 Senoia Rd,33.539649,-84.577612,198199.0,2025.0,16517.0,bigdans_000378,33.544905,-84.577001,Big Danu0027s,Lat/Lng,-84.577001,33.544905,Big Danu0027s,32575.545100960066,0.0673506694568379,0.1112070874072013,37.00614561353966,18195.731273324345,94946.1372790846,78983.5524284395,6105.003813743009,4963.531662879337,3974.379112108436,1653.6392714630929,843.1535958817112,90.78239293972727,21699.73404971097,1.8222678002046568,1407.2644010559889,718.6217855134164,553.9831854148651,508.7542873491184,562.4829116382753,78983.5524284395,94946.1372790846,5803.088974415732,2,Big Dan's Car Wash,Union City Express Wash,,0.3659918272155981,National Chain,Express,www.bigdanscarwash.com,2.679042174401639,Tunnel Car Wash,Permanently closed,,0.0,,,,1,Walmart USA,2.821913445640391,,0.0,,0.0,2,0,1681,6080,3618,3665,3253,1959,motorway_link,66.54641893289626,bigdans_000378
tsunamicarwash_000122_9,Oak Creek - Puetz,tsunamicarwash_000122,9,WI,Midwest,140 W Puetz Rd,42.889883,-87.914902,197365.0,2025.0,16447.0,tsunamicarwash_000122,42.88706,-87.913636,Tsunami Car Wash,Lat/Lng,-87.913636,42.88706,Tsunami Car Wash,51874.9572427948,0.0438877108300152,0.0514385241684857,41.57597311873571,29723.22829948273,120604.68308303323,100567.49669128374,8006.561325920746,7108.699806014076,8995.872192877927,3063.678035579971,799.5104606588138,520.9277104522334,40094.158693406265,1.8786396990532304,2847.7303441619733,2141.4522062781034,1677.428364898078,1132.0956437841523,1646.7276225024834,100567.49669128374,120604.68308303323,13346.207228604704,2,Tsunami Express Car Wash,Tsunami Express Car Wash,,0.0228640991479652,National Chain,Express,www.tsunamiexpress.com,2.905738280531963,National Chain,Express,www.tsunamiexpress.com,0.0,,,,1,Target,0.3411354085039166,,0.0,,0.0,4,0,153,1089,998,1327,1080,547,tertiary,78.49193039789789,tsunamicarwash_000122
1003485russell_1,RUSSELL SPEEDERS 2,1003485russell,1,CT,Northeast,311 W Main St,41.049381,-73.550836,197299.0,2023.0,16442.0,1003485russell,41.049232,-73.550538,Russell Speeders 2,Lat/Lng,-73.550538,41.049232,Russell Speeders 2,140864.88273284654,0.066100181307916,0.0508774772040723,39.66548090333303,82107.33936743159,191446.34934937107,119296.67424884356,27252.9891253775,23777.48798803636,18527.41298472369,5992.449513142696,1617.8383342218583,545.1585694968235,88006.80868128338,1.5872511062919346,5872.24693673593,4156.793648644816,3731.9675966829527,3611.450538677862,8354.503063075943,119296.67424884356,191446.34934937107,28283.12869610451,4,Russell Speeders Car Wash,Greenwich Ave Solar Car Wash,Splash Car Wash,0.0152129299057107,National Chain,Exterior/detail,www.russellspeeders.com,0.4254915052381387,Tunnel Car Wash,Full Service/Ext,www.greenwichavenuecarwash.com,2.7130372789745394,National Chain,,,1,Target,0.6083491033479052,,0.0,,0.0,1,1,540,2177,1803,1975,1978,1528,primary,79.7529415443335,1003485russell
luvcarwash_000457_72,Warminster,luvcarwash_000457,72,PA,Northeast,440 W Street Rd,40.202589,-75.093338,195570.0,2025.0,16298.0,luvcarwash_000457,40.202459,-75.093028,Luv Car Wash,Lat/Lng,-75.093028,40.202459,Luv Car Wash,82054.01200355601,0.0140641233510251,0.0079183052998861,44.479406247808264,46328.44843178848,130520.3922410708,105993.75521109592,10215.67373459111,11256.719779833918,13409.857585769148,4674.867441852344,1527.4404063918628,657.7292307084426,61499.44505603891,1.861659057910547,3918.584357614047,3088.5223880915437,2717.912445011898,2294.3392910256516,3072.7828113363357,105993.75521109592,130520.3922410708,22920.85442192189,4,LUV Car Wash,Patriot Car Wash,Pete's Express Car Wash,0.0134910893892759,National Chain,Express,www.luvcarwash.com,0.8606422054501696,Tunnel Car Wash,Flex,No Website,2.569037427772077,Tunnel Car Wash,Express,www.petesexpresscarwash.com,3,Walmart USA,0.8217130483522441,Walmart USA,2.6711738520555524,Target,2.7277314579468235,3,0,1132,8172,6262,7095,6421,3447,primary,80.67934929946973,luvcarwash_000457
peppyscw_000491_1,Parrot's Car Wash Jackson,peppyscw_000491,1,TN,South,101 W University Pkwy,35.69621,-88.83325,195482.0,2025.0,16290.0,peppyscw_000491,35.696674,-88.832965,Parrotu0027s Car Wash,Lat/Lng,-88.832965,35.696674,Parrotu0027s Car Wash,34604.71398848924,0.054304503589431,0.0409344677576383,40.85644485421226,18257.200048344443,97417.25024337244,76572.05589038691,5037.544363598921,4312.766968053882,5653.4739550704835,2420.955943072564,718.4793923334219,180.19367778091691,26657.468665650813,1.8865158119807257,1563.9039896932663,1275.8267078547506,762.2348596428055,480.2974817417562,554.1400856459513,76572.05589038691,97417.25024337244,9092.9858425922,5,Parrot's Car Wash,Take 5 Car Wash,Take 5 Car Wash,0.0144197923221515,Tunnel Car Wash,Express,www.parrotscarwash.com,1.055288909269282,National Chain,Express,www.take5.com,1.480767292821307,National Chain,Express,www.take5.com,2,Target,1.5805114520335737,Walmart USA,2.233296363399868,,0.0,4,1,152,1869,1862,2134,1706,738,secondary,70.49400735806252,peppyscw_000491
washu_000647_5,WashU Villa Park,washu_000647,5,IL,Midwest,780 N Addison Rd,39.827273,-86.346568,194649.0,2025.0,16221.0,washu_000647,41.9048823,-87.9890019,Wash U,Lat/Lng,-87.9890019,41.9048823,Wash U,110554.44901501796,0.017134038215555,0.0054284476265054,41.08916169460963,63610.64965548465,150725.03910926543,111765.87550651062,10268.22307724753,11939.456003417086,17651.509523231914,6719.777147172397,1838.8450597312767,651.5906181522005,78015.13982108422,1.9557561316788288,4610.08850101498,3521.552866224112,3245.752198404487,2613.582783444843,4571.730035227054,111765.87550651062,150725.03910926543,29689.401103935845,7,Wash U Carwash,DLC Auto Spa,Finish Line Car Wash,0.0056489675823527,National Chain,Express,www.washucarwash.com,0.603633244382062,Tunnel Car Wash,Full-Service/Ext./Detail,www.facebook.com,1.096189526788534,Tunnel Car Wash,Express,www.villaparkfinishline.com,2,Target,0.6464614119166675,Walmart USA,2.6574600227684635,,0.0,2,0,1756,5731,3652,3908,3587,2554,primary,83.10361162797618,washu_000647
16135bigsteve_1,BIG STEVES CAR WASH,16135bigsteve,1,MA,Northeast,561 North Main St,42.541046,-71.739334,189707.0,2025.0,15809.0,16135bigsteve,42.551981,-71.764842,Big Steveu0027s Car Wash,Lat/Lng,-71.764842,42.551981,Big Steveu0027s Car Wash,61011.57924958388,0.0135318572650756,-0.001145597236078,41.04258692702135,34416.89701496449,106351.85247801588,84765.65511298807,10893.915981543369,8949.384224607958,8540.99677285552,2981.8237968153553,942.3265410616297,500.7096007261425,41249.703328642296,1.6904343484920334,2778.097808399587,2124.399893597234,1619.6665273981637,1146.0270025253994,1520.6400794635992,84765.65511298807,106351.85247801588,13546.336974604055,3,Big Steve's $5 Car Wash,Classic Car Wash,John Fitch Car Wash,0.0807122197141212,Tunnel Car Wash,Express,No website,1.4369195048195929,Tunnel Car Wash,Exterior/lube,www.classiccarwashandoilchange,2.2840211794514964,Tunnel Car Wash,Exterior ,No website,1,Walmart USA,2.9800912473871723,,0.0,,0.0,0,1,1342,5734,3967,4589,4050,2577,secondary,69.36855959459227,16135bigsteve
luvcarwash_000457_54,Druid Hills,luvcarwash_000457,54,GA,South,2024 N Druid Hills Rd NE,33.833876,-84.339045,186257.0,2025.0,15521.0,luvcarwash_000457,33.833724,-84.3391116,Luv Car Wash,Lat/Lng,-84.3391116,33.833724,Luv Car Wash,149641.94903334382,-0.017246239945246,0.0425464735508652,38.162652426500685,91262.70988896268,178470.95662336732,121117.45006033331,40392.81386632251,36578.976257952745,26068.976848727092,4523.94735593698,888.8400731203146,236.1283522704616,107024.77407705144,1.4390526755194588,6974.224168654997,6617.483869486139,5496.525012132828,4569.145890919375,10881.408760006309,121117.45006033331,178470.95662336732,34012.23055933183,5,LUV Car Wash,Mister Car Wash,Two Minit Car Wash,0.0100549784912255,National Chain,Express,https://luvcarwash.com,1.7159317360038788,National Chain,Full-service/Ext.,www.mistercarwash.com,2.533925600761599,Tunnel Car Wash,Full-Serve/Ext.,https://twominitcarwashatlanta,3,Target,0.8825163599521909,Target,1.5493395761596438,Target,1.71028156092697,16,5,2025,7105,5389,5924,5699,4128,secondary,80.28608016164138,luvcarwash_000457
americanpride_000238_3,American Pride Smithfield,americanpride_000238,3,NC,South,1203 N Brightleaf Blvd,35.519497,-78.314718,183647.0,2025.0,15304.0,americanpride_000238,35.519597,-78.3149205,American Pride,Lat/Lng,-78.3149205,35.519597,American Pride,17771.806243183324,0.1380985377543463,0.0016983148926662,40.6558011137475,7652.324006053852,69148.79082097355,48604.726946669434,3181.278517297702,2081.530542708002,1950.976691427757,1343.8046915080631,458.8145024072146,106.3843658636324,12382.077839034726,1.8449337330366309,465.42602678760886,300.4924088570988,211.01789102179464,149.34254258091096,154.10596013034228,48604.726946669434,69148.79082097355,3535.714925784385,4,American Pride Car Wash ,Sun Auto Wash ,Sud Stop Car Wash,0.0116701214256037,Tunnel Car Wash,Express,www.americanpridexpress.com,0.5956192867274271,Tunnel Car Wash,Full-Service/Ext,No Website,1.137557056865601,National Chain,Express,www.sudstopcarwash.com,2,Walmart USA,0.4078145496340293,Target,1.915702810747792,,0.0,3,0,293,3756,4180,4095,3546,1508,primary,48.63058364840314,americanpride_000238
dickys_000583_3,Dickys Decatur,dickys_000583,3,IN,Midwest,1022 S 13th St,40.818633,-84.939277,183088.0,2025.0,15257.0,dickys_000583,40.8183806,-84.9377641,Dickyu0027s,Lat/Lng,-84.9377641,40.8183806,Dickyu0027s,12010.975324803498,0.0127151191400678,0.0052571003559178,41.766981613627145,5668.533139575622,78117.17569249756,66512.54504985646,1557.1820322913118,1319.689775574254,2397.442014466971,756.3534810121637,140.02135232300498,77.19109038892202,9329.675108781315,1.8477186879058904,551.7483183145523,343.3825753913261,179.97552909282967,116.8149510489311,68.81168423732743,66512.54504985646,78117.17569249756,3520.011946767336,2,Dicky's Express Car Wash,Andy's Car Wash-Decatur/Kyle Benroth,,0.046119032605286,Tunnel Car Wash,Express,www.dickyscarwash.com,1.5576241132467108,Tunnel Car Wash,Full-Service/Ext/SS,No Website,0.0,,,,1,Walmart USA,0.6805746208248536,,0.0,,0.0,1,0,566,3006,2457,2831,2375,1202,primary,61.55346475274701,dickys_000583
dinodashcw_000486_2,Dino Dash Riverside,dinodashcw_000486,2,UT,West,2054 E Riverside Dr,37.098795,-113.538323,181280.0,2025.0,15107.0,dinodashcw_000486,37.098934,-113.538413,Dino Dash Wash,Lat/Lng,-113.538413,37.098934,Dino Dash Wash,67791.97327585536,0.1611395600047405,0.1704068412472601,38.92272121969157,32531.257577787008,122567.9732209761,87211.20628140909,7900.286860111461,6161.423493477865,8588.382034903043,4434.666373925749,1988.4189797280123,761.7607791392365,48404.66649966943,2.148843957325122,2663.438293835148,1959.246390606684,1363.6576555192005,996.9799110816676,1664.596718544606,87211.20628140909,122567.9732209761,14714.564143653844,10,Dino Dash Car Wash,Quick Quack Car Wash,Fabulous Freddy's Car Wash,0.0129732166048305,Tunnel Car Wash,,,0.699797599995105,National Chain,Express,www.dontdrivedirty.com,1.0855540465184832,National Chain,,,2,Target,0.8948102441413993,Walmart USA,2.2040652448526874,,0.0,1,2,528,5108,5411,5639,4917,2445,primary,73.28632323400652,dinodashcw_000486
luvcarwash_000457_70,Great Valley,luvcarwash_000457,70,PA,Northeast,120 Lancaster Ave,40.041909,-75.532637,180334.0,2025.0,15028.0,luvcarwash_000457,40.0419556,-75.5325945,Luv Car Wash,Lat/Lng,-75.5325945,40.0419556,Luv Car Wash,36880.186374988174,0.0742908842760558,0.048614570617678,43.353505410673726,20052.339540242683,204293.35419363127,154133.89365305498,3691.2746628723103,4744.534154935041,6460.472168436507,1766.2045482778922,520.0626776269637,187.7222054968588,25982.95387463388,1.8254902264832136,1305.2949977619571,1328.3080228082836,1234.9748046901077,912.1074044858104,2901.432386137079,154133.89365305498,204293.35419363127,10558.188890553543,3,LUV Car Wash,Gentle Touch Car Wash,Franklin Auto Spa,0.0036600420528955,National Chain,Express,www.luvcarwash.com,1.82412161494368,National Chain,(Permanently closed),,1.9453897336577808,Tunnel Car Wash,Full-Service/Ext.,www.franklincarwashes.com,1,Target,0.819735408051441,,0.0,,0.0,1,0,227,3034,2822,2726,2352,995,primary,87.29973624199545,luvcarwash_000457
fivestar_000150_5,Five Star Statesville,fivestar_000150,5,NC,South,117 Turnersburg Hwy,35.80853,-80.876477,180089.0,2025.0,15007.0,fivestar_000150,35.808558,-80.876473,Five Star,Lat/Lng,-80.876473,35.808558,Five Star,32447.110187423124,0.1084313926024286,-0.0100737474071164,41.301401464357355,16573.673547789076,78392.64312958714,62243.36179214179,5591.574580186978,4931.576545194723,4547.78374683822,1826.851618176093,631.3745269365609,334.7820981190889,23707.10749174113,1.803838544354625,1225.1693179606227,864.1919368762174,595.2170818458544,287.1806304951897,305.2197084222571,62243.36179214179,78392.64312958714,7582.302644404874,2,5 Star Express Car Wash,Autobell Car Wash,,0.0018122281123121,Tunnel Car Wash,Express,www.wash5star.com,1.7546063251332396,National Chain,Full-service/ext.,www.autobell.com,0.0,,,,1,Walmart USA,0.4358304016409326,,0.0,,0.0,6,0,101,827,965,1006,974,536,motorway_link,58.97038219066359,fivestar_000150
aquabreeze_000406_1,Aqua Breeze - Cartersville,aquabreeze_000406,1,GA,South,150 E Felton Rd,34.197128,-84.792048,180023.0,2025.0,15002.0,aquabreeze_000406,34.1970909,-84.7920473,Aqua Breeze Car Wash,Lat/Lng,-84.7920473,34.1970909,Aqua Breeze Car Wash,35727.261133574444,0.1349286732866324,0.0997626382749617,39.475157707345495,19347.599979488616,95936.21883070808,82294.87151624373,6733.159820260713,4677.881555677624,5729.093182045966,1897.11849052622,505.75873992580455,445.61177922668867,26078.51724718488,1.8731721601602151,1984.6429760492176,1343.3611819143407,780.6150929175783,495.36984741012566,533.200498255901,82294.87151624373,95936.21883070808,7206.029615305713,5,Aqua Breeze Car Wash,Mach-1 Express Wash ,Zips Car Wash,0.0095675226847556,Tunnel Car Wash,Express,www.aquabreezecarwash.com,0.7901154936358361,National Chain,Express,www.mach1expresswash.com,1.0043533511767946,National Chain,Express,www.zipscarwash.com,2,Walmart USA,0.4808731896940124,Target,1.7204981469036411,,0.0,3,0,112,1172,1513,1505,1388,635,tertiary,70.65780525734186,aquabreeze_000406
luvcarwash_000457_71,Valley Forge,luvcarwash_000457,71,PA,Northeast,175 N Henderson Rd,40.095942,-75.365797,179506.0,2025.0,14959.0,luvcarwash_000457,40.0959508,-75.3657864,Luv Car Wash,Lat/Lng,-75.3657864,40.0959508,Luv Car Wash,99541.43699375552,0.0749492931316455,0.0636735125740832,39.65641239875987,56973.37390751799,132487.33604544212,101168.16996871417,17167.85974738677,16069.748332861112,15036.834714330034,3753.847379308427,1327.715862421086,217.7804916682653,63804.72580747213,1.578272327565348,4716.948079052148,3802.7802542112768,2937.036567825824,2278.4406644937117,3756.11982704862,101168.16996871417,132487.33604544212,23277.420991278952,4,Luv Car Wash,Gentle Touch Car Wash,Final Touch Car Wash,0.0236574461392495,National Chain,Express,www.luvcarwash.com,1.058089318075341,National Chain,Closed,,1.65344624683896,Tunnel Car Wash,Full-Service/Ext./Detail/⛽,www.finaltouchcarwash.com,3,Target,0.0395228034929064,Walmart USA,1.934021466467904,Walmart USA,2.875199419973777,4,4,348,2876,2101,2576,2342,1157,secondary,76.76425961250226,luvcarwash_000457
192616splash_11,Cabot - Willie Ray Dr,192616splash,11,AR,South,210 Willie Ray Dr,34.990011,-92.013519,178622.0,2025.0,14885.0,192616splash,34.9968023,-92.0105253,Splash Car Wash,Lat/Lng,-92.0105253,34.9968023,Splash Car Wash,23702.75108274806,0.0146290900893474,0.1119428547886426,37.95529335090546,12094.441561784188,101453.73312079468,84278.83170462944,2657.9658614121727,2621.2496386561543,3553.820925721666,1606.0536989195389,429.5043959818431,207.87533499021083,17304.44684573653,1.9592176209793404,1095.899039121985,832.4187200773158,637.2344037842122,440.9527310935664,372.5967496639933,84278.83170462944,101453.73312079468,6186.104791363236,2,Rhyno Car Wash,Splash Carwash,,1.5500882151133395,Tunnel Car Wash,Express,www.rhynocarwash.com,1.765589153957872,National Chain,Express/IBA/lube,www.cleancarfast.com,0.0,,,,1,Walmart USA,2.236415578928329,,0.0,,0.0,2,0,113,1520,1122,1555,1332,504,tertiary,73.48182467736909,192616splash
martintowncw_000477_1,Moby's Car Wash,martintowncw_000477,1,SC,South,421 E Martintown Rd,33.496174,-81.958404,176534.0,2025.0,14711.0,martintowncw_000477,33.495539,-81.95758,Mobyu0027s Car Wash,Lat/Lng,-81.95758,33.495539,Mobyu0027s Car Wash,42538.32000448834,-0.0224228860779169,-0.0282865256169324,40.91856288182707,20819.41320540366,82535.04800896546,57273.009225376896,9210.254254214871,7056.254230181163,5844.3759170134435,2251.989927299088,525.7444115771214,178.15872248494998,28494.74710483855,1.5552054858074689,1474.0346700674854,1060.693002015294,833.8488013099413,434.27819671551697,726.2803490560618,57273.009225376896,82535.04800896546,9122.713327965292,3,Moby's Car Wash,Sparkle Express Car Wash,Sparkle Express Car Wash,0.0181646759673792,Tunnel Car Wash,Express,www.mobyscarwash.com,2.033767573567176,National Chain,Express,www.sparklemyride.com,2.6305625987547434,National Chain,Express/SS,www.sparklemyride.com,1,Walmart USA,0.4083894043234167,,0.0,,0.0,3,0,537,3719,3704,3956,3649,1660,primary,54.50517157049057,martintowncw_000477
blueiguanacw_000349_1,Blue Iguana Chestnut,blueiguanacw_000349,1,MO,Midwest,3316 W Chestnut Expy,37.211697,-93.345945,176118.0,2025.0,14676.0,blueiguanacw_000349,37.2116947,-93.3459477,Blue Iguana,Lat/Lng,-93.3459477,37.2116947,Blue Iguana,55394.05904108181,0.0189661821425487,0.0134775588347025,38.398586922423064,27777.05912194465,63269.33208960845,49902.44992366368,12637.95569611137,9564.43484097818,8398.199815070024,2459.0015600644983,580.1996255466365,259.3648600411834,37355.46195370419,1.6109938537926245,1806.0360125227016,976.613404684642,610.3243367523537,355.25644319993444,270.3693154673674,49902.44992366368,63269.33208960845,10614.98501024535,6,Blue Iguana Car Wash,Tsunami Express Car Wash,Casey Boaz,0.0151479892080725,Tunnel Car Wash,Express,www.blueiguana.com,2.019725624224857,National Chain,Express,www.tsunamiexpress.com,2.0505061455978666,Tunnel Car Wash,,,4,Walmart USA,0.6415036823873874,Target,2.0387127036046304,Walmart USA,2.1641409250839017,0,0,33,469,434,422,306,68,unclassified,49.90899923116903,blueiguanacw_000349
washrite_000380_7,Wash Rite Moundsville,washrite_000380,7,WV,South,75 Teletech Dr,39.909698,-80.749338,175419.0,2025.0,14618.0,washrite_000380,39.909698,-80.749338,Wash Rite,Lat/Lng,-80.749338,39.909698,Wash Rite,13922.09185381746,-0.0223397586779614,-0.0269634896335271,45.52619764866073,6405.745509170694,88846.81209105488,64406.224512246015,1179.4317889659433,2230.306653909385,2169.1838570939144,735.5846289269393,217.07901794707868,113.10584376659244,10209.273545499307,1.7104903939737888,589.6655984773533,391.2106199049158,255.6660794703057,132.23994085204322,187.73337228188757,64406.224512246015,88846.81209105488,4792.378321105265,0,,,,0.0,,,,0.0,,,,0.0,,,,1,Walmart USA,1.1685325204621009,,0.0,,0.0,2,0,709,3298,2260,2791,2050,972,trunk,61.372996260195954,washrite_000380
thegoodwash_000590_1,The Good Wash,thegoodwash_000590,1,VA,South,2305 Plank Rd,38.297066,-77.499727,175156.0,2025.0,14596.0,thegoodwash_000590,38.29704,-77.499707,The Good Wash,Lat/Lng,-77.499707,38.29704,The Good Wash,60139.21249797917,0.122953280811595,0.0787746343686011,39.0701701120379,33002.60844400595,130643.81539197826,99637.17469954229,10866.202660818351,8006.256789135747,8804.683264924446,3656.2176170561,722.7142463638447,559.6829712782055,42273.548011999344,1.8170030856822856,2506.6223768286873,1814.9184670303948,1668.4579637222923,1416.8698861785233,2359.18557413877,99637.17469954229,130643.81539197826,12470.280661171302,5,The Goodwash Car Wash,Santa Fe Car Wash,Crystal Car Wash,0.0029551918722827,Tunnel Car Wash,Express,www.thegoodwash.com,0.6436211555313338,Tunnel Car Wash,Full-Service/Ext./Detail,www.santafewash.com,1.171348555357171,Tunnel Car Wash,Full-Service/Ext./Detail,No Website,2,Target,0.7712539621553223,Walmart USA,1.00751969941478,,0.0,3,2,381,1433,1262,1286,1193,612,tertiary,76.44724090500996,thegoodwash_000590
carrollclean_000464_1,Carroll Clean Owings Mills,carrollclean_000464,1,MD,South,11260 Dolfield Blvd,39.42309,-76.806596,173979.0,2025.0,14498.0,carrollclean_000464,39.4188261,-76.8088723,Carroll Clean Car Wash,Lat/Lng,-76.8088723,39.4188261,Carroll Clean Car Wash,80012.82751451363,0.0061089642122537,0.0184089419934259,39.53454826860384,45377.85289528663,126369.75646852049,103137.48059292093,13023.9500189994,13730.139147864304,10584.53013904381,3284.6850576582365,1230.9512137667043,342.05374340410344,51387.32817101397,1.6342007241906311,4265.432437814772,3023.2925570699153,2508.4526637764648,1872.095725891064,2578.836962644593,103137.48059292093,126369.75646852049,18449.11685126997,3,Carroll Clean Car Wash,Royal Farms Car Wash,Owings Mills Car Wash,0.310152870343813,Tunnel Car Wash,Express/⛽,www.carrollcleancarwash.com,0.3948624187812817,Tunnel Car Wash,Exterior/⛽,https://royalfarms.com,1.6590727094286284,Tunnel Car Wash,Full-Service/Ext./Detail,No Website,1,Target,1.1323539821704265,,0.0,,0.0,4,0,236,1364,960,1344,1455,889,secondary,80.05940280387554,carrollclean_000464
goshine_000703_5,Go Shine - Gluckstadt,goshine_000703,5,MS,South,111 Dees Wy,32.515023,-90.106685,171958.0,2025.0,14330.0,goshine_000703,32.5167992,-90.1063809,Go Shine,Lat/Lng,-90.1063809,32.5167992,Go Shine,16849.210031249968,0.0747971181502612,0.0823911047789404,37.55535207017783,9143.799779192894,140945.79558285078,116629.08233110233,742.3650595828658,1428.4678108466323,3016.5330064670416,880.4210980111966,366.8074476758484,85.73251474474091,11998.689482241403,2.030922210790633,822.0942395834718,585.1988252490992,641.4771613592748,497.61516485200264,535.9774319622666,116629.08233110233,140945.79558285078,5171.481780825881,1,GoShine Express Car Wash,,,0.0308620291736414,Tunnel Car Wash,Express,www.goshineexpress.com,0.0,,,,0.0,,,,0,,0.0,,0.0,,0.0,0,0,395,4973,3482,4050,3630,1522,tertiary,88.43428795211716,goshine_000703
edgeexpress_000446_8,Edge Express Stafford,edgeexpress_000446,8,VA,South,799 Garrisonville Rd,38.468896,-77.452916,171943.0,2025.0,14329.0,edgeexpress_000446,38.4700052,-77.4534223,Edge Express,Lat/Lng,-77.4534223,38.4700052,Edge Express,51252.589653923555,0.0673521477703382,0.1318525426693549,36.29727276160797,29394.671981518477,172295.4910922931,151477.6245898028,3810.880837954115,3049.190514603164,6642.07473693369,3386.3996567521244,1421.6069050123915,700.743543270044,35682.6842951267,2.3076395129640237,1410.9285301020136,1337.3261700472794,1591.7808006620037,1443.3077255897224,2698.910133185331,151477.6245898028,172295.4910922931,11714.739179140888,5,Edge Express Car Wash,Route 610 Carwash,Edge Express Car Wash (Coming),0.0297610174523264,National Chain,Express ,www.edgeexpresscarwash.com,1.536997399665614,Tunnel Car Wash,Full-service,No website,2.027817133429561,National Chain,Express,www.edgeexpresscarwash.com,3,Walmart USA,1.1566669274935066,Walmart USA,1.919755927560454,Target,2.4608513821225992,1,0,427,3221,2782,3655,3306,1634,primary,90.67865849645024,edgeexpress_000446
rocketwashnc_000309_7,Rocket Wash Mebane,rocketwashnc_000309,7,NC,South,211 Fieldale Rd,36.07598,-79.274999,170021.0,2025.0,14168.0,rocketwashnc_000309,36.0759831,-79.2750705,Rocket Wash,Lat/Lng,-79.2750705,36.0759831,Rocket Wash,25165.111148275784,0.1394662800495194,0.0773885884601845,39.562979508403544,13641.774441020563,101769.70182671172,86492.12010262714,3716.725989442959,3541.1954662661883,3926.764276470145,1967.968610384385,534.4422797997831,180.83561537694183,20340.577046443475,1.9545884198437675,1309.7146618648549,984.3685664024088,685.9232339158771,404.7725634027447,545.7711812547932,86492.12010262714,101769.70182671172,6693.4972068118805,3,Rocket Wash Express,Eastern Auto Spa,Mod Wash,0.0002266128488446,National Chain,Express,www.rocketcarwashexpress.com,0.0854087259114669,Tunnel Car Wash,Full-Service/Ext./Lube,www.easternautospa.net,0.7325132548055105,National Chain,Express,www.modwash.com,1,Walmart USA,0.6341018706210476,,0.0,,0.0,2,0,67,514,497,540,499,261,unclassified,68.82297652066542,rocketwashnc_000309
pridec_000401_3,My Wash Warsaw,pridec_000401,3,IN,Midwest,2685 Escalade Way,41.276719,-85.854204,169250.0,2025.0,14104.0,pridec_000401,41.2762644,-85.8556124,Pride C,Lat/Lng,-85.8556124,41.2762644,Pride C,16266.433912556036,-0.0043935542872437,0.0178615396607566,39.36326763298851,8176.313127398025,76902.44080757536,65348.419412501855,2648.038454282854,2430.5368889149395,2356.749028127815,874.8524852984701,204.4394022822962,44.6585440938361,10809.642730664344,1.6655569632562326,799.2737225065939,328.7243415489211,236.2303604223416,152.13761838251958,115.11766133783384,65348.419412501855,76902.44080757536,3845.916404817195,2,MyWash Car Wash,Tsunami Express Car Wash,,0.0614210326195765,Tunnel Car Wash,Express,www.mywash.club,2.5499268872815497,National Chain,Express,www.tsunamiexpress.com,0.0,,,,1,Walmart USA,0.3278861878570451,,0.0,,0.0,2,0,25,390,492,580,479,203,tertiary,62.23388280143157,pridec_000401
washrite_000380_2,Wash Rite Marietta,washrite_000380,2,OH,Midwest,107 Crooked Run Ln,39.405323,-81.41306,169214.0,2025.0,14101.0,washrite_000380,39.395147,-81.5003474,Wash Rite,Lat/Lng,-81.5003474,39.395147,Wash Rite,10140.780954891585,-0.0376173533755048,-0.0114487289231878,43.89011884469468,4845.328570636455,91744.51534550537,67119.8446226244,1160.3301913489122,1516.3240942640114,1739.834313835716,559.8308654585271,149.23697153886314,153.89537871442735,8041.910098038614,1.8357760034759152,452.1688857469708,277.15636022394756,198.53976137255088,129.09369964437792,166.60025425767526,67119.8446226244,91744.51534550537,3228.923729898117,0,,,,0.0,,,,0.0,,,,0.0,,,,0,,0.0,,0.0,,0.0,0,0,209,1297,909,1201,795,390,trunk,60.82973104268903,washrite_000380
washnroll_000485_3,Wash N Roll Melrose,washnroll_000485,3,TN,South,2640 8th Ave S,36.119663,-86.774441,168541.0,2025.0,14045.0,washnroll_000485,36.1196537,-86.7745102,Wash N Roll,Lat/Lng,-86.7745102,36.1196537,Wash N Roll,103626.27615944024,0.0855797619203852,0.0642985709679516,34.90109848661514,59717.34418772627,157714.3484460308,99097.86715186547,26824.04336488794,22995.228470862843,15563.518067218596,2902.130953609245,1226.20117567759,268.69166727620177,69076.92050521914,1.439956129868149,4222.822505062446,3818.7124224243457,3029.8944023307413,2474.9174970428576,5753.303605981462,99097.86715186547,157714.3484460308,21175.507655406196,4,Wash N' Roll Car Wash,Wash N' Roll Car Wash,Smith Brothers Car Wash,0.0031750404184824,National Chain,Express,www.mywashnroll.com,1.6142006415338774,National Chain,Express,www.mywashnroll.com,2.3077140155041405,Tunnel Car Wash,(Permanently Closed),,1,Walmart USA,0.6637415238248742,,0.0,,0.0,8,2,686,6439,5570,6240,5402,2571,primary,72.6927759763582,washnroll_000485
sonicsuds_000319_4,Sonic Suds Five Forks,sonicsuds_000319,4,SC,South,2836 Woodruff Rd,34.828216,-82.34752,167888.0,2025.0,13991.0,sonicsuds_000319,34.8066415,-82.2228338,Sonic Suds,Lat/Lng,-82.2228338,34.8066415,Sonic Suds,53171.45521322579,0.0649413300204443,0.017825079924862,41.17622392689694,27283.517112951493,165098.41095934823,133106.5379248167,2853.3020947178593,3860.276014905772,8667.292858242989,3670.279269587249,1080.1102063544097,620.1968107939465,39627.124419540865,2.1251621988366742,1992.4554512755712,1814.4549628357636,1816.82875257649,1444.5679347245025,2719.7089930648217,133106.5379248167,165098.41095934823,15845.0939303193,2,Sonic Suds Express Car Wash,Five Forks Express Wash,,0.0702604269566234,Tunnel Car Wash,Express,www.sonicsudswash.com,0.5437545933279578,Tunnel Car Wash,Express/SS/IBA,www.fiveforksexpress.com,0.0,,,,0,,0.0,,0.0,,0.0,4,0,612,5974,4444,5151,5222,2355,secondary,86.99591606691523,sonicsuds_000319
kindcw_000508_1,Kind Car Wash,kindcw_000508,1,IN,Midwest,3106 N National Rd,39.23034,-85.911034,167211.0,2025.0,13934.0,kindcw_000508,39.229497,-85.905272,Kind Car Wash,Lat/Lng,-85.905272,39.229497,Kind Car Wash,43298.96755469298,0.0346385472042185,0.0131328253267931,40.17778560878205,22303.45852660584,98690.73531783502,74865.6510174611,6742.04125660361,6579.693211750477,6889.380380187882,2083.261905302934,825.8672065671999,427.004427553562,32046.730652071652,1.7889826622532474,1872.0946363516268,1366.596899495984,963.4237302808324,645.8335065799765,879.2241782884812,74865.6510174611,98690.73531783502,11272.712656399644,3,Top Dog Car Wash,Crew Carwash - Mike's Express,Top Dog Car Wash,0.2514614285103745,Tunnel Car Wash,Flex,www.topdogcarwash.com,1.594729759949025,National Chain,Express,www.crewcarwash.com,1.9844474824974707,Tunnel Car Wash,Express,www.topdogcarwash.com,2,Target,1.3202297255154114,Walmart USA,2.120970068242108,,0.0,2,0,0,91,113,135,110,14,unclassified,66.91190217139446,kindcw_000508
luvcarwash_000457_4,Rainbow,luvcarwash_000457,4,NV,West,7495 S Rainbow Blvd,36.053869,-115.244284,166369.0,2025.0,13864.0,luvcarwash_000457,36.052427,-115.24378,Luv Car Wash,Lat/Lng,-115.24378,36.052427,Luv Car Wash,136081.1329141277,0.1734517032817296,0.1157951576479,38.7889503231107,79124.77270098546,122013.26009768728,97606.61255906997,21841.712028791328,16148.046575299224,21675.03260036808,6747.3538701904,2492.940693910812,538.6917860753529,92405.3950926266,1.8642685903758784,5755.902925198192,4601.967919871004,3934.396780021947,3074.447058543301,3834.989410142949,97606.61255906997,122013.26009768728,27790.517874277135,13,LUV Car Wash  ,ShowPlace Auto Boutique,Terrible's Car Wash,0.0173907379581974,National Chain,Express,www.luvcarwash.com,0.3275553332404925,Tunnel Car Wash,Full-Service/Ext./Detail/Lube,No Website,0.9352070459309066,National Chain,Express/⛽ ,www.terribles.com,3,Walmart USA,0.8348006278286764,Walmart USA,2.218583530864379,Target,2.8220246355745675,3,1,1339,4478,4501,5373,5284,3698,primary,78.77950120648578,luvcarwash_000457
topwash_000333_1,Top Wash Peachtree,topwash_000333,1,GA,South,5784 Peachtree Industrial Blvd,33.899402,-84.290175,166038.0,2025.0,13836.0,topwash_000333,33.9060451,-84.2947299,Top Wash,Lat/Lng,-84.2947299,33.9060451,Top Wash,96290.34669607144,0.0269705472159296,0.0378942193372057,37.43176339333447,54986.31675914966,145673.76957037876,97735.6442877144,19810.976585570257,17600.876723535708,14507.79593757831,3038.474093529978,623.825319079333,294.58068848773837,59700.095598038286,1.5429115896848145,3802.914150482975,2795.681686604861,2383.5938356622355,1902.6228595640275,4517.424111451255,97735.6442877144,145673.76957037876,18938.199687744956,3,TOP Express Car Wash,Caliber Car Wash ,TOP Express Car Wash,0.0072435825307328,Tunnel Car Wash,Express,www.topexpresscarwash.com,2.0340317930055054,National Chain,Express,www.calibercarwash.com,2.9035304115830174,Tunnel Car Wash, Express,www.topexpresscarwash.com,2,Walmart USA,1.5310732548868715,Walmart USA,2.8781575739458445,,0.0,4,4,1260,9143,7133,7526,7013,3993,trunk,75.57676255876525,topwash_000333
riptideneuse_000337_11,Riptide Shallotte,riptideneuse_000337,11,NC,South,4447 Main St,33.984135,-78.366512,165563.0,2025.0,13797.0,riptideneuse_000337,33.9838152,-78.3677888,Riptide,Lat/Lng,-78.3677888,33.9838152,Riptide,8037.451113406598,0.1647994571168573,-0.0507109972056095,46.06527786750722,3553.7909408073465,100982.69047325155,75149.69770431716,786.7456511727069,981.538585970644,1397.0080547265245,744.4495609707665,130.63508437084965,24.162356954650026,6652.255500592641,1.9613013650823392,346.4374296128517,289.6589563274756,223.038551003905,158.57027940207627,146.6517237595981,75149.69770431716,100982.69047325155,2606.5306660177885,1,The RipTide Car Wash,,,0.0791970982843306,National Chain,Express,https://riptidecw.com,0.0,,,,0.0,,,,1,Walmart USA,0.3420721687158445,,0.0,,0.0,1,0,206,2522,2414,2382,1921,785,primary,65.42163682869105,riptideneuse_000337
detricks_000422_1,Detricks Conway,detricks_000422,1,SC,South,2280 Church St,33.852795,-79.076283,163251.0,2023.0,13604.0,detricks_000422,33.8528886,-79.076195,Detricks,Lat/Lng,-79.076195,33.8528886,Detricks,23384.54546082093,0.204616564217802,0.0281953545934253,42.99391103177147,9747.903392534963,74348.50230463801,55012.73619209639,3356.2057096018107,3724.888523334405,3293.7705646356335,1276.0355579406605,268.5414834062103,100.5380530821858,15717.392525463423,1.659620126699748,822.1164481985616,354.63523076981073,257.5689731274033,292.38994812365854,255.7847916005412,55012.73619209639,74348.50230463801,6122.646069284179,1,Whistle Express Car Wash,,,1.0329403924032607,National Chain,Express,https://whistleexpresscarwash.,0.0,,,,0.0,,,,1,Walmart USA,0.9279725325807904,,0.0,,0.0,3,0,742,3822,3337,3690,3286,2009,trunk,53.10654462181289,detricks_000422
charliescw_000634_1,Charlee's Car Wash,charliescw_000634,1,GA,South,6263 Turner Lake Rd NW,33.603787,-83.876059,162624.0,2025.0,13552.0,charliescw_000634,33.605179,-83.876709,Charlieeu0027s Car Wash,Lat/Lng,-83.876709,33.605179,Charlieeu0027s Car Wash,28686.096657162067,0.1216523451083147,0.0993718364872519,39.108999647535384,14949.258317043015,86222.83232179153,65102.90215211609,4872.549523469061,3900.968839978217,3641.479095562012,1741.1969861097168,473.0075219464488,272.09134843794163,19660.004819406895,1.8225183596133467,1176.2868937269086,603.9815316585591,553.6997264847159,362.0176617511315,354.27417843427975,65102.90215211609,86222.83232179153,5917.1464376071235,3,Charlee's Car Wash,Mister Car Wash,Zips Car Wash ,0.0037606592902827,Tunnel Car Wash,Express,No Website,1.253789766354298,National Chain,Express,www.mistercarwash.com,2.57173306291738,National Chain,Express/SS,www.zipscarwash.com,1,Walmart USA,2.699096078675752,,0.0,,0.0,3,0,208,733,737,1010,993,576,primary_link,60.95174178520873,charliescw_000634
detricks_000422_4,Detricks Glenforest,detricks_000422,4,SC,South,1036 Glenforest Rd,33.754789,-78.96342,162224.0,2025.0,13519.0,detricks_000422,33.754789,-78.96342,Detricks,Lat/Lng,-78.96342,33.754789,Detricks,42779.78951547807,0.2549073462868727,0.1369944550579638,45.082096597229466,20590.87198636681,102702.3399791918,82824.28927247597,4338.266973562539,5830.302684934111,7901.469823148102,2466.492646129802,607.7125953901559,147.56011975184083,32201.371249939548,1.8332966099719556,2251.495664823102,1494.5012933278922,989.6018165210262,674.6803845299874,753.9521491106134,82824.28927247597,102702.3399791918,13232.103842965094,3,Detrick's Car Wash,Beach Buffers Car Wash,Tidal Wave Auto Spa,0.009915910145414,Tunnel Car Wash,Express,www.detrickscarwashinc.com,0.4850587876346708,Tunnel Car Wash,Full-Serve/Ext./Detail/Lube,www.beachbufferscarwash.com,2.5284866970036446,National Chain,Flex,www.tidalwaveautospa.com,1,Walmart USA,2.15365155808491,,0.0,,0.0,4,0,1337,7154,5261,5490,5042,3732,trunk,75.23580150868801,detricks_000422
luvcarwash_000457_44,Dickson City,luvcarwash_000457,44,PA,Northeast,901 Commerce Blvd,41.463347,-75.642816,161798.0,2025.0,13483.0,luvcarwash_000457,41.463164,-75.642049,Luv Car Wash,Lat/Lng,-75.642049,41.463164,Luv Car Wash,48991.01007734536,-0.0094989315460608,0.0072476938311535,43.03392112445935,24463.91656197142,84844.3000726807,65691.51310609137,7956.358629324124,8505.374687842384,6665.927632281033,2218.364940789412,571.7623914958676,180.17859615862835,31680.267321549298,1.564151887845865,2026.2295475968856,1445.137178505538,941.9730180859332,577.3550398448715,705.5428989789216,65691.51310609137,84844.3000726807,12317.484378831983,4,LUV Car Wash,Tommy's Express® Car Wash,Kwik'N'Ezy Car Wash,0.0036237656719437,National Chain,Express,www.luvcarwash.com,0.2880465309606023,National Chain,Express,www.tommys-express.com,2.4176415089870664,Tunnel Car Wash,Exterior/SS,www.kwiknezycarwash.com,2,Walmart USA,0.1674254734768745,Target,0.3531895763036624,,0.0,2,2,109,1684,2997,3252,3211,1362,tertiary,60.15363576903789,luvcarwash_000457
192616splash_13,Maumelle - Audubon Dr,192616splash,13,AR,South,117 Audubon Dr,34.851651,-92.40558,161747.0,2025.0,13479.0,192616splash,34.8516486,-92.4054624,Splash Car Wash,Lat/Lng,-92.4054624,34.8516486,Splash Car Wash,27015.806407439057,0.0346919695173251,0.0606990288117093,40.25552249723314,14971.92836707132,110038.9136933092,81399.29982357219,4596.545185987605,4362.5299352614675,4476.902760280296,1916.349302961491,282.6170455624815,112.27571697719397,20757.23013184243,1.759568367103158,1166.9425749848597,1049.128196763806,756.0861338754185,492.99297187803313,737.7552251515444,81399.29982357219,110038.9136933092,7200.228681921726,1,Zips Car Wash,,,1.424696492105792,National Chain,Express,www.zipscarwash.com,0.0,,,,0.0,,,,1,Walmart USA,1.5107335896428318,,0.0,,0.0,1,0,56,691,667,699,667,280,tertiary,70.92163672141216,192616splash
magictunnel_000072_2,Magic Sidney,magictunnel_000072,2,OH,Midwest,2680 W Michigan St,40.288574,-84.195722,161284.0,2022.0,13440.0,magictunnel_000072,40.2879717,-84.171659,Magic Tunnel Carwash,Lat/Lng,-84.171659,40.2879717,Magic Tunnel Carwash,22152.084433540236,-0.0058683727143489,-0.0087531922762398,41.02829621541376,11598.68521925155,89381.51034358007,68140.38917061222,3478.1201222754316,3333.97832365206,3148.5068394389236,1298.952177554136,520.6871101374272,335.2556883939542,17286.875417711795,1.8985908311119608,889.4740570008289,538.772462767316,415.67778015928343,367.6344786940608,326.4449854263803,68140.38917061222,89381.51034358007,5699.661866837647,1,Tsunami Express Car Wash,,,1.4283630784938672,National Chain,Express,www.tsunamiexpress.com,0.0,,,,0.0,,,,1,Walmart USA,1.1209036953976004,,0.0,,0.0,2,0,115,705,536,635,476,265,tertiary,64.70336163292993,magictunnel_000072
olliewash_000159_1,Ollie Wash Owensboro,olliewash_000159,1,KY,South,3850 Frederica St,37.734787,-87.121231,160469.0,2025.0,13372.0,olliewash_000159,37.734484,-87.1208249,Ollie Wash,Lat/Lng,-87.1208249,37.734484,Ollie Wash,55129.599530978594,0.0023928215775099,0.0087920962570397,40.11747761117173,26159.74893668678,81512.46296066104,58165.572949116424,9702.213988692847,8860.571898151771,7599.082676117541,2568.5753078091657,1139.872124108253,323.8411115685012,37943.15722808987,1.6488835603783858,1977.758185223909,1378.4978544652697,981.8381594086532,721.3005049175117,590.7417372993659,58165.572949116424,81512.46296066104,13350.130878977478,3,Ollie Wash,Cheetah Clean Auto Wash,Sparkle Brite Car Wash,0.003439356803738,Tunnel Car Wash,Express,www.olliewash.com,0.7184827244185641,National Chain,Express,www.cheetahclean.com,0.9580278674768732,Tunnel Car Wash,Full-service/exterior, www.sparklebritecarwash.com,2,Walmart USA,1.015821306983426,Target,1.1858731158755138,,0.0,3,0,0,285,390,387,293,42,unclassified,55.5389272347135,olliewash_000159
luvcarwash_000457_7,Tropicana,luvcarwash_000457,7,NV,West,3650 E Tropicana Ave,36.100598,-115.095574,160400.0,2025.0,13367.0,luvcarwash_000457,36.1006336,-115.0955916,Luv Car Wash,Lat/Lng,-115.0955916,36.1006336,Luv Car Wash,169504.243524411,0.0026929681260113,-0.044854890566341,40.84228568389965,89170.10472276295,81609.28940632909,63503.356749605446,39036.260469639674,28476.99684930756,19829.50715100742,7903.1846303753555,2112.1457711555995,762.1387777564814,104104.84201585328,1.532330846327409,6253.360854469938,4159.584496528725,2996.6276443281677,1823.317605217453,1840.6445613029648,63503.356749605446,81609.28940632909,29033.964736950817,14,LUV Car Wash,Oasis Hand Car Wash,Terrible's Car Wash ,0.0009889787542892,National Chain,Express,www.luvcarwash.com,1.0030734762330271,National Chain,Full-Service/Ext./Detail/⛽,www.oasishandcarwash.com,1.5733111397024977,National Chain,Exterior/⛽,www.terribles.com,4,Walmart USA,0.7203780824429411,Walmart USA,1.8977106880660315,Walmart USA,2.0314524369213554,2,0,1857,6839,4187,4313,3611,2535,primary,60.99326186382452,luvcarwash_000457
sammysexpresscw_000254_1,Big Sammy's Car Wash Maple Shade,sammysexpresscw_000254,1,NJ,Northeast,491 Route 38 W,39.942626,-74.990121,160114.0,2025.0,13343.0,sammysexpresscw_000254,39.942724,-74.990216,Sammyu0027s Express Car Wash,Lat/Lng,-74.990216,39.942724,Sammyu0027s Express Car Wash,86613.6535524478,0.0310781099809567,0.0130387328764722,42.52744876828583,47503.9401538457,143552.63731769507,106884.94833968184,10662.443173952168,12606.70833838568,13278.889893349491,4162.812951277476,1648.9215499880956,560.489806269994,61051.06221021945,1.7801850841579745,3780.360274271923,2795.126665496966,2782.587393563357,2199.7279282907257,3721.970732025337,106884.94833968184,143552.63731769507,23661.273471097695,11,Sammy's Express Car Wash,Elite Auto Spa,Auto Shine Car Wash,0.0151714336406028,Tunnel Car Wash,Express,www.sammyscw.com,1.0505485162773105,Tunnel Car Wash,Exterior,www.eliteautospanj.com,1.0696771479624931,Tunnel Car Wash,Flex/Detail,www.autoshine.com,3,Walmart USA,1.616129111942438,Target,1.913601968335023,Walmart USA,2.8920576490078584,4,5,875,7486,5142,5901,5232,2457,trunk,77.67603919786606,sammysexpresscw_000254
washnroll_000485_2,Wash N Roll Bellevue,washnroll_000485,2,TN,South,7128 Hwy 70 S,36.07446,-86.923899,159095.0,2025.0,13258.0,washnroll_000485,36.074531,-86.923798,Wash N Roll,Lat/Lng,-86.923798,36.074531,Wash N Roll,42807.87740247394,0.0079384907658319,-0.0246640075828163,40.91163246105185,25247.86293924856,133537.21495188778,99292.13856896102,7603.749637188623,8434.03703720076,8234.16241668025,2087.6110532965977,668.7148803588934,129.72596799302846,34488.68439185177,1.7159397317721272,2234.119232924888,1767.9847261221148,1448.36717029172,1164.8068641405553,1891.9540385357104,99292.13856896102,133537.21495188778,12531.97177101206,2,Wash N' Roll Car Wash,Club Car Wash,,0.0086491192628069,National Chain,Express,www.mywashnroll.com,0.0313018896557854,National Chain,Express,www.clubcarwash.com,0.0,,,,0,,0.0,,0.0,,0.0,5,0,740,6637,5502,6111,5459,2526,primary,79.39433590744224,washnroll_000485
luvcarwash_000457_3,Blue Diamond,luvcarwash_000457,3,NV,West,4620 Blue Diamond Rd,36.03475,-115.204548,159017.0,2025.0,13251.0,luvcarwash_000457,36.034755,-115.20456,Luv Car Wash,Lat/Lng,-115.20456,36.034755,Luv Car Wash,114094.64000640108,0.1683462920172188,0.117774532505824,39.48493272956466,66156.69296262602,129358.12434955638,101875.9228514325,17940.28027533809,13285.720250068043,16424.68939912496,6820.035551762645,2058.5077791732474,857.4790220437935,79116.63193051785,1.9223724072225348,4737.0052432058,3727.600857710844,3238.489757365336,2683.2123392417707,3700.9845587212258,101875.9228514325,129358.12434955638,23331.029178864024,9,LUV Car Wash,BLISS Car Wash,Global Truck Wash,0.0008895838676067,National Chain,Express,www.luvcarwash.com,0.2911734068431945,Tunnel Car Wash,Express,www.blisscarwash.com,1.0212655975945537,Tunnel Car Wash,Full-Service/Ext./Detail/IBA,www.globaltruckwash.com,2,Target,0.6630009125420535,Walmart USA,2.4927579213946203,,0.0,2,0,2672,11194,6950,6916,6063,3760,trunk,78.64023391273497,luvcarwash_000457
riptideneuse_000337_15,Riptide Royal Oaks,riptideneuse_000337,15,TN,South,230 S Royal Oaks Blvd,35.9095,-86.831199,158496.0,2025.0,13208.0,riptideneuse_000337,35.9091264,-86.8308782,Riptide,Lat/Lng,-86.8308782,35.9091264,Riptide,54613.1653183992,0.1012717386598107,0.071077339052481,40.28809207872581,30937.675805370964,168918.74097323391,133024.34066608502,6693.009269199334,5947.650562185328,10204.503823985346,3476.4490314319264,1005.8118472089992,230.63227378763256,41962.41406222596,1.9403059022043685,2439.5650212522596,2088.5950149765704,1837.983489458682,1518.7690358094403,3390.462865288602,133024.34066608502,168918.74097323391,14971.437299522106,3,The RipTide Car Wash,Safari Express CarWash,Wash N' Roll Car Wash,0.0340492442450019,National Chain,Express,www.riptidecw.com,0.388471494144232,Tunnel Car Wash,Full-Service/Ext./Detail,No Website,2.4583513336922724,National Chain,Express,www.mywashnroll.com,1,Walmart USA,2.17255152060409,,0.0,,0.0,8,1,291,3696,2758,2789,2075,711,secondary,86.1509982306212,riptideneuse_000337
newdaycw_000610_1,101 Vestavia Hills,newdaycw_000610,1,AL,South,4740 Cahaba River Rd,33.431792,-86.73551,158323.0,2025.0,13194.0,newdaycw_000610,33.4318188,-86.7368123,New Day Car Wash,Lat/Lng,-86.7368123,33.4318188,New Day Car Wash,52106.13028305449,0.020117113973257,0.0491131103819704,40.201397865789794,28006.573208393704,164372.2527965659,111311.85692322878,9548.005603218684,8478.62040994619,9358.084767043998,3157.8886879084166,811.4434949773131,437.7895954067353,42103.177964702365,1.8222967262478125,2199.751931359584,1932.7723787048017,1823.9100444598007,1969.5391997157712,2587.4650951765943,111311.85692322878,164372.2527965659,13557.726397537452,4,New Day Car Wash,Mister Car Wash,Dirty Dog's Car Wash,0.0685643478455752,Tunnel Car Wash,Express,www.newdaycarwash.com,1.6738793765626958,National Chain,Full-service,www.mistercarwash.com,1.7958678993148285,National Chain,Express,www.dirtydogscarwash.com,1,Target,1.472014385746943,,0.0,,0.0,6,1,323,2903,2310,2657,2256,870,secondary,81.11954990137586,newdaycw_000610
192616splash_16,Sherwood - E Kiehl Ave,192616splash,16,AR,South,3610 E Kiehl Ave,34.83218,-92.192783,157599.0,2025.0,13133.0,192616splash,34.831671,-92.192403,Splash Car Wash,Lat/Lng,-92.192403,34.831671,Splash Car Wash,39287.00871938991,0.0097411672084035,0.020677813977562,41.65585902900561,19483.445136503084,100326.14370878407,83369.23604960559,5341.395233652438,5541.744871986215,6895.761685752193,2723.8230772837996,654.6388961260673,245.02214761264625,31348.4037979095,1.8848931299032847,2336.3227200122783,1402.495442035608,932.7625894829398,658.2398970035138,801.3764411679003,83369.23604960559,100326.14370878407,11294.775434139416,3,Splash Car Wash,Take 5 Car Wash ,Zips Car Wash,0.0018445966206824,National Chain,Express,www.cleancarfast.com,1.753176035218223,National Chain,Express,www.take5.com,2.2127938652780803,National Chain,Express,www.zipscarwash.com,2,Walmart USA,2.3229205929281815,Walmart USA,2.5738685534341506,,0.0,3,0,432,3665,3037,3411,2989,1380,secondary,70.76583451628278,192616splash
happycarwash_000394_3,Happy's Vancouver,happycarwash_000394,3,WA,West,1316 NE 134th St,45.718651,-122.657629,156830.0,2025.0,13069.0,happycarwash_000394,45.7186807,-122.657839,Happy Car Wash,Lat/Lng,-122.657839,45.7186807,Happy Car Wash,78868.20279359492,0.0548954609169661,0.0551074578523529,42.7438501486366,41435.51790439035,143464.7684125271,114637.4186434185,7990.584538487485,7866.535390556557,12776.10250209528,4843.641640580725,2357.279988556634,933.9623300947716,62048.59692118969,2.0918317453359023,3282.544011515798,2772.268108222168,2693.4871446192265,2280.2827797965147,3242.0923824487254,114637.4186434185,143464.7684125271,21811.84514784254,3,Happy's Drive-Thru Car Wash,VP Car Wash,Fox Full Service Car Wash,0.0073063972118769,National Chain,Express/Lube,www.happyswash.com,1.797432832142106,Tunnel Car Wash,Exterior/⛽,,2.588845820215832,Tunnel Car Wash,Full-Serve/Ext./Detail/⛽ ,www.facebook.com,2,Walmart USA,2.2311085822708527,Target,2.3250988260114585,,0.0,4,0,492,4875,4044,4441,3472,1446,secondary,81.19511377103419,happycarwash_000394
