site_key,performance_group,panel_name,client_id,site_id,state,region,city,panel_lat,panel_lon,annual_washes,annual_year,monthly_washes,months_obs,Name,Latitude,Longitude,client_name,_Match,__longitude,__latitude,__name,2025 Estimate,Growth 2025-2020,Growth 2030-2025,2025 Average Age,Labor Force,Average Household Income,Median Household Income,Renter-Occupied,1 vehicle,2 vehicles,3 vehicles,4 vehicles,5 or more vehicles,Total Vehicles Available in the Market,Average Number of Vehicles Available,"$100,000 to $124,999","$125,000 to $149,999","$150,000 to $174,999","$175,000 to $199,999","$200,000 to $249,999",Median Household Income.1,Average Household Income.1,Current Year Estimated Owner-Occupied Housing Units by Value,Count of Car Wash Competitors,Nearest Car Wash Competitors-Name,2nd Nearest Car Wash Competitors-Name,3rd Nearest Car Wash Competitors-Name,Nearest Car Wash Competitors-Distance,Nearest Car Wash Competitors-Competitor Type,Nearest Car Wash Competitors-Car Wash Type,Nearest Car Wash Competitors-Website,2nd Nearest Car Wash Competitors-Distance,2nd Nearest Car Wash Competitors-Competitor Type,2nd Nearest Car Wash Competitors-Car Wash Type,2nd Nearest Car Wash Competitors-Website,3rd Nearest Car Wash Competitors-Distance,3rd Nearest Car Wash Competitors-Competitor Type,3rd Nearest Car Wash Competitors-Car Wash Type,3rd Nearest Car Wash Competitors-Website,Count of ChainXY VT - Mass Merchant,Nearest ChainXY VT - Mass Merchant-Chain Name,Nearest ChainXY VT - Mass Merchant-Distance,2nd Nearest ChainXY VT - Mass Merchant-Chain Name,2nd Nearest ChainXY VT - Mass Merchant-Distance,3rd Nearest ChainXY VT - Mass Merchant-Chain Name,3rd Nearest ChainXY VT - Mass Merchant-Distance,Count of ChainXY VT - Grocery,Count of ChainXY VT - Department Store,Nearest StreetLight US Hourly-ttl_overnight,Nearest StreetLight US Hourly-ttl_breakfast,Nearest StreetLight US Hourly-ttl_lunch,Nearest StreetLight US Hourly-ttl_afternoon,Nearest StreetLight US Hourly-ttl_dinner,Nearest StreetLight US Hourly-ttl_night,Nearest StreetLight US Hourly-Highway,2025 % HH with Income $50K+,client_id_1
expressway_1,bottom100,EXPRESSWAY 55,expressway,1,NY,Northeast,800 Motor Pkwy,40.805424,-73.233131,26908.0,2025.0,2242.0,77,expressway,40.8055574,-73.2334848,Expressway 55,Lat/Lng,-73.2334848,40.8055574,Expressway 55,117295.9575921602,0.0055116845972642,0.0069714314528923,39.18967830583735,33136.36673306022,146863.9596357233,118190.73435545452,6796.514727529604,7597.549857475795,11348.513395427492,5624.296919404762,2636.7032091931906,1432.676922007464,64877.66485335515,2.15056026101021,3340.0846491262782,2929.317540736869,2736.2645579369273,2119.650423125131,3624.079699633876,118190.73435545452,146863.9596357233,23550.425397098996,2,Expressway 55 Car Wash,Wash N Roll Car Wash,,0.0014416994592434,Tunnel Car Wash,Full-Service,www.expressway55carwash.com,1.5259314113107374,Tunnel Car Wash,,,0.0,,,,3,Target,2.786372273004896,Walmart USA,2.891984675312129,Walmart USA,2.959239898686726,1,0,667,1744,1643,2356,2180,1480,secondary,83.1547644500751,expressway
snappyscarwash_000115_3,bottom100,Snappy Cicero,snappyscarwash_000115,3,IL,Midwest,3150 S Cicero Ave,41.835095,-87.744074,26662.0,2025.0,2222.0,72,snappyscarwash_000115,41.8351233,-87.744067,Snappy Car Wash,Lat/Lng,-87.744067,41.8351233,Snappy Car Wash,327389.63664849347,-0.0154465084139831,-0.0155002860874708,37.39478917300271,158862.8586786628,84741.2913818661,64499.879407403096,50950.27063868946,38577.13589381807,27805.096137553595,11999.148022906673,3880.5100805091206,1337.9870373321571,152396.74774634256,1.5003435299488035,10109.15799461456,7013.926399389671,4789.369460438831,3520.42036660309,3289.794854359019,64499.879407403096,84741.2913818661,50673.395422910544,11,Snappy Car Wash,The Pride of Cicero Car Wash,Fuller's Car Wash,0.0255317671382617,Tunnel Car Wash,Express/petrol/c-store,no website,0.0365423683971661,Tunnel Car Wash,Express/petrol/c-store,www.thepridestores.com/cicero/,0.3272191458099096,National Chain,Express,www.fullerscarwash.com,3,Walmart USA,0.3179767892826049,Target,0.3430714212824512,Target,1.9345192801181317,6,0,5447,10393,6905,7556,7623,7102,primary,61.03318401687313,snappyscarwash_000115
apple_000012_1,bottom100,Apple W&L,apple_000012,1,TX,South,22355 Bellaire Blvd,29.700886,-95.689826,26396.0,2025.0,2200.0,78,apple_000012,29.6915283,-95.7667846,Apple Car Wash u0026 Lube Center,Lat/Lng,-95.7667846,29.6915283,Apple Car Wash u0026 Lube Center,106127.27475081304,0.1980816627216364,0.139944196967419,36.70623236525081,57317.45219202381,161612.97397209305,137614.23622816365,7632.727500400739,7305.031875342946,16750.940077419742,6051.95514029311,1583.4824755288428,880.5405885941582,69699.41029614792,2.0853978794128865,3201.9244538763305,3520.2392441720003,3248.4977439107606,3584.1122585388366,4550.499229681562,137614.23622816365,161612.97397209305,25789.868247021222,4,Apple Car Wash & Lube,WhiteWater Express Car Wash,Whitewater Express Car Wash,0.003591271293342,Tunnel Car Wash,Full-service/detail/lube,www.applecarwashusa.com,1.8667445304011745,National Chain,Express,www.whitewatercw.com,2.2876586894819946,National Chain,Express,www.whitewatercw.com,1,Walmart USA,0.4818990962017003,,0.0,,0.0,5,0,311,1834,1625,2130,2299,1470,secondary,85.36550058345948,apple_000012
nicholasville_1,bottom100,THOMAS CAR WASH,nicholasville,1,KY,South,218 Blueberry Ln,37.891331,-84.56775,26341.0,2025.0,2195.0,78,nicholasville,37.8913661,-84.5677961,Nicholasville Cw,Lat/Lng,-84.5677961,37.8913661,Nicholasville Cw,33028.213580947195,0.0809593999173978,0.0679986277951009,38.50334234455373,16520.998674398754,92983.27964809032,73536.34474512054,4667.06577854458,4145.261062015314,5466.314788999967,1674.8671091225697,399.5382543011219,299.9549421608099,23200.419695391494,1.8753156247205731,1525.0862823514035,1077.7827588870423,653.0366522732074,413.9893713671481,366.7313086707727,73536.34474512054,92983.27964809032,7744.191630499787,3,Thomas Car Wash,Clean Sweep Car Wash,Childers Oil,0.0049417972396296,Tunnel Car Wash,Full-Serve/Ext.,www.thomascarwash.com,0.9306142389119104,Tunnel Car Wash,Express,https://cleansweepcarwash.com,2.7778080400379612,Tunnel Car Wash,,,1,Walmart USA,0.6257112941627734,,0.0,,0.0,1,0,541,3544,3185,3397,3482,2074,primary,66.51855532711383,nicholasville
hurricane_1,bottom100,WASHWORKS EXPRESS,hurricane,1,TX,South,601 E King Ave,27.515375,-97.861569,26259.0,2025.0,2188.0,78,hurricane,27.5153194,-97.8615725,Washworks Express,Lat/Lng,-97.8615725,27.5153194,Washworks Express,24935.489212732995,-0.0245150682658204,0.0306183310889063,36.66968137088009,12413.856887711445,72750.21139031305,59224.93895613309,4757.3898551493185,3608.5808257379103,3463.312215867918,1149.8968338585692,347.46373674296774,79.96681526489556,15774.584782345804,1.7180919739725249,920.8014016868548,646.5967336798785,437.0064214178128,283.57101245829836,171.89138696051668,59224.93895613309,72750.21139031305,4446.765111230314,1,WashWorks Express,,,0.0020270276316913,Tunnel Car Wash,Express,www.weashworksexpress.com,0.0,,,,0.0,,,,1,Walmart USA,1.855364430654889,Walmart USA,1.855364430654889,,0.0,0,0,8,54,64,74,83,41,tertiary,56.40209173393332,hurricane
localcarwash_000028_1,bottom100,Local Car Wash,localcarwash_000028,1,PA,Northeast,331 W Loudon St,39.935767,-77.666634,25918.0,2025.0,2160.0,78,localcarwash_000028,39.9362195,-77.6671781,Local Car Wash,Lat/Lng,-77.6671781,39.9362195,Local Car Wash,35649.4330051369,0.0314609435557105,0.0264064893428417,41.610287064265286,17714.20105424861,92618.44237640598,72471.18254519024,6550.776029735804,5855.9233096971875,4709.920328598644,1855.00588016666,668.7857370362035,374.46790047571994,25388.26405791787,1.7442379825655898,1372.338994706166,938.531100982218,804.3756165903178,618.6046609411133,596.9707779680612,72471.18254519024,92618.44237640598,8039.663427814783,3,The Local Car Spot Company,Rain Tunnel Car Wash,Tommy’s Express® Car Wash,0.0023209708394167,Tunnel Car Wash,Flex/detail,www.thelocalcarspot.com,1.626716431995999,Tunnel Car Wash,Express/IBA/SS/,www.raintunnelwash.com,1.6899364093805511,National Chain,Express,www.tommys-express.com,1,Target,1.9366380724184191,,0.0,,0.0,1,0,594,2692,1895,2078,1843,888,trunk,69.02835915361023,localcarwash_000028
polishedpeachcw_000288_1,bottom100,Polished Peach Car Wash,polishedpeachcw_000288,1,GA,South,1490 Towne Lake Pkwy,34.105735,-84.54331,25807.0,2024.0,2151.0,54,polishedpeachcw_000288,34.1056969,-84.5432746,Polished Peach Car Wash,Lat/Lng,-84.5432746,34.1056969,Polished Peach Car Wash,71511.80156190135,0.096571309300946,0.0687171939002714,40.03166933626733,41739.41746779508,134634.57200172613,110783.75957420882,8110.843121482525,8044.187150174752,11780.18295580498,4608.358772061532,1236.6618314182851,623.5951976424549,53494.25269185472,1.996852888678775,3544.140373398084,2632.9651250024326,2231.4870247037616,2068.9502849434502,2497.2968754752073,110783.75957420882,134634.57200172613,18698.277312741615,8,Grease Monkey Car Wash,Zips Car Wash,Aqua Breeze Car Wash,0.0009810077335586,Tunnel Car Wash,Express/Lube,www.greasemonkey.com,0.9451102160136932,National Chain,Express,www.zipscarwash.com,1.5042011302864182,Tunnel Car Wash,Express,www.aquabreezecarwash.com,2,Target,1.412894658714335,Walmart USA,2.4178161767560837,,0.0,6,0,551,4979,4296,4795,4803,2633,secondary,80.08249368634851,polishedpeachcw_000288
alpineshell_000609_1,bottom100,Alpine Express,alpineshell_000609,1,CA,West,2235 Alpine Blvd,32.835124,-116.765505,25650.0,2025.0,2138.0,29,alpineshell_000609,32.835188,-116.765481,Alpine Shell,Lat/Lng,-116.765481,32.835188,Alpine Shell,14829.117863869644,-0.0294445843482698,0.005816237168856,43.768913459951456,7389.347395674325,150412.6918768137,127049.38310672004,1549.214227631688,1121.1414715016726,2024.0870152979624,1210.7314356651625,521.1171397657599,323.93123928038403,12505.634564558044,2.3693252808782894,667.4468144539278,553.5705158854835,482.4885434419848,447.22852664766833,686.9329941547476,127049.38310672004,150412.6918768137,3780.8131714884657,0,,,,0.0,,,,0.0,,,,0.0,,,,0,,0.0,,0.0,,0.0,0,0,284,2276,1781,2038,1548,722,secondary,82.77867775461766,alpineshell_000609
cleancarwash_000496_1,bottom100,Mr Suds Express Car Wash II,cleancarwash_000496,1,FL,South,3975 N Federal Hwy,26.385412,-80.076956,25115.0,2025.0,2093.0,43,cleancarwash_000496,26.385582,-80.076998,Clean Car Wash,Lat/Lng,-80.076998,26.385582,Clean Car Wash,62404.05136393802,0.0530160565181861,0.0315125760543609,46.09005369787464,30578.045617130814,180011.92075212923,111786.10714512636,9401.216315956786,12721.912265321473,10183.821152901975,1881.2073477313388,720.5436760992743,264.0156867369078,42935.42975240107,1.5820449244560713,2829.118309948826,2185.9092850447632,1757.9554820738267,1584.94056774606,3679.550977942068,111786.10714512636,180011.92075212923,17797.226000688504,6,Clean Car Express,Ultra Sonic Hand Car Wash,Boca Mart,0.008116251697365,Tunnel Car Wash,Full-Servie/Ext./Detail/Petrol,No website,0.3261531278475147,Tunnel Car Wash,Full-Service/Ext./Detail,www.ultrasoniccarwash.com,0.685377000835087,Tunnel Car Wash,Exterior/Petrol,www.exxon.com,1,Walmart USA,2.806784400802784,,0.0,,0.0,6,1,154,1527,1576,1440,1324,691,secondary,77.08635484728696,cleancarwash_000496
1003625superspray_1,bottom100,SUPER SPRAY,1003625superspray,1,OK,South,1581 S Muskogee Ave,35.8957,-94.976267,24759.0,2025.0,2063.0,78,1003625superspray,35.8956996,-94.9762675,Super Spray,Lat/Lng,-94.9762675,35.8956996,Super Spray,19864.043481180677,0.0055467827923792,0.0281880811065162,37.15807422941083,9488.300326708006,81372.7849705824,58101.544292028746,3884.976190003217,2738.7593650773633,2843.026582562481,1160.0751282337587,272.2424111026339,110.02070763311347,13544.111097479705,1.7553489536475482,664.6225197747117,476.95710660750046,215.02761003107295,204.41035445046143,201.68729778390843,58101.544292028746,81372.7849705824,3858.27606343152,2,Buff It Auto Wash,Big Splash Carwash,,0.5968150496414931,Tunnel Car Wash,Express,No website,1.4033732509874042,Tunnel Car Wash,Express,www.bigsplashcarwash.com,0.0,,,,1,Walmart USA,0.5254186797465994,,0.0,,0.0,0,0,191,2197,2375,2252,1964,984,secondary,56.41606053144029,1003625superspray
sandiegocarcare_000024_1,bottom100,Costa Verde,sandiegocarcare_000024,1,CA,West,8505 Costa Verde Blvd,32.866987,-117.21594,24413.0,2025.0,2034.0,78,sandiegocarcare_000024,32.8677631,-117.2153321,San Diego Car Care Costa Verde,Lat/Lng,-117.2153321,32.8677631,San Diego Car Care Costa Verde,96010.4587392318,-0.0122479645716259,0.003311791721481,37.716827768684965,51855.14477176033,158041.48130373724,119246.35628807783,20044.430080937334,14028.148053330253,13415.586735227029,4010.5441411542706,1234.9216490093386,439.2552501241444,60026.9167939052,1.675215312181408,3263.10925966769,2614.1786115688737,2676.607854247326,2618.2791564045474,5210.6484158387175,119246.35628807783,158041.48130373724,15874.018738994258,4,Costa Verde Car Wash/San Diego Car Care,Stars & Stripes Car Wash,Americana Hand Car Wash & Deta,0.078425903104203,Tunnel Car Wash,Full-Service/Ext./Detail/⛽ ,www.sandiegocarcare.com,1.838716929328869,Tunnel Car Wash,Flex/Detail/⛽ (Hand Wash),www.carwashsd.com,1.9706975919378673,Tunnel Car Wash,Full-Service/Detail/Petrol (Ha,www.americanacarwash.com,1,Target,1.4926931752730472,,0.0,,0.0,2,3,299,1093,1462,2294,1905,1108,secondary,79.63649380773425,sandiegocarcare_000024
mrcleancw_000329_18,bottom100,Mr Clean Dahlonega,mrcleancw_000329,18,GA,South,45 Morrison Moore Pkwy W,34.525735,-83.978974,24368.0,2025.0,2031.0,27,mrcleancw_000329,34.525637,-83.9789998,Mr Clean Car Wash,Lat/Lng,-83.9789998,34.525637,Mr Clean Car Wash,10837.312966100522,0.0399173496341341,0.0491461626210126,35.110475655788726,5074.2226721261395,98825.27114775768,76168.1763168888,1353.816766147851,793.4184348447016,1151.9094730206998,759.427909830818,174.29386206006166,62.88942760403734,6387.143696638988,2.1240682032699465,306.75893324043136,206.64318118640224,123.91659730742684,187.99504891072863,176.02999303268734,76168.1763168888,98825.27114775768,1653.2902926621027,0,,,,0.0,,,,0.0,,,,0.0,,,,1,Walmart USA,0.9728220053435668,,0.0,,0.0,0,0,0,0,0,0,0,0,unclassified,67.08257661326012,mrcleancw_000329
lathroparcocw_000241_1,bottom100,Lathrop Arco Car Wash,lathroparcocw_000241,1,CA,West,2050 Crestwood Ave,37.825176,-121.220685,24210.0,2025.0,2018.0,71,lathroparcocw_000241,37.825928,-121.2203029,Lathrop Arco Car Wash,Lat/Lng,-121.2203029,37.825928,Lathrop Arco Car Wash,68161.4317107671,0.0624989358908347,0.1041008706858303,40.91707633742316,32594.664225084707,122222.4375474828,98264.24081621307,8914.849988793954,5458.319598086644,8014.400405809516,5038.676014170516,2157.7686752988957,1147.538068773225,50971.91349727893,2.2523169914491032,2695.8227628241293,2053.319066794822,1742.1542260844726,1439.566869832575,1838.2501771883108,98264.24081621307,122222.4375474828,13914.654554845069,6,Manteca Express Wash,Mister Car Wash,Quicki Kleen Car Wash,0.0198727511838009,Tunnel Car Wash,Express/⛽ ,www.mantecaexpresswash.com,0.7358443038054567,National Chain,Express,www.mistercarwash.com,2.072021368023379,Tunnel Car Wash,Full-Service/Ext./⛽ ,www.facebook.com,2,Target,2.533172726699406,Walmart USA,2.7963425621176703,,0.0,1,0,198,915,626,737,604,367,tertiary,78.82230119989673,lathroparcocw_000241
arcowash_000251_1,bottom100,Arco Wash,arcowash_000251,1,OR,West,4433 Lancaster Dr NE,44.983614,-122.984086,24182.0,2025.0,2015.0,61,arcowash_000251,44.9835651,-122.9839152,Arco Wash,Lat/Lng,-122.9839152,44.9835651,Arco Wash,102119.59522270045,0.0130500232031515,0.0429967589716189,38.36045519786542,50908.426544705115,85322.33576726353,71440.26522607337,17636.757844217005,10914.038144270771,13698.498862702285,5456.432674986194,1739.658834097092,796.9387467664201,65623.66296485439,1.8374828401355583,4076.8891510451217,2684.211584159988,1937.0299210633384,1294.7218399615958,897.402140559163,71440.26522607337,85322.33576726353,18229.16004324064,4,Splash wash,Magic Touch,Washman Car Wash,0.0215226628517958,Tunnel Car Wash,Full-service/ext./⛽ ,www.splashwashsalem.com,2.130848485657682,Tunnel Car Wash,Full-service/ext./detail ,www.magictouchsalem.com,2.2859717214917015,National Chain,Express,www.washmanusa.com,2,Walmart USA,1.3189237639110247,Target,2.0887102018829906,,0.0,2,1,467,2121,2162,2544,2332,1540,primary,65.94953119105458,arcowash_000251
seawaycarwash_000181_3,bottom100,Seaway Car Wash South #2,seawaycarwash_000181,3,VT,Northeast,1341 Shelburne Rd,44.43221,-73.211566,24106.0,2025.0,2009.0,78,seawaycarwash_000181,44.432247,-73.211555,Seaway Car Wash,Lat/Lng,-73.211555,44.432247,Seaway Car Wash,35430.30158004584,0.0181706282028299,0.0199713517385168,38.851784818381766,19739.4401664146,150556.50453675372,112069.99895141798,6152.802634754567,5440.140814755927,5600.790834145329,1149.8964685134124,268.47594122355804,23.444699650164697,21282.53915173188,1.556536202411777,1276.980878666509,995.1527037236956,1007.2916830520844,1014.4436661864748,1771.371520669141,112069.99895141798,150556.50453675372,7522.779801639903,1,Splash Car Wash,,,1.060929256093066,National Chain,Express,https://splashcarwashes.com,0.0,,,,0.0,,,,1,Target,2.727464750172407,,0.0,,0.0,1,1,449,3282,2677,2911,2194,1040,trunk,77.33917680015186,seawaycarwash_000181
expresstunnelcw_000348_1,bottom100,Express Tunnel Carwash,expresstunnelcw_000348,1,NSW,,63 Durham St,-33.416188,149.584141,23850.0,2025.0,1988.0,55,expresstunnelcw_000348,-33.4161878,149.5841411,Express Tunnel,Lat/Lng,149.5841411,-33.4161878,Express Tunnel,0.0,0.0,0.0,0.0,0.0,0.0,0.0,0.0,0.0,0.0,0.0,0.0,0.0,0.0,0.0,0.0,0.0,0.0,0.0,0.0,0.0,0.0,0.0,0,,,,0.0,,,,0.0,,,,0.0,,,,0,,0.0,,0.0,,0.0,0,0,0,0,0,0,0,0,,0.0,expresstunnelcw_000348
soapmyride_000113_1,bottom100,Soap My Ride,soapmyride_000113,1,KY,South,3156 Nashville Rd,36.949013,-86.476866,23031.0,2025.0,1919.0,78,soapmyride_000113,36.948398,-86.4771441,Soap My Ride,Lat/Lng,-86.4771441,36.948398,Soap My Ride,60452.18232477596,0.1118666535172875,0.0576117569981723,35.23896835920616,32656.967988855205,82216.4244209209,60797.61652650894,10862.716352735411,8504.981563701236,8387.569203404651,2824.8138150529703,957.901395527122,346.35650595638435,39317.94952755986,1.7372696648379364,2146.867573877913,1405.7827373972395,871.1259696561028,577.702736097679,751.9749120762572,60797.61652650894,82216.4244209209,11812.220610184944,5,Soap My Ride,Zips Car Wash,Waterworks Auto Wash,0.0045783015082228,Tunnel Car Wash,Express/SS/IBA,www.soapmyride.com,1.0716756645176917,National Chain,Express,www.zipscarwash.com,1.0880174491720578,Tunnel Car Wash,Express/detail,www.waterworksbg.com,3,Target,2.2939641956718138,Walmart USA,2.40737893831135,Walmart USA,2.6794164369075086,3,2,1052,7308,6013,6645,5776,2837,primary,58.07745721205133,soapmyride_000113
superiorcarwash_1,bottom100,MZX SUPERIOR CAR WASH & LUBE,superiorcarwash,1,TX,South,5614 Hwy 6 N,29.860167,-95.644515,22655.0,2025.0,1888.0,78,superiorcarwash,29.860008,-95.644403,Superior Hwy 6 Carwash,Lat/Lng,-95.644403,29.860008,Superior Hwy 6 Carwash,132635.01859531505,0.0476782715513714,0.0261671979921447,38.337146043775086,73858.87913746899,115437.73583649666,88396.90629036314,14268.764031441184,11861.779448750196,19055.053281581266,8235.845813544001,2693.178456348134,1211.768707359908,91510.9808147368,2.082221889991577,4909.672073759837,3849.347261232557,3013.6978971525095,2251.613426684169,2753.282104148995,88396.90629036314,115437.73583649666,29707.843022014713,11,MZX Superior Car Wash,Mister Car Wash ,Quick N Clean,0.0139963738902021,Tunnel Car Wash,Full-Service/Ext./Detail/Lube,www.mzxcarwash.com,0.1666479015855773,National Chain,Express,www.mistercarwash.com,0.7288688855535604,National Chain,Express,www.quicknclean.net,3,Walmart USA,1.0896269038490884,Target,1.2112577160233444,Walmart USA,1.2558824088769422,3,0,148,270,298,345,390,362,primary_link,77.81183737596757,superiorcarwash
190490pauls_1,bottom100,PAUL'S HINGHAM CAR WASH,190490pauls,1,MA,Northeast,25 Summer St,42.24557,-70.882402,22559.0,2025.0,1880.0,78,190490pauls,42.245707,-70.881781,Paulu0027s Hingham Car Wash,Lat/Lng,-70.881781,42.245707,Paulu0027s Hingham Car Wash,30419.542974793814,0.0028200372515191,0.0002578636300046,45.57983768856233,16982.31976410246,250499.11872107544,168274.79118568552,2436.051002634689,4157.8005853695795,5479.5446819763165,1521.8015825056937,649.4335639944766,143.020978665445,22995.133846144425,1.8586348716505203,863.7184834897052,800.2208461086266,854.0847538881935,727.7686401202809,2937.186459271703,168274.79118568552,250499.11872107544,9972.32755588158,2,Hingham Car Wash,Super Shine Auto Wash,,0.0253613666427855,Tunnel Car Wash,Exterior/⛽ ,www.hinghamcarwash.com,2.8734054465878778,National Chain,Exterior/⛽/IBA/SS,www.supershineautowash.com,0.0,,,,0,,0.0,,0.0,,0.0,1,0,304,2416,2307,2710,2354,1137,primary,84.01377618349885,190490pauls
mrbs_2,bottom100,Mr. B's Car Wash - Sumiton,mrbs,2,AL,South,878 Hwy 78,33.741775,-87.047874,22464.0,2025.0,1872.0,78,mrbs,33.7450445,-87.046255,Mr. Bu0027s Car Wash,Lat/Lng,-87.046255,33.7450445,Mr. Bu0027s Car Wash,7258.121756574954,-0.0056893837244308,-0.0072770324346245,42.15125633288276,3284.9782450153143,85978.06428236174,71369.7638334594,674.5840203821426,890.9035075834254,843.5639647843782,573.414760867483,318.5183027590392,148.1464049462229,6313.080955521902,2.182344147417367,280.59010917751584,178.61066857806873,148.7472308317665,91.86106023471802,67.1311612065183,71369.7638334594,85978.06428236174,2236.1487065322,1,Mr. B’s $5 Express Car Wash,,,0.0546479486349653,Tunnel Car Wash,Express ,www.facebook.com,0.0,,,,0.0,,,,1,Walmart USA,0.2550993491465429,,0.0,,0.0,1,0,203,1760,1375,1771,1475,625,primary,67.79805029664854,mrbs
zips_000468_17,bottom100,TXGRA_Hwy377,zips_000468,17,TX,South,3601 E US Hwy 377,32.453073,-97.732865,22381.0,2025.0,1865.0,46,zips_000468,32.453117,-97.732979,Zips Express Car Wash,Lat/Lng,-97.732979,32.453117,Zips Express Car Wash,20267.16607849181,0.0730748039471411,0.0049001895080295,46.000034591856824,9898.122687506606,127776.16651631228,104304.23727129494,1878.7265402048945,2376.531678156578,3840.540901640139,1181.1935318749163,510.78224479267374,68.62177715316648,15987.431941998131,1.9571129908024512,967.6793517199694,813.3921984442859,554.5495539777912,473.5699349351344,810.4198958054185,104304.23727129494,127776.16651631228,6301.567915209918,2,Zips Car Wash,Brightworks Car Wash,,0.0075340798649762,National Chain,Express,www.zipscarwash.com,1.235451627402652,Tunnel Car Wash,Flex,www.brightworkscarwash.com,0.0,,,,0,,0.0,,0.0,,0.0,2,0,1316,9934,7748,8066,6874,3178,trunk,75.38894058131334,zips_000468
24036englewood_1,bottom100,ENGLEWOOD CAR WASH,24036englewood,1,FL,South,287 S Indiana Ave,26.95739,-82.352491,22370.0,2025.0,1864.0,78,24036englewood,26.9573955,-82.3525042,Englewood Car Wash,Lat/Lng,-82.3525042,26.9573955,Englewood Car Wash,18293.04412828025,0.042488896785765,-0.0314016371933443,63.06543022121496,4920.5643460172,106780.63703397076,74288.88892003476,1702.0106036055367,4923.803053276555,3662.059463014535,610.8884452619823,172.27832590130856,25.650027520256117,14897.950756298089,1.5339761305920143,922.3858528919518,712.8058198576327,476.5034834621474,288.6307202989701,605.5325409306679,74288.88892003476,106780.63703397076,8009.97282246541,2,Englewood Car Wash & Detail,Blue Jay Car Wash (closed),,0.0091542353027981,Tunnel Car Wash,Full-Serve/Ext./Detail,www.englewoodcarwash.us.com,2.771444480766599,Tunnel Car Wash,,,0.0,,,,0,,0.0,,0.0,,0.0,2,0,376,5019,4079,4079,3054,1362,primary,69.01337697479973,24036englewood
soggydogcarwash_000077_1,bottom100,Soggy Dog CW,soggydogcarwash_000077,1,WV,South,714 Ritter Dr,37.749717,-81.141077,22357.0,2025.0,1863.0,78,soggydogcarwash_000077,37.7497422,-81.1410942,Soggy Dog Car Wash,Lat/Lng,-81.1410942,37.7497422,Soggy Dog Car Wash,11967.761869580776,-0.0538570280472093,-0.0057960628138689,43.14441438661922,5144.216649657348,70406.45166590795,47024.39511567628,1735.5953416334232,1777.5668386995094,2007.8882871906972,535.5901727218879,144.51565381267574,21.276859615929425,8084.560844576918,1.5651002266072185,357.157817120431,215.14069170714356,148.22032872994896,85.89554953249171,122.7744726568926,47024.39511567628,70406.45166590795,3429.927419872023,1,Soggy Dog Car Wash,,,0.0107604846496933,Tunnel Car Wash,Express/SS,No website,0.0,,,,0.0,,,,0,,0.0,,0.0,,0.0,1,0,439,3091,2612,2929,2598,1388,primary,46.83452167502612,soggydogcarwash_000077
bulldogcarwash_000246_1,bottom100,Bulldog Car Wash,bulldogcarwash_000246,1,GA,South,2920 Atlanta Hwy,33.945559,-83.439595,22108.0,2025.0,1842.0,71,bulldogcarwash_000246,33.94529,-83.439461,Bulldog Car Wash,Lat/Lng,-83.439461,33.94529,Bulldog Car Wash,41773.37510428182,0.0311358662308814,0.0758398902694233,39.531668136502,22271.095331673045,107506.46014440876,72440.25352665897,9519.637947943294,7440.690123987268,6652.4981426014565,1886.2677772413008,993.3948462837144,255.3098528549308,31654.61839032359,1.744957433334806,1707.1530529619197,1073.6700057241833,872.1625383272767,703.0299826560076,1235.8687234465033,72440.25352665897,107506.46014440876,8671.322308023344,5,Bulldog Car Wash,Tidal Wave Auto Spa,Swifty Car Wash,0.0207863345204975,Tunnel Car Wash,Flex/Detail/Lube,www.bulldogcarwash.com,0.8030154048472686,National Chain,Express,www.tidalwaveautospa.com,1.263998678911201,National Chain,Express,www.swiftycarwash.com,3,Target,0.2914456233928785,Walmart USA,0.3252921131714863,Walmart USA,1.7890442777974096,7,0,466,1930,2666,3018,2541,1302,primary,62.8682197244616,bulldogcarwash_000246
192616splash_10,bottom100,Morrilton - E Harding St,192616splash,10,AR,South,1803 E Harding St,35.170585,-92.719953,21987.0,2025.0,1832.0,78,192616splash,35.1703487,-92.7199521,Splash Car Wash,Lat/Lng,-92.7199521,35.1703487,Splash Car Wash,8843.999101054389,0.0310093252719251,0.0112329628050826,40.74213696319162,3887.0532133249217,68655.46798445968,49084.14991188532,1603.5714634838514,1358.1415957579156,936.3766066181706,638.2629290402401,155.52901930175722,106.0813245199388,6298.2062959217,1.7509918674945486,246.03468270541632,168.73248246288858,70.2392796468921,30.46998457738664,95.96795192954596,49084.14991188532,68655.46798445968,2021.4122861492217,0,,,,0.0,,,,0.0,,,,0.0,,,,1,Walmart USA,0.3974447854880937,,0.0,,0.0,0,0,211,2474,2185,2275,1858,791,secondary,49.183082232484104,192616splash
waterwayscarspa_000270_1,bottom100,Waterways Car Spa,waterwayscarspa_000270,1,FL,South,1325 Semoran Blvd,28.631951,-81.319785,21967.0,2025.0,1831.0,71,waterwayscarspa_000270,28.5807364,-81.3077811,Waterways Car Spa,Lat/Lng,-81.3077811,28.5807364,Waterways Car Spa,113236.61151040404,0.0507833261443602,0.0208355680026161,39.21068490124433,64299.92247325997,126384.93108331872,83521.89264818796,22731.076827303856,18583.52983503876,18826.781204275845,4761.127702000784,1501.752534003812,308.800081464462,78071.48589293036,1.6753135702623998,4783.95261822961,3377.323802321509,2428.7208806546987,1951.3152074161917,3788.419182255282,83521.89264818796,126384.93108331872,23903.543951684085,8,Waters Car Wash,Zoom Express Car Wash,Waters Car Wash,0.8264016874109065,National Chain,Express,www.waterscarwash.com,1.1493445011183847,National Chain,Express,www.zoomexpresscarwash.com,1.6425791525665636,National Chain,Express,www.waterscarwash.com,3,Walmart USA,0.3075588478326065,Target,1.5555772059482331,Target,2.8874868900733532,7,2,15,124,74,82,63,36,primary_link,72.2477866309541,waterwayscarspa_000270
162721superior_1,bottom100,R&R SUPERIOR BELLFORT CARWASH,162721superior,1,TX,South,4825 Bellfort St,29.669173,-95.354594,21942.0,2023.0,1828.0,56,162721superior,29.669329,-95.354293,Ru0026R Superior Bellfort Carwash,Lat/Lng,-95.354293,29.669329,Ru0026R Superior Bellfort Carwash,115649.65557313176,0.057813183184675,0.0161670304573598,38.46689817818684,53745.24995842646,72278.8543056194,53486.73309504095,23545.616167378263,19666.699033771292,12452.289900491827,4051.536638555001,1504.70051954675,625.3399130352773,65871.39039378334,1.4666409968055465,3419.5489795901813,2176.256374423043,1382.45511456416,859.3612398445839,1073.8022097649518,53486.73309504095,72278.8543056194,21406.26516699395,4,R&R Superior Belfort Car Wash & Lube,Cadillac Express Car Wash,Honey Sheep's Car Wash ,0.0189689569513031,Tunnel Car Wash,Full-Service/Ext./Detail/Lube,www.facebook.com,1.1160762092536154,Tunnel Car Wash,Express,www.cadillacexpresscarwash.com,2.292650349271781,Tunnel Car Wash,Flex/Detail,www.facebook.com,0,,0.0,,0.0,,0.0,1,0,473,2012,1200,1572,1502,881,secondary,52.69624443334037,162721superior
magnolia_000414_60,bottom100,Whistle Express Car Wash - Blanding,magnolia_000414,60,FL,South,1006 Blanding Blvd,30.136203,-81.777775,21909.0,2025.0,1826.0,30,magnolia_000414,30.1359812,-81.7776694,Magnolia,Lat/Lng,-81.7776694,30.1359812,Magnolia,47110.088878426235,0.0531395031536585,0.0295570673800721,42.23681844879746,24355.729449505452,116722.66550168415,95465.18438196248,4143.339281895198,4180.832509262953,7231.015617089812,3587.984308006242,1537.1665340769105,201.09918545838443,36560.978731060866,2.1062278205311427,2287.7564571970142,1733.454733401304,1413.8818983044475,861.1769515944179,1049.375936942175,95465.18438196248,116722.66550168415,13218.020384250442,7,Whistle Express Car Wash,Jeffrey Car Wash,Mr. Clean Car Wash ,0.0387642546033437,National Chain,Express,www.whistleexpresscarwash.com,0.5406331540601698,Tunnel Car Wash,Full-Service/Ext./Detail,www.jeffreyscarwash.com,0.7060281385525874,National Chain,Express ,www.mrcleancarwash.com,2,Walmart USA,0.5472224221002907,Walmart USA,2.426949491310789,,0.0,3,0,965,4803,4236,5291,4989,2949,primary,76.69412159390333,magnolia_000414
valleystreamny_000095_1,bottom100,ValleyStream NY,valleystreamny_000095,1,NY,Northeast,350 Rockaway Ave,40.659875,-73.700581,21877.0,2023.0,1823.0,59,valleystreamny_000095,40.6599164,-73.7005899,ValleyStreamNY,Lat/Lng,-73.7005899,40.6599164,ValleyStreamNY,257990.52740392915,-0.0129638330152725,-0.0080534941945249,42.3152332839093,139043.605654562,172895.61040823377,140032.414943475,18335.329006469576,28421.75440504891,29379.08994667721,12183.827983283203,3976.384065493709,1407.2841845939402,146673.37543319748,1.776666373978761,8516.65243956633,7805.122899299953,7817.390172745334,7338.154846176039,12902.59301968338,140032.414943475,172895.61040823377,64278.02912333608,12,Valley Stream Car Wash,Ultimate Express Car Wash,Rainbow Car Wash & Lube,0.004256709828733,Tunnel Car Wash,Full service/detail/ext,no website,0.0823142110426218,Tunnel Car Wash,Express,www.ultimateexpress.net,0.5810479457282985,Tunnel Car Wash,Full service/detail/lube/ext,www.rainbowcarwashvs.com,2,Target,1.1062872767575729,Walmart USA,1.3693646233936168,,0.0,3,1,445,2123,1689,1883,1813,1242,secondary,85.18959880348368,valleystreamny_000095
63513dolphin_1,bottom100,Hydro Express Wash,63513dolphin,1,IL,Midwest,3088 Hennepin Dr,41.572694,-88.157381,21672.0,2022.0,1806.0,45,63513dolphin,41.5726267,-88.1574212,Hydro Express Wash,Lat/Lng,-88.1574212,41.5726267,Hydro Express Wash,72453.63840787695,-0.000228423978593,0.0504317133954382,41.96836606999274,40935.92467024177,117171.89036917516,99631.58341781193,5848.011311859125,8075.863850991125,10845.290282352478,4756.058427081851,1588.4292688883725,502.29083706910023,52899.790957840625,1.9605077530861688,3763.6334002238,2875.8584478576668,2082.3876267794403,1613.2140417190967,1746.9393760027017,99631.58341781193,117171.89036917516,21173.30544046144,8,Hydro Express Car Wash,Encore Car Wash,Jack's Car Wash & Lube Center,0.0033869885557617,Tunnel Car Wash,Flex/Detail,No Website,1.3341185551003645,Tunnel Car Wash,Express,www.encorecarwash.com,1.3962241492415282,Tunnel Car Wash,Express/Lube,www.jackswashandlube.com,3,Target,0.371155565981689,Walmart USA,2.879921440520696,Walmart USA,2.9615714881459025,3,2,269,1757,2190,2437,2185,972,secondary,79.9148624302357,63513dolphin
118135glenville_1,bottom100,RAINDANCER OF GLENVILLE,118135glenville,1,NY,Northeast,172 Freemans Bridge Rd,42.846573,-73.941631,21667.0,2025.0,1806.0,77,118135glenville,42.8466026,-73.9416484,Raindancer Of Glenville,Lat/Lng,-73.9416484,42.8466026,Raindancer Of Glenville,57226.42805877817,0.037616264595133,0.0241245418817259,41.215802225803984,29657.092364650685,102426.40943712616,77499.65459226133,11012.564473890932,9705.825248128152,8127.389341105241,2062.7785602980293,428.74278525833506,104.20889911125414,34384.955247822334,1.4215463970079183,2309.1042780260323,2139.750871389988,1616.2740301864687,1153.3717897011666,1253.96845504886,77499.65459226133,102426.40943712616,13198.150473682908,2,Raindancer Car Wash,Spritz Car Wash,,0.0133994510374704,Tunnel Car Wash,Exterior/IBA/SS/Detail,www.rcarwash.com,1.1502153022968962,Tunnel Car Wash,Exterior/IBA/SS,www.spritzcarwash.com,0.0,,,,2,Walmart USA,0.3649781024110802,Target,1.5048524360125437,,0.0,1,0,209,1745,1688,1725,1518,718,trunk,68.3281600267064,118135glenville
slimolson_000166_1,bottom100,Slim Olson Car Wash,slimolson_000166,1,UT,West,2301 S Main St,40.716075,-111.952094,21286.0,2025.0,1774.0,78,slimolson_000166,40.864643,-111.8933589,Slim Olson Car Wash,Lat/Lng,-111.8933589,40.864643,Slim Olson Car Wash,83877.9320584836,0.0151026630837905,-0.0070635997902055,36.724843101446766,45489.348904277664,143125.44473145963,114917.79383231635,7130.30756077054,6252.37606993597,11928.170750264777,5033.002894927515,2520.5869359388016,1060.9267907701433,60594.70795285399,2.2072651250987305,3336.622903570067,2887.844516872894,2534.0606752529275,1717.9738513126504,2955.8263144148514,114917.79383231635,143125.44473145963,20401.70725512784,6,Quick Quack Car Wash,Reynolds Auto Care & Car Wash,Mister Car Wash,0.1906768501125948,National Chain,Express,www.dontdrivedirty.com,0.4587733614576528,Tunnel Car Wash,(Permanently Closed),,1.3509021187088672,National Chain,Express,www.mistercarwash.com,0,,0.0,,0.0,,0.0,1,0,499,3865,3838,4235,3884,1904,primary,84.62077717233636,slimolson_000166
championxpresscw_000216_49,bottom100,Loveland CO,championxpresscw_000216,49,CO,West,125 Knobcone Dr,40.439163,-105.076834,21179.0,2025.0,1765.0,28,championxpresscw_000216,40.439071,-105.076512,Champion Xpress CW,Lat/Lng,-105.076512,40.439071,Champion Xpress CW,52600.0248982202,0.0496247995272056,0.0736358232111462,44.6242612044793,27392.34427943197,113222.50961166812,92284.37927647436,7120.552730651572,7056.355930012069,8576.900748134009,4117.619731863961,1112.392905604327,638.148993789102,44203.333213234786,1.9827427797203772,2886.216023032204,2205.1288925195113,1526.347757788957,992.736563930288,1442.3817295528715,92284.37927647436,113222.50961166812,15229.960259649435,4,Champion Xpress Carwash,Breeze Thru Car Wash,Breeze Thru Car Wash,0.0160738956180008,National Chain,Express,www.champxpress.com,1.1379811341732895,National Chain,Express,www.breezethrucarwash.com,1.327303058005102,National Chain,Express,www.breezethrucarwash.com,2,Walmart USA,1.2548223578950886,Walmart USA,2.872740377319603,,0.0,3,0,738,6684,5479,5922,4700,2284,trunk,74.88009154377288,championxpresscw_000216
73223banks_1,bottom100,BELMONT CAR WASH,73223banks,1,CA,West,5594 E Belmont Ave,36.750097,-119.700701,21041.0,2025.0,1753.0,78,73223banks,36.7500657,-119.7007171,Belmont Car Wash,Lat/Lng,-119.7007171,36.7500657,Belmont Car Wash,123582.26448650449,0.083399216062508,0.1338019687236234,35.93255244035554,59234.48889404582,104442.3783519491,80879.69188303313,16618.198918586946,9975.503489241351,12300.853142347536,6240.4136882065795,2956.316170197795,1229.3107087595854,71270.26906314527,2.0150239346198675,3677.2743473509327,2706.3984158741077,2358.3359549598536,1764.165703034843,2089.0269262421643,80879.69188303313,104442.3783519491,18879.467832702445,2,Belmont Car Wash,Ride & Shine Express Car Wash,,0.0032912170564277,Tunnel Car Wash,Full-service/xt./⛽ ,www.belmontcarwash.net,2.063073656105193,National Chain,Express,www.redcarpetcarwash.com,0.0,,,,2,Target,0.4932245681076401,Walmart USA,1.4074843851648766,,0.0,0,0,1113,3938,3287,3881,3567,2705,primary,68.77894865621843,73223banks
107731buckeye_1,bottom100,BUCKEYE CAR WASH,107731buckeye,1,OH,Midwest,4521 KENNY RD,0.0,0.0,20992.0,2025.0,1749.0,77,107731buckeye,40.051965,-83.050599,Buckeye Car Wash,Lat/Lng,-83.050599,40.051965,Buckeye Car Wash,102174.20098504552,0.0116157266838836,-0.0175862869156365,40.80809172843694,59216.42960113543,136523.9455730859,96938.09731759944,20256.87851302093,18240.944293720997,19883.804966635187,4965.74435019854,982.5955944645684,149.77412948734127,77585.04030288197,1.6468399761756574,4705.122530312394,3509.0388453127816,3091.222517578397,2782.2652311354177,4939.628617762006,96938.09731759944,136523.9455730859,26885.55313762452,6,Klean-A-Kar Wash,Moo Moo Express Car Wash,Moo Moo Express Car Wash,0.0045979579058355,Tunnel Car Wash,,,1.0990673069222363,National Chain,Express,www.moomoocarwash.com,2.0311827764701684,National Chain,Express,www.moomoocarwash.com,2,Target,1.8286565202788856,Walmart USA,2.3324108172898015,,0.0,7,0,402,3218,3269,3621,3491,1518,primary,74.70200592202684,107731buckeye
bocagas_000342_1,bottom100,Daybreak Market,bocagas_000342,1,FL,South,19701 Cochran Blvd,27.016554,-82.133323,20885.0,2025.0,1740.0,57,bocagas_000342,27.0163457,-82.1333483,Daybreak,Lat/Lng,-82.1333483,27.0163457,Daybreak,45759.54247874976,0.1055981379166531,0.0301702118210696,48.43695389951831,19718.994522408815,90808.50557213316,68310.12040470738,4219.533089992241,6962.342901943717,7182.220320930239,2781.912185520283,1011.8042147665984,272.0041443230584,35079.75768104673,1.8433565138950925,1818.0696212481707,1302.6515132446077,920.7546397069236,441.2000994880218,615.7907282102387,68310.12040470738,90808.50557213316,14850.33617558668,4,DayBreak Car Wash,ModWash,Tommy's Express® Car Wash,0.015662231071314,Tunnel Car Wash,Express/⛽,www.daybreakmarketandfuel.com,0.1238979266252099,National Chain,Express,www.modwash.com,0.5599974708205994,National Chain,Express,www.tommys-express.com,3,Walmart USA,0.4778274044064534,Target,0.598328971512156,Walmart USA,1.093226237645925,3,2,171,1721,1621,1671,1460,740,tertiary,64.60336369124887,bocagas_000342
pcmat_1,bottom100,MEGA CAR WASH,pcmat,1,CO,West,7170 N Pecos St,39.826933,-105.005677,20678.0,2025.0,1723.0,78,pcmat,39.785862,-105.006411,Mega Car Wash,Lat/Lng,-105.006411,39.785862,Mega Car Wash,154027.8180605694,0.0755382124144114,0.0748070573613738,37.42630049830984,99797.73171739333,155476.9019467034,118551.5714711404,37793.55303546024,32346.29254683433,23120.89350741927,6673.7577871455,1811.977051612048,472.6324164551915,108220.42321183352,1.4817718163211997,7591.758415600751,6418.113451106008,5384.547157865134,5151.756552246166,9887.280910451957,118551.5714711404,155476.9019467034,35347.912083037954,4,Mr.Car Wash,Gleam Car Wash,Mega Wash Car Wash,1.8560726478943768,Tunnel Car Wash,Full-service/detail,www.mrcarwashdenver.com,2.548191675947936,Tunnel Car Wash,Full-Service/Ext./Detail,www.gleamcarwash.com,2.8431724500687703,Tunnel Car Wash,Full-service/exterior,,2,Target,2.9215998898763966,Walmart USA,2.954807063241445,,0.0,4,0,676,2934,1896,2307,2034,1059,secondary,79.07761403520591,pcmat
5024577greens_3,bottom100,AGGIELAND EXPRESS #2,5024577greens,3,TX,South,2526 Texas Ave,30.605454,-96.307888,20590.0,2025.0,1716.0,29,5024577greens,30.6059145,-96.3075132,Aggieland Express,Lat/Lng,-96.3075132,30.6059145,Aggieland Express,84200.89794233555,-0.1356652683177189,-0.0165459736324394,29.391225763762964,42046.59456642112,81364.13247253273,52052.080805286416,19337.738581052166,11314.374505971442,9868.36672713689,3215.076259387657,1904.4830063617555,411.1531885836739,50370.034706773586,1.7692590208678367,2136.6522200404434,1360.113198387553,1116.999737543054,888.2243099532789,1128.8564985380508,52052.080805286416,81364.13247253273,9146.291869809267,8,Aggieland Express Car Wash (co,Drew's Car Wash,Wolf Creek Car Wash,0.0293782394455349,Tunnel Car Wash,Express,www.aggielandexpress.com,0.272815900075641,Tunnel Car Wash,Express,www.drewscarwash.com,0.9069069437866906,Tunnel Car Wash,Full-service/detail/lube,www.wolfcreekcars.com,2,Target,0.5395090909787666,Walmart USA,0.7439999993590305,,0.0,2,2,40,184,259,230,240,127,primary_link,51.820523335009355,5024577greens
magicbrush_000533_3,bottom100,San Bernardino,magicbrush_000533,3,CA,West,2122 W Highland Ave,34.13636,-117.336237,20282.0,2025.0,1690.0,36,magicbrush_000533,34.136605,-117.336211,Magic Brush,Lat/Lng,-117.336211,34.136605,Magic Brush,156992.12409238267,0.0113712509803239,0.0408411539505138,35.92710784014745,75796.85821380839,92448.51600781178,74126.73946867668,19087.086693088524,10907.938851328685,13555.357705450037,8738.481093435315,4006.756030078861,2526.10820936854,92891.66270969284,2.215958620573024,4697.723025932326,3574.122881596326,2326.6490569795715,1498.45676566544,1651.3486970905217,74126.73946867668,92448.51600781178,23120.84268608631,13,Magic Brush Express Car Wash,Super Bright Car Wash,Fast N Furious SpeedWash,0.0060856179590245,Tunnel Car Wash,Express/⛽ ,www.magicbrushexpress.com,1.6673101891165134,Tunnel Car Wash,Express/⛽ ,www.76.com,1.9017060538216175,Tunnel Car Wash,Express/⛽ ,www.fastnfuriousspeedwash.com,2,Walmart USA,1.986449441751228,Walmart USA,2.37857659225815,,0.0,0,0,486,1785,1455,1888,1809,1103,secondary,66.65521794439726,magicbrush_000533
kentoncw_000450_1,bottom100,In N Out Car Wash,kentoncw_000450,1,OH,Midwest,12883 US-68,40.633479,-83.615398,20075.0,2025.0,1673.0,36,kentoncw_000450,40.6480468,-83.6091777,In-N-Out Car Wash,Lat/Lng,-83.6091777,40.6480468,In-N-Out Car Wash,9073.384077009192,-0.0175851384872847,-0.0075326544919971,41.492111703701575,3940.7636096933857,68813.40107000734,53842.58270379622,1246.8328666355228,1349.29550959263,1215.4466651391704,532.4349381309003,144.29370859405026,101.48280328989496,6462.082505089347,1.6942889552427605,363.7766550385859,210.85012660711072,121.99015522410627,58.51035513507668,63.833702818723395,53842.58270379622,68813.40107000734,2567.9315831939457,0,,,,0.0,,,,0.0,,,,0.0,,,,1,Walmart USA,1.4773030599510109,,0.0,,0.0,0,0,316,1587,1365,1574,1254,632,primary,55.29959519703761,kentoncw_000450
1003358vexpress_1,bottom100,V EXPRESS CAR WASH,1003358vexpress,1,KY,South,479 Lexington Rd,38.051504,-84.715945,19722.0,2025.0,1644.0,77,1003358vexpress,38.05137,-84.71597,V Express Car Wash,Lat/Lng,-84.71597,38.05137,V Express Car Wash,19905.324361684034,0.0419350061443933,0.0269381892191146,41.85104943337399,10961.516065969598,107992.7318528058,84577.03502097345,2570.515847085626,2501.22843143309,3198.222749564913,1345.4200422802242,344.96928980282973,89.99468646082096,14763.784648919012,1.865482940793844,754.0584642086178,572.8065827888204,555.5133592258207,505.1821731250966,525.5170992497588,84577.03502097345,107992.7318528058,5359.610978863668,2,V- Express Car Wash ,Car Wash USA Express,,0.022944974352604,Tunnel Car Wash,Exterior/SS,no website,0.1288050748698315,National Chain,Express,www.carwashusaexpress.com,0.0,,,,0,,0.0,,0.0,,0.0,1,0,231,2318,2087,2285,2128,1035,primary,70.90167638291156,1003358vexpress
championcw_000031_1,bottom100,Champion Car Wash,championcw_000031,1,NC,South,930 Old US Hwy 1,35.167789,-79.403297,19664.0,2025.0,1639.0,78,championcw_000031,35.1677939,-79.4033071,Champion Car Wash,Lat/Lng,-79.4033071,35.1677939,Champion Car Wash,23420.59640054658,0.0763390261898156,0.0202175807068492,43.918153172048946,11263.698627236708,125198.94220306665,91925.03216940023,3735.8363410418383,4165.1964229804,4782.581255850149,904.7554905809228,235.71310313849244,99.4025920938002,17884.490779446438,1.649284966880317,1162.016309369239,835.687401461415,763.6856197178131,536.4820844093338,943.303273547208,91925.03216940023,125198.94220306665,7110.894601377193,3,Champion Car Wash,Par Three Car Wash,Tidal Wavel Auto Spa,0.0059556440052766,Tunnel Car Wash,Full-Service/Ext./Detail,www.championcarwashanddetailsh,1.115137704449009,Tunnel Car Wash,Full-Service/Ext./Detail,www.par3carwash.com,1.4170040118986722,National Chain,Express,www.tidalwaveautospa.com,2,Target,0.7650606402844838,Walmart USA,1.259479633323856,,0.0,3,0,150,1454,1559,1436,1209,593,tertiary,72.40515177565229,championcw_000031
greenwave_1,bottom100,1287 DEER PARK CAR WASH,greenwave,1,NY,Northeast,1287 Deer Park Ave,40.740817,-73.320768,19582.0,2025.0,1632.0,77,greenwave,40.740451,-73.3207758,Some Guys Car Wash,Lat/Lng,-73.3207758,40.740451,Some Guys Car Wash,139233.2844450071,0.0025743719949151,9.724386262369348e-05,41.5079062553463,73936.39262443525,171466.28656240454,146351.45370335635,7296.241552825552,11211.99259969499,17276.78547634976,8041.500993317575,4496.254347173148,1605.7927535674537,95904.0476888771,2.162680947102903,4433.579377683112,4348.997269966174,4564.697922060499,4060.765310363844,7245.077485225629,146351.45370335635,171466.28656240454,37111.82271226111,6,Some Guy's Car Wash,Deer Park Car Wash Inc,Pooran Car Wash,0.0259516443031049,Tunnel Car Wash,Full-Service/Ext./Detail,www.someguyscarwash-northbabyl,0.9287111648605452,Tunnel Car Wash,Full-Service/Ext./Detail,No Website,1.5428467947393338,Tunnel Car Wash,,,1,Target,2.514172821761441,,0.0,,0.0,1,1,945,4394,3650,4045,3732,2784,trunk,87.5281235378342,greenwave
topmartcw_000591_1,bottom100,Monster Wash,topmartcw_000591,1,TX,South,7020 U.S.Highway 181 N,29.206944,-98.217314,19094.0,2025.0,1591.0,33,topmartcw_000591,29.1653084,-98.179263,Monster Wash Floresville,Lat/Lng,-98.179263,29.1653084,Monster Wash Floresville,8116.249294557958,0.1095273818657607,0.0703890348794451,40.186641764861946,3844.572566181189,99673.48686674396,84270.98017697525,572.6913746346254,973.7924499502406,1015.2953727638816,403.5516752859112,147.03096790006384,131.67316891811788,5461.527937526582,1.982806711006726,348.08695865026675,266.83046203432605,169.80687917023897,94.76249225297944,141.91588502796367,84270.98017697525,99673.48686674396,2182.6047845431603,0,,,,0.0,,,,0.0,,,,0.0,,,,1,Walmart USA,0.2134194460900428,,0.0,,0.0,0,0,648,3438,2109,2468,2196,1074,trunk,70.79494745501096,topmartcw_000591
zelocw_000544_1,bottom100,Zelo Car Wash,zelocw_000544,1,CO,West,18690 E Iliff Ave,39.676881,-104.77012,19037.0,2025.0,1586.0,36,zelocw_000544,39.6766349,-104.7705706,Zelo Car Wash,Lat/Lng,-104.7705706,39.6766349,Zelo Car Wash,132201.55530489073,-0.0121827744502338,0.015729331032131,38.780051987362334,76712.01061743079,112987.86942660864,96328.57665883284,14340.378649836406,13995.369916742668,19346.295986012556,7304.134381602984,3444.7083330433816,1513.1888065505773,95945.14239850314,2.0272940778541604,6386.487676497549,4889.926552166464,3665.075142162852,2548.6599303055555,2984.346220760141,96328.57665883284,112987.86942660864,33133.728166850284,5,Cobblestone Auto Spa,Cobblestone Car Wash,Cobblestone Auto Spa,2.088271020202499,Tunnel Car Wash,Express,www.cobblestone.com,2.437242497163864,National Chain,Express,www.cobblestone.com,2.437242497163864,National Chain,Express,www.cobblestone.com,2,Walmart USA,2.1775947978128714,Target,2.9768100042195003,,0.0,2,0,470,1996,1602,2441,2278,1407,primary,79.26708380223558,zelocw_000544
carwashcafe_000425_1,bottom100,Wash & Wax Pros,carwashcafe_000425,1,FL,South,3050 N University Dr,26.163815,-80.256221,18435.0,2025.0,1536.0,51,carwashcafe_000425,26.163809,-80.256351,Car Wash Cafe,Lat/Lng,-80.256351,26.163809,Car Wash Cafe,220530.55466486653,0.0592194834265928,0.0131304473148416,43.23299157371845,121727.22193690857,90083.8996620421,67842.1275726,32852.59930706187,41723.11438136641,28134.07888179971,8215.703198682982,2249.5884728499223,452.48396952380426,133899.15548003349,1.5325612673067153,9402.326854359126,6095.968984683976,4150.482033525128,3012.9665784407407,3297.377258739667,67842.1275726,90083.8996620421,54570.2137884337,4,Wash and Wax Pros,Nemos Express Car Wash,Mr. Suds Express Car Wash,0.0115855391885049,Tunnel Car Wash,Flex/Detail,www.washandwaxpros.com,0.4219672046324673,Tunnel Car Wash,Flex/Detail,www.nemosexpresscarwash.com,1.6257087142819628,Tunnel Car Wash,Flex/Detail,www.mrsuds-carwash.com,2,Walmart USA,0.3247752921517589,Walmart USA,1.3181230375008104,,0.0,8,0,1638,4962,3703,3930,3881,3831,primary,62.949529532057426,carwashcafe_000425
pristine_000034_1,bottom100,Pristine Car Wash,pristine_000034,1,FL,South,1989 N Wickham Rd,28.139289,-80.671716,17964.0,2025.0,1497.0,78,pristine_000034,28.1392348,-80.671077,Pristine Car Wash,Lat/Lng,-80.671077,28.1392348,Pristine Car Wash,58598.84286154718,0.0411896840490899,-0.0214190483416119,45.17934191450187,30016.27196773635,99758.32909174277,80700.10623975801,8412.902085206806,10651.384034514049,9886.736654452936,2840.7326163390826,823.3504684382933,281.0490636575123,43645.7023844779,1.6947361384688406,3096.7588039828697,2190.937138808542,1449.2276443289447,944.6461012417858,1301.2485663392729,80700.10623975801,99758.32909174277,17393.181062674106,4,Pristine Car Wash,LUV Car Wash,Dirty Dog’s Car Wash,0.0034943747291143,Tunnel Car Wash,Flex/detail,www.pristinecarwashmelbourne.c,0.4099067143002263,National Chain,Express,www.luvcarwash.com,2.237571137239762,National Chain,Express,www.dirtydogscarwash.com,2,Walmart USA,1.149446308244458,Walmart USA,2.2237276986012,,0.0,3,0,0,38,26,23,12,4,unclassified,70.3627168620579,pristine_000034
mrcleancw_000329_17,bottom100,Mr Clean Cumming,mrcleancw_000329,17,GA,South,3320 Buford Hwy,34.128674,-84.097741,17537.0,2025.0,1461.0,35,mrcleancw_000329,34.1287132,-84.0977381,Mr Clean Car Wash,Lat/Lng,-84.0977381,34.1287132,Mr Clean Car Wash,61666.94935263973,0.0861255382435234,0.1555472436973518,38.409665323132685,35054.8881225175,187846.2851407724,159978.01206137432,2391.6865688739344,3128.0868010839913,9892.493463550927,3890.074699253659,1195.8622660228284,541.9462869758718,42076.478324917494,2.236709147123665,1965.175078953267,1667.2687967700183,1868.3449414889328,1870.3596408548765,3617.445378464181,159978.01206137432,187846.2851407724,16515.005191160366,3,Mr. Clean Car Wash,Wash Factory,Mister Car Wash,0.0282677673116893,National Chain,Flex/Detail, www.mrcleancarwash.com,1.3239108752849706,Tunnel Car Wash,Express,www.washfactorycarwash.com,2.431353035356279,National Chain,Express,www.mistercarwash.com,0,,0.0,,0.0,,0.0,4,0,725,4864,4041,5024,4568,2514,trunk,90.42205148916796,mrcleancw_000329
sandiegocarcare_000024_3,bottom100,Rancho Bernardo,sandiegocarcare_000024,3,CA,West,16757 Bernardo Center Dr,33.018017,-117.075317,17536.0,2025.0,1461.0,78,sandiegocarcare_000024,33.0181571,-117.0751321,San Diego Car Care Costa Verde,Lat/Lng,-117.0751321,33.0181571,San Diego Car Care Costa Verde,84257.97175865248,-0.0165854798383973,0.0207290756303604,44.09049731937373,44796.18334770808,205145.7154244534,161265.89433249077,10272.5852793043,8911.651537637925,14263.225953084417,5320.127937198384,1445.8723093848675,458.68650763249025,61475.40903110383,1.9672119393342504,3058.5020006692503,2835.1232706294395,2524.198355770204,2519.1917485534213,6566.941190748243,161265.89433249077,205145.7154244534,21007.432456091512,4,Rancho Bernardo Car Wash/San Diego Car Care,Soapy Joe's,Touch of Class Auto Care,0.025861273148276,Tunnel Car Wash,,,0.5712124839813353,National Chain,,,2.8322184365878837,Tunnel Car Wash,,,2,Target,2.739550676733005,Target,2.9046405176041055,,0.0,2,1,161,1746,1545,2041,1442,582,tertiary,88.89010637678302,sandiegocarcare_000024
184520david_1,bottom100,DAVID CHEVROLET,184520david,1,NY,Northeast,10225 Niagara Falls Blvd,43.09833,-78.942243,17273.0,2025.0,1439.0,75,184520david,43.0989663,-78.9427369,David Chevrolet,Lat/Lng,-78.9427369,43.0989663,David Chevrolet,29711.53639262973,-0.0243157585732798,-0.0208720870686995,45.188544358189624,15176.186037692474,90709.61907972617,71355.7794137511,3505.520166510134,5477.393959484296,5197.078654180397,1424.3177938566078,284.12502827029675,157.23257380072027,22067.167631499706,1.633316666957516,1344.4048911947757,1011.4164110125276,677.525430663838,404.8365580881946,532.7761189108714,71355.7794137511,90709.61907972617,10007.287496510427,3,Delta Sonic Car Wash,Tidal Wave Auto Spa,GO Car Wash,1.6662387435446713,National Chain,Flex/detail/petrol/lube,www.deltasoniccarwash.com,2.202493885821317,National Chain,Express,www.tidalwaveautospa.com,2.269447899734214,National Chain,Express ,www.gocarwash.com,2,Walmart USA,1.8291595516035488,Target,1.960535031864476,,0.0,2,0,581,3129,3246,3669,3228,1819,primary,67.58124849378333,184520david
superior76_000242_1,bottom100,Newport Auto Spa,superior76_000242,1,CA,West,1461 Superior Ave,33.627802,-117.932612,16015.0,2025.0,1335.0,72,superior76_000242,33.627934,-117.932305,Newport auto spa,Lat/Lng,-117.932305,33.627934,Newport auto spa,118707.5568400632,-0.013171642431463,-0.0109183117522442,42.36352119787646,69160.32144982612,200685.1826058328,138541.54891474743,25427.327552238246,15806.98992152646,19911.043410799233,6443.8372917770175,2306.6244207341224,1003.4429257120936,89204.30092995294,1.88402444553716,4619.071155491227,3675.112414943578,3617.260626951582,3211.7836457475205,8545.210869082017,138541.54891474743,200685.1826058328,22109.82949704287,7,Newport Auto Spa,Fast 5 Xpress Car Wash,The Car Spa,0.0187702396937541,Tunnel Car Wash,Full-Service/Ext./Detail/⛽ ,No Website,1.2865916768659669,National Chain,Express,www.fast5xpress.com,1.3168426394305546,Tunnel Car Wash,Full-Service/Detail ,www.carwashnewportbeach.com,1,Target,0.9507757189369608,,0.0,,0.0,3,0,351,2316,1780,2046,1478,968,secondary,84.24897025883793,superior76_000242
3dollarcarwash_000146_2,bottom100,TLC Car Wash 2,3dollarcarwash_000146,2,VA,South,1001 W Main St,37.290714,-80.074096,15729.0,2025.0,1311.0,78,3dollarcarwash_000146,37.29063,-80.074039,TLC Car Wash,Lat/Lng,-80.074039,37.29063,TLC Car Wash,31677.269109337183,0.0132511532547447,0.0190787726169012,43.22646706200005,16235.51857119269,107494.95700655428,77462.15584879906,3610.6503354430024,3784.630633943627,4907.046822209115,1932.4438494383064,860.2408744960267,422.6899202070781,24950.468925696274,1.989507830370443,1399.874131554272,1050.8203811033743,697.3379313090409,455.9030517971259,739.5234356818255,77462.15584879906,107494.95700655428,8982.218051330216,3,$5 Carwash,Zips Car Wash ,Ultimate Shine Car Wash,0.0076812078191824,Tunnel Car Wash,Express,No website,0.6500568975744125,National Chain,Express, www.zipscarwash.com,2.6257600012508404,National Chain,Express,www.ultimateshinecarwash.com,1,Walmart USA,0.8215795711571541,,0.0,,0.0,4,0,735,5512,4752,5165,4842,2570,primary,69.39082555717206,3dollarcarwash_000146
104446sparta_1,bottom100,SPARTA CAR WASH,104446sparta,1,NJ,Northeast,519 Lafayette Rd,41.077494,-74.661295,15329.0,2025.0,1277.0,72,104446sparta,41.077785,-74.660805,Sparta Car Wash,Lat/Lng,-74.660805,41.077785,Sparta Car Wash,8983.84771560377,0.030494137634887,0.0281805469847594,43.73545994521744,5222.2691849337425,217090.75568103383,162244.03507281764,426.1116175930947,678.711900223163,1311.713598846225,728.7485333959339,194.28639105323236,83.25001792772673,6681.780351954978,2.103513184680652,261.9571924753254,227.19536428153515,242.01333419408184,218.90953460033052,697.1707028365927,162244.03507281764,217090.75568103383,2750.3744632247835,1,Sparta Car Wash,,,0.0333289862306256,Tunnel Car Wash,Full-service/ext./detail,www.facebook.com,0.0,,,,0.0,,,,0,,0.0,,0.0,,0.0,0,0,1105,5173,3779,4096,3474,1888,primary,85.39894853589675,104446sparta
bluewavecw_000511_1,bottom100,US Car Wash,bluewavecw_000511,1,OR,West,845 N Adair St,45.520372,-123.061645,15290.0,2025.0,1274.0,40,bluewavecw_000511,45.5205511,-123.0611105,U S Car Wash,Lat/Lng,-123.0611105,45.5205511,U S Car Wash,37685.08188573941,0.0851186132585237,0.1141274165587543,38.34627923254203,19940.202961348492,107373.15320316474,88010.72823645065,4761.704255365068,3543.9280579190236,4657.199472876033,2168.901308995206,657.1082013691776,323.0135442268802,23608.531457267814,1.921613530109999,1455.6159685190069,1108.3085837400286,847.2605578503571,720.3653476937907,689.4269510987215,88010.72823645065,107373.15320316474,7535.82983956777,1,Campbell Car Wash,,,1.0539861833366808,Tunnel Car Wash,Brushless ,No website,0.0,,,,0.0,,,,1,Walmart USA,0.4290040399291105,,0.0,,0.0,1,0,603,3188,2950,3486,3171,1895,primary,73.30114569835285,bluewavecw_000511
3dollarcarwash_000146_1,bottom100,TLC Car Wash,3dollarcarwash_000146,1,VA,South,2925 Williamson Rd,37.298508,-79.939039,14882.0,2025.0,1240.0,78,3dollarcarwash_000146,37.2984337,-79.9390081,TLC Car Wash,Lat/Lng,-79.9390081,37.2984337,TLC Car Wash,70262.96147156612,0.0013953147012195,0.0146118802246926,40.582582104043695,35907.02602943982,73087.02314133542,55392.161178788025,15716.785447050002,13703.26493245596,8942.174464320182,3364.5565655531827,833.5529395421036,508.93694137991406,47560.18002282386,1.543351468162544,2406.0493449693313,1699.0831229561009,1170.1921291165054,730.9055209123762,650.702253082185,55392.161178788025,73087.02314133542,15193.188005397797,5,TLC Car Wash,RoadRunner Express Car Wash ,Ultimate Shine Car Wash,0.0082590012505686,Tunnel Car Wash,Express/Lube,www.facebook.com,1.320956701176002,Tunnel Car Wash,Express (Coming),www.rrexpresscarwash.com,1.773645405924204,National Chain,Express,www.ultimateshinecarwash.com,4,Target,1.087232121708518,Walmart USA,1.2069852709382534,Walmart USA,1.6179350213896369,4,2,584,2276,2201,2386,2232,1484,primary,53.55064544080121,3dollarcarwash_000146
rinsemyride_000430_4,bottom100,Rinse My Ride Cactus,rinsemyride_000430,4,AZ,West,3510 W Cactus Rd,33.596954,-112.134696,14837.0,2025.0,1236.0,25,rinsemyride_000430,33.5971226,-112.1348587,Rinse My Ride,Lat/Lng,-112.1348587,33.5971226,Rinse My Ride,163002.2612647568,-0.0200068555920616,-0.0228121160451517,39.274561739089705,85425.99182907189,95222.85282175976,74948.56747991407,26203.279872804647,21299.73016183265,20658.080384392757,8450.163737561787,3088.418087337399,1399.1101022164803,107315.60500373552,1.8154061964246424,6857.534842198249,4841.746783096343,3127.1414137675893,2192.639516965486,2371.809273786843,74948.56747991407,95222.85282175976,33177.46234259801,11,Rinse My Ride Car Wash,Raceway Car Wash,Cobblestone Auto Spa,0.0151769881248903,Tunnel Car Wash,Express,https://rinsemyrideaz.com,0.918165458899144,National Chain,Express,https://racewaycarwash.com,0.9787541484156116,National Chain,Express,https://cobblestone.com,2,Target,1.577454683289852,Walmart USA,1.8526085182065208,,0.0,0,0,1504,6127,4114,5381,4877,2876,secondary,67.98239453448429,rinsemyride_000430
185441sparkle_1,bottom100,SPARKLE AUTO WASH,185441sparkle,1,AZ,West,1635 E Florence Blvd,32.878957,-111.717279,14603.0,2023.0,1217.0,51,185441sparkle,32.8790796,-111.7171495,Sparkle Auto Wash,Lat/Lng,-111.7171495,32.8790796,Sparkle Auto Wash,46734.838615877554,0.2502968931389168,0.1300240413115005,43.53385199588162,21477.66475663375,104092.0595587458,72397.7340924351,5987.102828613017,6703.161046011839,6099.003210884053,2222.370606388198,1134.4077415770153,473.4918762331363,32473.369634418283,1.8844845295398256,1610.322267434909,1277.8536185390549,999.9031185281927,837.1810145467753,616.1896958102006,72397.7340924351,104092.0595587458,11416.923893422936,5,Sparkle Auto Spa,Super Star Car Wash,Clean Freak,0.0125928690025407,Tunnel Car Wash,Full-Serve/Ext./Lube,,0.0741512643646314,National Chain,Express,www.superstarcarwash.com,1.3027150714415765,National Chain,Express,https://cleanfreakcarwash.com,2,Walmart USA,0.3577004159096659,Target,1.92078822074323,,0.0,2,2,868,4991,4716,4692,4212,2363,primary,66.10182851925929,185441sparkle
cocopahcw_000495_1,bottom100,BDP's Kwapa Car Wash,cocopahcw_000495,1,AZ,West,3200 W Casino Dr,32.606372,-114.651704,14562.0,2025.0,1214.0,38,cocopahcw_000495,33.5582145,-112.1298742,BDPu0027s Kwapa Car Wash,Lat/Lng,-112.1298742,33.5582145,BDPu0027s Kwapa Car Wash,201596.17365373077,-0.0171745472380402,-0.0203288653635059,38.004836168477546,103212.67711844773,86011.92044161574,66192.88688006427,35272.406933178194,26819.71343974257,22632.4211026649,8872.173354784492,3983.4791110144,1142.19703433197,120345.97732514328,1.6963726746038992,7472.281695399899,4821.291055727284,3168.41769229481,2100.311738288962,2320.0402470552363,66192.88688006427,86011.92044161574,35869.603126175236,12,Scrubbie’s Express Wash,Raceway Car Wash,Ultra Suds Car Wash,0.7677964879425702,Tunnel Car Wash,Express,https://scrubbiesexpress.com,1.286209539815304,National Chain,Express,www.racewaycarwash.com,1.442388606291879,Tunnel Car Wash,Full-service,No website,5,Walmart USA,1.109301819288058,Target,2.034653553982442,Walmart USA,2.1706192351354656,0,0,141,594,435,650,623,418,tertiary,62.9879079776526,cocopahcw_000495
autowashexpress_1,bottom100,AUTO WASH EXPRESS,autowashexpress,1,ON,,4060 MONTROSE ROAD,0.0,0.0,14545.0,2023.0,1212.0,58,autowashexpress,43.113435,-79.1235393,Auto Wash Express,Lat/Lng,-79.1235393,43.113435,Auto Wash Express,0.0,0.0,0.0,0.0,0.0,0.0,0.0,0.0,0.0,0.0,0.0,0.0,0.0,0.0,0.0,0.0,0.0,0.0,0.0,0.0,0.0,0.0,0.0,2,Autowash Express Car Wash,Mr. Quick Car Wash,,0.0479727542164247,Tunnel Car Wash,Full-Service/Ext./Detail,www.facebook.com,2.365481420517856,Tunnel Car Wash,Full-Service/Ext./Detail,www.quickcarwashniagara.com,0.0,,,,0,,0.0,,0.0,,0.0,0,0,0,0,0,0,0,0,,0.0,autowashexpress
washpoint_1,bottom100,Grease Monkey #561,washpoint,1,NM,West,1401 N Prince St,34.412433,-103.196157,14258.0,2025.0,1188.0,78,washpoint,34.4122884,-103.1961902,Grease Monkey #561,Lat/Lng,-103.1961902,34.4122884,Grease Monkey #561,38035.36564726394,-0.0304113465070673,0.0316003466990013,37.84876600732705,18432.815342480662,78526.75117167515,61255.43635416052,6526.040701410966,5583.443084184139,5429.081631537003,2343.6942245062673,506.5774527597241,302.7187573632691,27012.59261863219,1.8244574701130944,1412.0587446402642,784.1188253034488,497.6270770537085,392.80477146443445,391.7808464736445,61255.43635416052,78526.75117167515,8308.923631426529,3,Washpointe Car Wash,A Key Car Wash,Zips Car Wash,0.0125955437587263,Tunnel Car Wash,,,0.6133228374455382,Tunnel Car Wash,,,1.4276859293180912,National Chain,,,1,Walmart USA,1.799844580854857,,0.0,,0.0,0,1,270,1825,2156,2202,2054,1154,primary,57.6453467623817,washpoint
5025495monkey_2,bottom100,Grease Monkey 1116,5025495monkey,2,TX,South,5505 Bob Bullock Loop,27.548423,-99.450622,14238.0,2025.0,1186.0,32,5025495monkey,27.548313,-99.4504807,Monkey Shine,Lat/Lng,-99.4504807,27.548313,Monkey Shine,75122.26871462073,0.0043218338452112,0.0400374804588411,37.532049663358215,37278.65330575593,102750.70505301352,70888.47440249563,10657.966406830586,7699.0244715146255,9228.573621660704,3708.885653186124,1519.373368108878,307.5012890496291,44897.82859207806,1.878453567871175,2483.9897217373364,1859.2367497778032,1276.2147000145633,921.3861415472348,1278.5886278906837,70888.47440249563,102750.70505301352,13260.145164305111,4,Go Car Wash,Go Car Wash,Quick Quack Car Wash,1.62139833933567,National Chain,Express,www.gocarwash.com,1.9030163924560084,National Chain,Express,www.gocarwash.com,2.1307831474522447,National Chain,Express,www.dontdrivedirty.com,2,Walmart USA,2.137121775664047,Target,2.2422768368422576,,0.0,0,2,1557,7289,4503,5116,5048,3561,trunk,62.73828513424795,5025495monkey
182053watergap_1,bottom100,WATER GAP CAR WASH,182053watergap,1,KY,South,31 Justice Dr,37.297861,-83.215995,14156.0,2023.0,1180.0,53,182053watergap,37.2966164,-83.2146851,Water Gap Car Wash,Lat/Lng,-83.2146851,37.2966164,Water Gap Car Wash,6292.03099434427,-0.0381679532375132,-0.0196609178876305,42.40425688585185,2444.764374535531,122335.97965616088,54116.959493818926,606.2882709492696,919.0357090063626,820.6597107135458,335.2561774390051,55.4620580006158,138.97796507528983,4482.861720129382,1.8343182699236673,171.67081031040289,96.43925553653388,106.22449995332865,77.35120425303467,100.7714287941344,54116.959493818926,122335.97965616088,1837.596083054319,0,,,,0.0,,,,0.0,,,,0.0,,,,1,Walmart USA,0.1710935260557943,,0.0,,0.0,0,0,74,1128,1451,1646,1426,645,unclassified,51.3702579986435,182053watergap
172509mermaid_1,bottom100,SUPERIOR MERMAID CAR WASH,172509mermaid,1,TX,South,1750 NORTH PARK DRIVE,0.0,0.0,14016.0,2025.0,1168.0,78,172509mermaid,30.068153,-95.2278537,Superior Mermaid Carwash,Lat/Lng,-95.2278537,30.068153,Superior Mermaid Carwash,73562.95419201814,0.1098648639343552,0.0173706678735714,40.113332561853014,37552.88843738707,125572.84708993936,99176.41157189588,8852.752043718938,9234.122658206385,11687.455887838963,3958.9702066658065,1051.0252814760895,340.5687422240153,50392.88989090617,1.82247531713193,2796.4956161160953,2581.558702732669,2396.71746842633,1538.6104853900615,2473.7305857609026,99176.41157189588,125572.84708993936,18828.31959244632,7,Superior Mermaid Car Wash,Quick Quack Car Wash,Pirates Cove Car Wash,0.0287444687176424,Tunnel Car Wash,Full-service/ext./detail/lube,www.,0.5500954378663256,National Chain,Express ,www.dontdrivedirty.com,1.1265069190633823,Tunnel Car Wash,Full-service/detail,www.facebook.com,2,Walmart USA,0.8019254263071149,Walmart USA,2.7109010383618415,,0.0,4,0,652,3465,2941,3690,3650,2311,secondary,78.43426188757688,172509mermaid
rinsemyride_000430_1,bottom100,Rinse My Ride Glendale,rinsemyride_000430,1,AZ,West,5515 N 59th Ave,33.517119,-112.185799,13959.0,2024.0,1163.0,38,rinsemyride_000430,33.5171611,-112.1857956,Rinse My Ride,Lat/Lng,-112.1857956,33.5171611,Rinse My Ride,211461.63724578172,-0.0134934000693759,-0.0166617346485044,34.77901884990979,103752.4271687502,78943.04548559792,64584.952020158664,32350.699888618197,20569.12153302855,20494.599350410514,9942.211468713123,4145.250023639295,1859.234987088479,117262.12966998851,1.871350562462421,6100.826379518025,3610.583599279169,2577.0424214301165,1500.434051936027,1422.2592293121852,64584.952020158664,78943.04548559792,30453.972991689807,11,Weiss Guys Express Car Wash,Grandview Car Wash,Francis & Sons Car Wash,0.0084470517542188,National Chain,Express/SS/Dog wash,www.weissguysaz.com,0.3369031907379475,Tunnel Car Wash,Flex,www.,1.196178706120386,National Chain,Express,,3,Walmart USA,1.5993037736266562,Walmart USA,2.375976545895067,Walmart USA,2.4443743145515047,1,0,297,977,623,952,827,466,tertiary,62.87528694565864,rinsemyride_000430
yamatogas_000504_1,bottom100,Yamato Gas,yamatogas_000504,1,FL,South,801 W Yamato Rd,26.394565,-80.103134,13259.0,2025.0,1105.0,41,yamatogas_000504,26.3944943,-80.1161383,Finz Car Wash,Lat/Lng,-80.1161383,26.3944943,Finz Car Wash,83240.35551309737,0.0544344946854051,0.0414902618795665,46.19396701014753,39561.01736201765,179154.95218542172,116681.39737039791,9820.805857196916,14144.83400819311,14024.512020735536,3020.760477870237,1106.5907643213868,215.23468651482835,56758.67597313458,1.650881819664108,3525.726752288174,2723.12370576337,2403.1619381527416,2381.2833686224185,4766.368114229292,116681.39737039791,179154.95218542172,24581.10431545228,7,Finz Car Wash,Signature Car Wash,Boca Mart,0.7964207107369312,Tunnel Car Wash,Flex/Detail/Petrol,www.finzcw.com,1.9433160263423956,Tunnel Car Wash,Full-Service/Ext./⛽,No website,2.051607763605125,Tunnel Car Wash,Exterior/Petrol,www.exxon.com,1,Walmart USA,2.940864963125344,,0.0,,0.0,9,4,37,578,395,331,311,131,unclassified,78.81809196906926,yamatogas_000504
jupitercw_000637_1,bottom100,Jupiter Galaxy Car Wash,jupitercw_000637,1,FL,South,6751 W Indiantown Rd,26.935102,-80.137123,13202.0,2025.0,1100.0,29,jupitercw_000637,26.934891,-80.137243,Jupiter Galaxy Car Wash,Lat/Lng,-80.137243,26.934891,Jupiter Galaxy Car Wash,59699.95667919284,0.0277325669184506,0.0082827938711112,43.92324674410784,32800.6207452598,189249.439325371,124013.350531007,5184.202920611831,7072.632777952473,10091.205370597423,3571.305978320306,962.996855675592,281.65675165783614,43229.23263509979,1.8872781385316584,2473.753308317857,2031.1941800541244,1782.1206741238711,1672.453930274001,3292.5558434402337,124013.350531007,189249.439325371,17735.17832012684,3,Rock'N Car Wash,Unlimited Auto Wash ,Mint Eco Car Wash,0.0147282756953198,Tunnel Car Wash,Express,,0.19630926495697,Tunnel Car Wash,Full-Service/Ext./Detail,www.unlimitedautowashclub.com,0.7236339619885143,Tunnel Car Wash,Full-Service/Ext./Detail,www.mintecocarwash.com,1,Walmart USA,0.5758393543671697,,0.0,,0.0,4,0,728,6216,4897,5655,4652,2487,primary,83.52218263375022,jupitercw_000637
lakeeffect_000492_1,bottom100,Lake Effect George St,lakeeffect_000492,1,NY,Northeast,145 George St,43.455418,-76.516106,13084.0,2025.0,1090.0,46,lakeeffect_000492,43.462507,-76.484766,Lake Effect,Lat/Lng,-76.484766,43.462507,Lake Effect,21462.173493290786,0.0005450104713563,-0.0080052726311391,41.648327017257465,10772.904468632769,83695.62884664447,63410.63545273298,3790.114124195766,3699.235965610714,3062.246929259505,552.4671301592607,212.4740470603574,143.95093830139376,13050.782094355904,1.4605420468048391,818.0465907759499,598.3843065539841,463.4008831912652,317.55537245539017,324.25209768279456,63410.63545273298,83695.62884664447,5152.9917069691,1,Lake Effect Car Wash (Coming S,,,0.0086012661851782,Tunnel Car Wash,Express,No Website Listed,0.0,,,,0.0,,,,1,Walmart USA,0.3217773679010776,,0.0,,0.0,1,0,267,922,860,988,637,263,tertiary,57.80186981461959,lakeeffect_000492
magnuscarwash_000376_1,bottom100,Magnus Car Wash,magnuscarwash_000376,1,CA,West,Kendall Dr,34.198812,-117.374506,12551.0,2025.0,1046.0,47,magnuscarwash_000376,34.181835,-117.342148,Magnus Car Wash,Lat/Lng,-117.342148,34.181835,Magnus Car Wash,55686.85275858082,-0.007735926794847,0.0382857118840496,35.78935159013464,28766.683201905573,105289.13676140888,86777.45204242942,6149.3867737267865,4013.722907677875,5303.868787228945,3004.768583390978,1806.1428333426593,941.7404197896832,35569.03966462775,2.3075119943348152,1858.5534632878844,1416.140681613237,954.6757509985472,736.6597272144863,888.3247910410864,86777.45204242942,105289.13676140888,9368.021267080096,4,Bliss Car Wash,Mister Car Wash,Kendall Express Car Wash,1.1650455301208973,National Chain,Express,www.blisscarwash.com,1.2092992571587338,National Chain,Express,www.mistercarwash.com,2.250040267063305,Tunnel Car Wash,Express/⛽,www.76.com,1,Walmart USA,1.198261553126398,,0.0,,0.0,0,0,575,3068,2158,3118,2793,1493,secondary,73.09954470424984,magnuscarwash_000376
magicbrush_000533_1,bottom100,Moreno Valley,magicbrush_000533,1,CA,West,22330 Cactus Ave,33.910598,-117.273396,12414.0,2025.0,1034.0,35,magicbrush_000533,33.9105334,-117.2733655,Magic Brush,Lat/Lng,-117.2733655,33.9105334,Magic Brush,99886.22130410722,0.0029441900907633,0.0129598772450407,36.23128818575711,50500.55189157539,111329.66435577306,90348.11605826534,13259.941951262532,7541.264573434601,10208.077300462406,5029.301765284035,2943.090440410888,1343.14943581447,61533.43341092742,2.182852848282975,3306.2018319573253,2622.52766849054,1887.3982583000325,1579.0291559137404,1892.4723238123115,90348.11605826534,111329.66435577306,15110.207158098929,14,Magic Brush Car Wash,Bliss Car Wash,Plaza Hand Car Wash,0.0055056747698027,Tunnel Car Wash,Express/⛽,www.magicbrushexpress.com,0.1555284347196171,National Chain,Express,www.blisscarwash.com,0.9724688682035992,Tunnel Car Wash,Full-Service/Detail,No website,2,Target,2.0151723898638045,Walmart USA,2.0649163960676495,,0.0,3,3,3653,9592,5913,7129,6496,4405,secondary,74.69610481817506,magicbrush_000533
superfineautospa_000443_1,bottom100,Superfine Lakewood,superfineautospa_000443,1,CA,West,21011 Pioneer Blvd,33.838438,-118.08241,12335.0,2025.0,1028.0,38,superfineautospa_000443,33.8384028,-118.0824009,Superfine Auto Spa,Lat/Lng,-118.0824009,33.8384028,Superfine Auto Spa,217534.0516102272,-0.0152418877640802,0.003896332607487,42.77992396771617,116389.06862134952,159250.27285576,131482.70473875073,22380.81973048288,15832.784474182292,28158.819351936578,15109.624916427769,6611.10664262448,2790.658416731516,157877.01658149424,2.2263577823255756,7768.093199444236,7134.054804913583,6560.8085471993545,5509.851078912499,10199.239362367662,131482.70473875073,159250.27285576,48755.406584633165,12,Superfine Auto Spa,Hawaiian Gardens Car Wash & Detail,Surf N' Shine Express Car Wash,0.0035109221017963,Tunnel Car Wash,Full-Service/Ext./Detail/Lube,www.superfineautospa.com,0.5272774560124314,Tunnel Car Wash,Full-Service/Ext./Detail (Hand,www.instagram.com/hghandcarwas,0.5701676891119344,Tunnel Car Wash,Flex/Detail/Lube,www.surfnshine.com,5,Walmart USA,0.8114651145495809,Target,1.3119251844359527,Target,1.4768326950835382,3,2,178,1337,1061,1471,1391,672,secondary,84.10778147027939,superfineautospa_000443
147781mistic_3,bottom100,Fairborn Car Wash,147781mistic,3,OH,Midwest,1052 Kauffman Ave,39.809856,-84.025943,12109.0,2025.0,1009.0,78,147781mistic,39.8098066,-84.0258578,Mistic Express Car Wash,Lat/Lng,-84.0258578,39.8098066,Mistic Express Car Wash,38368.9236523961,0.0194198276570333,-0.0035820311131767,38.31004561146455,20033.169021244597,88562.495013057,69188.11701712418,8426.461527745996,6629.48790553381,6371.9202571773785,2100.45030040486,549.6945891217329,124.8177136782324,28497.54624598124,1.6889136220581924,1679.6678852961631,1174.4591432466989,913.9328509291518,630.5617722020252,622.7985793185653,69188.11701712418,88562.495013057,8449.855175620993,1,Wash it Dean,,,0.0023472668899407,Tunnel Car Wash,,,0.0,,,,0.0,,,,0,,0.0,,0.0,,0.0,1,0,444,2176,1950,2370,2209,1352,primary,63.81972963334599,147781mistic
venicecarwash_1,bottom100,VENICE CAR WASH,venicecarwash,1,FL,South,700 S Tamiami Trail,27.088663,-82.443852,12060.0,2025.0,1005.0,76,venicecarwash,27.0888194,-82.4438975,Venice Car Wash,Lat/Lng,-82.4438975,27.0888194,Venice Car Wash,40170.96590025246,0.0521468188999885,0.0067114241016248,60.85952837744328,15582.73814826284,133575.67126110464,78018.72391972563,4511.110964601394,10446.21362453152,7786.26623657631,1108.072806287324,502.8895154853817,41.541892984882,31562.23204341205,1.5122426212120332,2057.1397097911104,1642.200022738543,1124.5895797631238,831.5044602192356,1394.5325941522606,78018.72391972563,133575.67126110464,16360.03206542082,5,Venice Car Wash,Tommy's Express® Car Wash,Tommy's Express® Car Wash,0.0036027847094165,Tunnel Car Wash,Full-Service/Ext./Detail,www.venicecarwash.com,1.1365506639099603,National Chain,Express,www.tommys-express.com,1.9752324175617129,National Chain,Express,www.tommys-express.com,0,,0.0,,0.0,,0.0,4,0,109,1361,1495,2029,1272,766,primary,70.26711431140194,venicecarwash
grandprix_1,bottom100,Grand Prix CW,grandprix,1,CA,West,3080 San Pablo Dam Rd,37.959533,-122.32904,11966.0,2025.0,997.0,77,grandprix,37.9597076,-122.328985,Grand Prix Car Wash,Lat/Lng,-122.328985,37.9597076,Grand Prix Car Wash,172855.42726268608,-0.0065869799066886,0.0125474502713225,39.81544852669876,92266.59897841164,128095.5506051828,98645.87740204138,25091.58902049437,16581.787856062758,18339.278881734353,9623.3844267783,3880.4908714190824,1810.5774158078711,106705.34946458205,1.958789983904376,5828.897453370388,4526.081995828077,4108.236287703621,3521.814428799087,5027.996963942656,98645.87740204138,128095.5506051828,29613.97392948682,4,Grand Prix Car Wash,Grand Prix Express Car Wash,Ka Cees' World of Water,0.002058724625682,Tunnel Car Wash,Full Service/Ext/Detail,www.grandprixcarwash1.com,1.0624712870853297,Tunnel Car Wash,Exterior/Petrol,www.grandprixcarwash1.com,1.3064950860191746,Tunnel Car Wash,Exterior/Pretrol,No website ,3,Walmart USA,1.4018295845401525,Target,1.921688942045141,Target,2.2101201497383145,1,1,660,3698,2462,3380,3041,1568,primary,76.47819349839683,grandprix
patriotpetro_000084_1,bottom100,Patriot Petroleum,patriotpetro_000084,1,RI,Northeast,2340 W Main Rd,41.55915,-71.287695,11946.0,2025.0,996.0,78,patriotpetro_000084,41.560534,-71.285656,Patriot Petroleum,Lat/Lng,-71.285656,41.560534,Patriot Petroleum,17656.95663684653,-0.016632749686418,-0.0020968161975028,43.4362583458433,9842.37367034296,156379.16834126462,117665.6853374136,2632.674022667343,2381.7347159386845,2602.9752854625694,1033.255326583749,367.81215479120146,225.88094180938788,13288.104594826817,1.9116713360558737,786.7969940314069,682.0745200495003,597.0908208950423,406.6672423026758,884.5842715706676,117665.6853374136,156379.16834126462,4361.486639885115,2,Patriot Car Wash,Blue Wave Car Wash,,0.0417500074222581,Tunnel Car Wash,,,1.6768953554589672,Tunnel Car Wash,Exterior/Detail,www.bluewavecarwash.com,0.0,,,,0,,0.0,,0.0,,0.0,1,0,801,5970,4298,5064,3884,1966,trunk,80.08859237960395,patriotpetro_000084
wilkinsexpress_1,bottom100,Hurricane Car Wash,wilkinsexpress,1,NY,Northeast,7167 NY-54,42.349039,-77.308937,11762.0,2025.0,980.0,78,wilkinsexpress,42.3490624,-77.3089481,Express Auto Wash,Lat/Lng,-77.3089481,42.3490624,Express Auto Wash,8017.315719962819,-0.03408091281297,-0.02814269031109,45.33287257455691,3671.075297433185,69967.78171902557,52090.632884077866,1372.1134210040327,1439.61921308015,1126.8100437112153,334.7918705774937,75.88883568160236,17.975583656225353,5091.048173242598,1.4073591104696013,258.41663511062507,195.6278438254958,137.85350559605286,76.17543039366137,70.18539699027315,52090.632884077866,69967.78171902557,2245.361008493346,1,Express Auto Wash,,,0.0026740670557577,Tunnel Car Wash,,,0.0,,,,0.0,,,,0,,0.0,,0.0,,0.0,0,0,164,1530,1339,1356,876,353,primary,52.60115807566334,wilkinsexpress
shineshack_000021_1,bottom100,Shine Shack,shineshack_000021,1,FL,South,1195 S Wickham Rd,28.087601,-80.672156,11729.0,2022.0,977.0,39,shineshack_000021,28.087322,-80.671971,Shine Shack Car Wash,Lat/Lng,-80.671971,28.087322,Shine Shack Car Wash,52544.552589622544,0.1051873633699366,0.0540179860873321,45.34514705038034,25848.056917446826,108584.94589169482,90144.98934091836,4827.512437212616,8702.912729699718,7702.880309347835,2772.1124844279548,746.2729161946918,728.864662752705,39054.42578022154,1.8223374460318609,2661.361802314408,1732.929828438675,1370.0656026312936,1063.5651534073695,1419.5579739292298,90144.98934091836,108584.94589169482,16645.12740359835,4,Empire Car Wash,El Car Wash,Mister Car Wash,0.0259358777365838,Tunnel Car Wash,Full-Service/Ext./Detail,www.instagram.com/empirecarwas,0.8886239416004751,National Chain,Flex,www.elcarwash.com,1.9840936366037465,National Chain,Express,www.mistercarwash.com,2,Target,0.6065760941544439,Walmart USA,2.4650846186259745,,0.0,4,3,705,5115,4186,4187,3637,2107,secondary,73.77472132763319,shineshack_000021
circlek_000060_3,bottom100,Spectacular 1830,circlek_000060,3,KY,South,1830 E. Hwy 80,90.0,90.0,11044.0,2025.0,920.0,35,circlek_000060,37.101642,-84.589963,Circle K,Lat/Lng,-84.589963,37.101642,Circle K,17197.496584065666,0.0180560815160223,0.0247225356799322,42.15603442835295,7545.264759165002,85883.22387718495,46562.57109817769,2907.084683368914,3009.9008380160667,1966.7276734391928,982.7524384572172,413.33353924239054,172.09798343805596,12405.437574425943,1.7742232031833802,690.0198584543541,329.64316905569285,164.80281679565087,166.46157793910243,237.8911942269187,46562.57109817769,85883.22387718495,4131.152568464982,1,SpeedWash Car Wash,,,2.2419577718943224,National Chain,Express,www.speedwashusa.com,0.0,,,,0.0,,,,1,Walmart USA,2.9476260788746127,,0.0,,0.0,1,0,83,415,310,391,385,212,tertiary,47.40329787820877,circlek_000060
17340cougar_1,bottom100,COUGAR RIDGE,17340cougar,1,TX,South,10215 China Spring Rd,31.629688,-97.240873,10551.0,2022.0,879.0,41,17340cougar,31.6294936,-97.2410356,Cougar Ridge,Lat/Lng,-97.2410356,31.6294936,Cougar Ridge,9218.979433165396,0.0091930875914683,0.014072797360024,36.64536310171432,4809.564610071015,126219.36433163118,112544.95905394296,803.3712334497832,523.7899863028433,1580.504387306748,769.3240740166511,181.61544623435475,55.96882976195775,6999.0769167135,2.2412413741059467,406.34851315431297,343.0480771122966,370.4913414705079,307.6461392363999,190.15020847250707,112544.95905394296,126219.36433163118,2319.486035551643,1,Cougar Ridge Car Wash,,,0.0206052625036398,Tunnel Car Wash,Express/SS,www.facebook.com,0.0,,,,0.0,,,,0,,0.0,,0.0,,0.0,0,0,293,3190,1882,2003,2016,849,secondary,82.5993935701888,17340cougar
prestigeautospa_000140_1,bottom100,Prestige Auto Spa,prestigeautospa_000140,1,FL,South,15180 Biscayne Blvd,25.915846,-80.156975,10379.0,2025.0,865.0,78,prestigeautospa_000140,25.915632,-80.156985,Prestige Auto  Spa,Lat/Lng,-80.156985,25.915632,Prestige Auto  Spa,202757.69539395045,0.0803948001577512,0.0301292969938384,42.8454358696578,106634.92299914268,113507.0028288746,74660.36634740022,39913.81834664196,39731.96451184084,24465.544187570456,6305.038942133309,1103.6389853223227,636.8429493224248,115176.9404012831,1.4419972978595903,7388.543087139726,5145.666842576582,3821.982046007645,3302.3216499681585,5457.387203475926,74660.36634740022,113507.0028288746,39973.252578789135,4,Prestige Auto Spa,El Car Wash,El Car Wash,0.0092910117156357,Tunnel Car Wash,Flex,www.prestigeautospa.com,2.2937981527973412,National Chain,Express,www.elcarwash.com,2.486129923447878,National Chain,Express,www.elcarwash.com,2,Target,0.6530978701860566,Walmart USA,1.2205323076694832,,0.0,9,2,1647,7757,5451,5962,6006,4508,primary,65.92254848798711,prestigeautospa_000140
splashnfoam_000229_1,bottom100,Splash N Foam,splashnfoam_000229,1,TX,South,705 Fannin St,28.330981,-98.116302,10158.0,2025.0,846.0,72,splashnfoam_000229,28.330524,-98.116531,Splash N Foam,Lat/Lng,-98.116531,28.330524,Splash N Foam,2671.5600092806853,-0.0087274276012307,-0.0044111380336274,43.04159187173449,1163.123764370568,74836.84170325368,60464.06851369571,262.11128797661513,358.30539667536505,325.7265929467976,142.06349153839983,25.13615586911328,20.407721314113587,1638.5322872311808,1.6547614200024292,98.43413629452698,89.35216266405769,51.8303968643304,26.239505202276632,16.67929195915349,60464.06851369571,74836.84170325368,728.0811756770127,0,,,,0.0,,,,0.0,,,,0.0,,,,0,,0.0,,0.0,,0.0,0,0,1048,2545,2550,2855,2449,1687,trunk,55.53386951763025,splashnfoam_000229
104486national_1,bottom100,RIVERHEAD TOYOTA CAR WASH,104486national,1,NY,Northeast,1655 County Rd 58,40.923921,-72.698484,10012.0,2025.0,834.0,77,104486national,40.9238117,-72.6984423,Riverhead Toyota Car Wash,Lat/Lng,-72.6984423,40.9238117,Riverhead Toyota Car Wash,22886.758870664053,-0.0054424513750474,0.000221327517597,44.26068025180649,10073.51311750547,114407.5287494032,88398.32054794159,2399.1332865454606,3153.4160581185133,2887.60382127139,1048.2648273010273,362.65699545899406,230.39670763909817,14676.029702595844,1.7527975423848037,852.1494865369168,641.2749172605108,600.881678475067,581.4335105048376,618.4266518732766,88398.32054794159,114407.5287494032,5984.624303964782,2,Washville,North Fork Car Wash,,0.2784316224050682,National Chain,Express (coming per website),www.washvillecarwash.com,1.60513113425662,Tunnel Car Wash,Full-Serve/Ext./Detail,https://northforkcarwash.com,0.0,,,,2,Walmart USA,0.697581393543579,Target,1.1562812710693042,,0.0,2,0,939,7506,6652,6808,5524,2941,primary,69.38677582020445,104486national
196965briteshine_1,bottom100,BSCW,196965briteshine,1,OK,South,1300 W Vandament Ave,35.492148,-97.7621,9632.0,2022.0,803.0,36,196965briteshine,35.491446,-97.761891,Brite Shine Car Wash,Lat/Lng,-97.761891,35.491446,Brite Shine Car Wash,47670.66304705839,0.223171463091163,0.0696447363858921,39.18527829692197,25962.008472626218,104198.44935912392,85315.22067328055,4419.193576671765,4984.582687661634,8218.01546999556,3460.994328929228,870.6088138117921,143.73784870561212,36004.721113215666,1.9830540575563864,2351.5376476523234,1687.8267613705248,1161.9417212683477,872.9979979847558,770.0677473871037,85315.22067328055,104198.44935912392,13757.120652188198,5,Watershed Car Wash,Okie Express Auto Wash,Charlie's Car Wash,0.0031587057248579,National Chain,Express,www.watershedcarwash.com,0.8826371765836949,National Chain,Express,www.okieautowash.com,1.389577981628525,National Chain,Flex,www.charlies.com,3,Walmart USA,0.0960883938576247,Target,0.7412037549008719,Walmart USA,2.372798848376138,1,0,347,4114,4205,4230,3866,1743,tertiary,77.40994800723333,196965briteshine
circlek_000060_4,bottom100,Spectacular 3002,circlek_000060,4,KY,South,3002 S Hwy 27,37.102142,-84.60609,9325.0,2025.0,777.0,26,circlek_000060,37.0502256,-84.626411,Circle K,Lat/Lng,-84.626411,37.0502256,Circle K,17795.551495877735,0.0053271976395652,0.0320404941434548,42.57814097941581,7642.506387595902,79226.46648945117,52255.55827098266,2807.0210511639016,3144.120069183875,2167.416600183584,1111.9551888842834,258.91141659824643,92.54487941751722,12313.188899684465,1.7303078738459403,630.9450700089801,278.225404260098,189.6222469446948,171.70254706253763,151.5279467755463,52255.55827098266,79226.46648945117,4330.612990196445,2,SpeedWash Car Wash,Xpress Car Wash,,1.9585450932811517,National Chain,Express,www.speedwashusa.com,2.988615864768257,Tunnel Car Wash,Full-service/Ext/SS/Detail,No Website,0.0,,,,1,Walmart USA,1.270043983131814,,0.0,,0.0,3,1,224,1910,2490,2753,2382,1230,primary,51.11932555984325,circlek_000060
186961superior_1,bottom100,KWIK CAR WASH,186961superior,1,KY,South,4000 Catnip Hill Rd,37.928892,-84.550223,9285.0,2025.0,774.0,78,186961superior,37.929019,-84.550586,Kwik Car Wash,Lat/Lng,-84.550586,37.929019,Kwik Car Wash,20617.14960793464,0.0989951753315767,0.0734656455093982,39.92363839188988,10644.194239430828,118931.85551799144,90467.37007685138,2197.615890240704,2034.9150103037248,3587.9317266482394,1377.056099973037,368.7546656688792,168.95979786553653,15661.764415522512,2.041701611328294,1011.3848578989272,752.0538388632704,497.0215986909461,371.6013398010982,500.88183866342297,90467.37007685138,118931.85551799144,5501.615195023478,4,Childers Oil,Clean Sweep Car Wash,Alan's Express Car Wash,0.0159731782966205,Tunnel Car Wash,,,1.8479225046586587,Tunnel Car Wash,Express,https://cleansweepcarwash.com,2.1067548840103836,Tunnel Car Wash,Express,www.publicreputation.com,1,Walmart USA,2.1588480407561206,,0.0,,0.0,2,0,64,880,685,729,543,152,secondary,76.66761966948751,186961superior
citgocarwash_000035_1,bottom100,Dallas Kwik-Mart,citgocarwash_000035,1,PA,Northeast,2384 Memorial Highway,40.654967,-76.100837,9122.0,2025.0,760.0,78,citgocarwash_000035,41.331339,-75.953663,Citgo Car Wash,Lat/Lng,-75.953663,41.331339,Citgo Car Wash,18627.27546204143,0.0064704016240804,-0.002297733626,45.06996605745262,9506.664952553052,130076.32093839523,102132.81174201224,1664.4849208723172,2358.1349834351568,2959.309775397589,1321.927517423348,313.2973314123228,82.5832361500361,13908.64259289985,1.872364121931901,753.1073541182559,694.9795220877859,662.6387480933336,487.02901574986754,663.1340244123712,102132.81174201224,130076.32093839523,5775.596540676837,0,,,,0.0,,,,0.0,,,,0.0,,,,0,,0.0,,0.0,,0.0,0,0,515,3957,3104,3546,3048,1586,trunk,75.58092326183353,citgocarwash_000035
rinsemyride_000430_2,bottom100,Rinse My Ride Union Hills,rinsemyride_000430,2,AZ,West,515 E Union Hills Dr,33.653881,-112.067082,9120.0,2025.0,760.0,44,rinsemyride_000430,33.654203,-112.06713,Rinse My Ride,Lat/Lng,-112.06713,33.654203,Rinse My Ride,126950.15722420602,0.0174800721339352,0.002287750395515,40.569507153936634,72670.856282047,110732.67216549536,83805.48238940389,21644.02128580725,20946.632314321814,18647.854971259367,7498.921177270124,1740.237150872359,1294.5964694900904,94173.0367395908,1.7947115275909784,6081.622383139562,4418.682120943675,2998.768125654664,2407.6134460244793,3248.3712381098885,83805.48238940389,110732.67216549536,30959.2804444232,10,Rinse My Ride,Desert Auto Wash,Bell Auto Spa,0.0297314595759036,Tunnel Car Wash,Express/SS,www.rinsemyrideaz.com,1.1213626637225027,Tunnel Car Wash,Full-service,,1.1979446841932626,National Chain,Flex/Detail/⛽/Lube/+,https://bellautospa.com,2,Target,1.1178033325731065,Walmart USA,2.1403624969794097,,0.0,5,0,655,4725,2692,3782,3197,1583,secondary,73.34232922574962,rinsemyride_000430
b3carwash_000524_1,bottom100,B3 Car Wash,b3carwash_000524,1,TX,South,611 Tenaha St,32.992996,-96.664822,8795.0,2023.0,733.0,31,b3carwash_000524,31.803875,-94.186578,B3 Car Wash,Lat/Lng,-94.186578,31.803875,B3 Car Wash,6592.124049672857,-0.0109340595345123,0.013888924095139,39.18346240998239,3129.2299221233698,84531.76801443237,58316.07232233563,743.6865977064008,764.3232390317135,1060.9673529478025,241.75074594304897,201.80344613816123,18.636360539007,4511.905770004145,1.8516577681056177,251.61508439166937,118.42613522219472,32.10420586820692,30.219391388702206,100.97917569347192,58316.07232233563,84531.76801443237,1692.9978953574318,0,,,,0.0,,,,0.0,,,,0.0,,,,1,Walmart USA,0.4696025044551964,,0.0,,0.0,0,0,124,1183,1285,1270,1062,513,primary,58.61330689502901,b3carwash_000524
haffners_000014_13,bottom100,"King Street, Littleton",haffners_000014,13,MA,Northeast,25 King St,42.538856,-71.509758,8756.0,2024.0,730.0,63,haffners_000014,42.5386342,-71.5100012,Haffners,Lat/Lng,-71.5100012,42.5386342,Haffners,17231.427413691068,0.0586365166045533,0.0070571886496147,43.25747313682075,10183.992011174094,206732.77258807057,167638.3975420111,1181.1197175094858,1850.6216412622016,2800.1710909316316,1135.4898113191591,379.8235403406434,143.27893047151156,13093.122070803074,2.0188201253874767,496.8014788890723,447.6053104342427,509.3018803286832,485.5423065100331,1463.1794456988573,167638.3975420111,206732.77258807057,5314.381190558663,1,Haffner's Car Wash,,,0.0152435584604863,National Chain,Express/Detail/⛽,www.haffners.com,0.0,,,,0.0,,,,0,,0.0,,0.0,,0.0,0,0,486,3023,2008,2388,1897,777,primary,88.26461989195302,haffners_000014
167300jcauto_1,bottom100,JC AUTO WASH,167300jcauto,1,NE,Midwest,701 S Dewey St,41.127653,-100.762632,8054.0,2025.0,671.0,78,167300jcauto,41.127633,-100.762562,Jc Auto Wash,Lat/Lng,-100.762562,41.127633,Jc Auto Wash,22661.862460776116,-0.0438963189597629,-0.0082887087636212,41.706520244667715,11596.47964207572,72132.19581220615,60398.33402843421,3868.898252721876,3691.515748813515,3168.6004627579823,1725.126706394367,495.9720855446066,325.4671061754925,18815.32066656847,1.907904371218884,883.168590849149,577.1226291812491,449.0366673443932,246.74551413196605,152.65852009737864,60398.33402843421,72132.19581220615,6036.477994735003,2,JC's Auto Wash & Lube,Super Suds Car Wash,,0.0061509939809075,Tunnel Car Wash,Exterior/Lube,www.facebook.com,0.4693726865453958,Tunnel Car Wash,Express,www.supersudsne.com,0.0,,,,1,Walmart USA,0.533421224236687,,0.0,,0.0,0,0,230,1722,1879,1979,1904,1642,primary,57.206731141423035,167300jcauto
circlek_000060_1,bottom100,Spectacular 954,circlek_000060,1,KY,South,954 US-27,37.080489,-84.616969,7635.0,2025.0,636.0,78,circlek_000060,37.08059,-84.616911,Circle K,Lat/Lng,-84.616911,37.08059,Circle K,19281.09206972836,0.0239850765531684,0.0289818768816686,42.44633903711775,8220.096114054439,79568.56577167741,47788.78738630295,3339.0347332608653,3611.267312475946,2255.5516718850704,1171.312740933965,407.32261611381546,123.49245834094472,13883.061635207969,1.7228959975489455,776.3029242808698,373.9334552893415,178.0160807366483,137.8835567785427,196.5361125364434,47788.78738630295,79568.56577167741,4755.514710914693,1,SpeedWash Car Wash,,,0.2100292985286935,National Chain,Express,www.speedwashusa.com,0.0,,,,0.0,,,,1,Walmart USA,0.9148113418317524,,0.0,,0.0,2,0,274,1909,2381,2528,2304,1357,primary,48.02390005457416,circlek_000060
sandiegocarcare_000024_2,bottom100,Carmel Mtn Ranch,sandiegocarcare_000024,2,CA,West,11030 Rancho Carmel Dr,32.977,-117.0832,7401.0,2025.0,617.0,78,sandiegocarcare_000024,32.977045,-117.083182,San Diego Car Care Costa Verde,Lat/Lng,-117.083182,32.977045,San Diego Car Care Costa Verde,101317.62088905368,-0.0082068549167964,0.024367738752217,42.42697026617944,56169.11712821619,186372.72958615012,150433.85688847894,13884.16535622999,9995.81932274159,16648.553309592884,6283.167928928044,1818.48178617144,485.71795255644247,71844.94663617946,1.973799679893661,3877.931404140312,3376.017962235026,3055.9884706521407,2950.5591472471133,6874.561444560997,150433.85688847894,186372.72958615012,22577.937377337832,5,Carmel Mountain Ranch Car Wash/San Diego Car Care,Touch of Class Auto Care,Genie Car Wash,0.0033104488725611,Tunnel Car Wash,,,1.2794680718518956,Tunnel Car Wash,,,2.2059926964740595,Tunnel Car Wash,,,2,Target,1.3502213339084463,Walmart USA,2.921236874603206,,0.0,3,1,104,872,1116,1337,1218,597,secondary,88.44548697181222,sandiegocarcare_000024
circlek_000060_2,bottom100,Spectacular 1990,circlek_000060,2,KY,South,1990 Oak Hill Road,37.057958,-84.646206,7192.0,2025.0,599.0,47,circlek_000060,37.05817,-84.646174,Circle K,Lat/Lng,-84.646174,37.05817,Circle K,16767.711034636886,0.0247067142098988,0.0424931847442887,42.88564935437598,7188.138318579062,79667.50602969556,54336.064625340565,2458.5642934537027,2713.4902681139065,2258.94796040305,1170.7356651513835,264.466454960173,86.85323536302894,12235.725181029991,1.7929878195380688,590.4644929828355,276.57089687045664,198.0509313751245,195.6157618201105,153.49180451373104,54336.064625340565,79667.50602969556,4381.908218489378,1,SpeedWash Car Wash,,,2.0889925890059673,National Chain,Express,www.speedwashusa.com,0.0,,,,0.0,,,,1,Walmart USA,1.4419577526815042,,0.0,,0.0,3,1,170,1722,1333,1751,1713,886,tertiary,52.64027509878369,circlek_000060
105066ultimate_1,bottom100,ULTIMATE CAR WASH,105066ultimate,1,OK,South,1431 Cradduck Rd,34.760165,-96.662446,7084.0,2023.0,590.0,52,105066ultimate,34.7600708,-96.6627808,Ultimate Car Wash,Lat/Lng,-96.6627808,34.7600708,Ultimate Car Wash,17811.61578733733,-0.03810382519388,0.0104761555236679,38.25159286067567,8833.220664812456,82212.63913006491,61710.3659873615,3553.932116851094,2874.355898375856,2815.0243170943577,880.5503252313938,168.13098050223198,115.36570592480712,12395.407959891716,1.649749876451461,775.4660581622738,485.5472333797952,294.98341769131366,182.098998264526,233.85178260772955,61710.3659873615,82212.63913006491,4000.2233305975096,0,,,,0.0,,,,0.0,,,,0.0,,,,1,Walmart USA,2.0427715347874047,,0.0,,0.0,1,0,127,1585,1441,1375,1150,528,primary,58.87605285921668,105066ultimate
autoshineoil_1,bottom100,I-91 Express Wash,autoshineoil,1,CT,Northeast,168 Bridge St,41.931384,-72.606161,6937.0,2023.0,578.0,49,autoshineoil,41.930665,-72.606836,Brothers Car Wash,Lat/Lng,-72.606836,41.930665,Brothers Car Wash,27334.56416201312,0.0191858787613887,0.0064300272100453,44.96610051539573,15497.94394383952,119381.16141768797,98313.98010313492,2828.0638191238977,4128.035657546017,4876.725380673539,1432.8089623036794,688.6662312843837,123.63692830782384,21552.762872480787,1.8066333177507707,1620.6150067327544,1301.3104424555786,960.8642127644272,601.1015269011259,775.6238662297837,98313.98010313492,119381.16141768797,9108.925641183276,2,Optimo Brothers Car Wash,The Car Wash Center,,0.0410066145570346,National Chain,Flex,www.facebook.com,1.591304908682883,Tunnel Car Wash,Express/IBA,https://thecarwashcenter.com,0.0,,,,1,Walmart USA,0.7790812487051064,,0.0,,0.0,0,0,885,4278,3053,3661,3010,1643,secondary,78.5773772760117,autoshineoil
1003445texasstar_1,bottom100,"Texas Star Wash, LLC",1003445texasstar,1,TX,South,810 E NASA Pkwy,29.543576,-95.108501,6592.0,2025.0,549.0,78,1003445texasstar,29.5404262,-95.114501,"Texas Star Wash, LLC",Lat/Lng,-95.114501,29.5404262,"Texas Star Wash, LLC",75864.55483444243,0.0403235525290925,0.0030356055742273,39.48282385047122,42487.54240445901,107111.7287688836,77656.15975984538,18606.34241741392,15993.057070169292,11245.27334505385,2971.094292818627,1040.3867745524767,230.4652917312924,52710.76019559924,1.577289827885047,3633.3517363761785,2222.180724187303,1836.501712425263,1598.2721683064738,1973.802985776143,77656.15975984538,107111.7287688836,14842.542568434146,12,Texas Star Wash & Detail,Zoom Car Wash,Car Spa,0.4272750461362533,Tunnel Car Wash,Flex/Detail,www.texasstarwash.com,1.1057002762172394,Tunnel Car Wash,Express,www.zoomcarwashes.com,1.1183362511703168,National Chain,Flex/Detail/⛽/Lube,www.carspa.net,3,Target,2.2285404826834565,Walmart USA,2.80731265688445,Walmart USA,2.93310559414769,7,4,449,2421,2241,2234,2137,1074,primary,72.32937861397585,1003445texasstar
johnsontexacoexpress_000141_1,bottom100,Valvoline Express Care,johnsontexacoexpress_000141,1,TX,South,6455 Prutzman Rd,30.076626,-94.170614,6572.0,2025.0,548.0,78,johnsontexacoexpress_000141,30.076585,-94.170757,Valvoline Express Care,Lat/Lng,-94.170757,30.076585,Valvoline Express Care,49496.26863654493,-0.0035852875680135,0.0359927881329025,41.26628839718209,24972.49437207461,116161.61818888532,86608.84978960828,6796.0124453296885,7090.267385830637,7886.140726219979,2918.288780352683,752.9344425458694,172.399103433243,35491.148466678336,1.769425754743413,2399.796268359176,1582.1072445692262,1204.6990674296394,985.1331546559232,1368.6752647571266,86608.84978960828,116161.61818888532,13265.659961310565,6,Johnson Texaco Xpress Lube & Car Wash,Speedy Wash,Grand Slam Car Wash & Lube,0.0047931439215753,Tunnel Car Wash,Full-service/lube,www.johnsonxpress.com,1.2632959653237537,National Chain,Express/petrol,www.speedystop.com,1.9228575441532456,Tunnel Car Wash,Flex/detail/lube,www.grandslamcarwash.com,0,,0.0,,0.0,,0.0,3,0,218,1068,1225,1314,1230,700,secondary,71.37052216732114,johnsontexacoexpress_000141
mandmsuperiorcw_000282_1,bottom100,Splash N Shine,mandmsuperiorcw_000282,1,TX,South,3908 Avenue I,29.557556,-95.786139,5766.0,2022.0,480.0,35,mandmsuperiorcw_000282,29.557538,-95.786323,Splash N Shine,Lat/Lng,-95.786323,29.557538,Splash N Shine,58378.87118379731,0.1719840795155919,0.0998466774876349,38.346842569377216,30049.6369168713,91487.38420169438,77504.73122822863,8191.793802344007,6892.974902136833,8166.434318501153,3150.3095129167195,1086.2445986057865,124.8706446061842,37646.103695343365,1.8398872894589309,2385.9205395872705,1308.4596671779873,922.6371507638833,545.9359599385643,931.486113638035,77504.73122822863,91487.38420169438,12269.348950164858,6,Car Wash USA,BlueWave Express Car Wash,Rosenberg Car Wash,0.0115391552512751,Tunnel Car Wash,Express/Lube ,No Website,1.916086433162735,National Chain,Express,www.bluewaveexpress.com,1.9585882545993312,Tunnel Car Wash,Full-Service/Ext./Detail/Lube,No Website,2,Walmart USA,1.5270520569182626,Target,2.205035640107981,,0.0,2,1,418,3330,3036,3255,2941,1482,secondary,67.58316607832455,mandmsuperiorcw_000282
victorycarwash_000375_1,bottom100,Victory Car Wash,victorycarwash_000375,1,CA,West,12870 Mariposa Rd,34.484629,-117.332602,5673.0,2025.0,473.0,54,victorycarwash_000375,34.48464,-117.332855,Victory Car Wash,Lat/Lng,-117.332855,34.48464,Victory Car Wash,95148.4765647936,0.022722463616366,0.0593988595147691,36.74471532222,43770.927103312686,95371.69253260334,73417.60043077463,12763.424777932698,7702.8217070428655,9470.628895747475,5888.237919815583,2452.6533691072837,982.1718988104258,59030.26622846583,2.1340414609352996,2979.283183884574,2064.18990985048,1535.7106453697195,1182.0826167576015,1027.7954123371746,73417.60043077463,95371.69253260334,15066.110290400684,13,Redline Express Car Wash,Bear Valley Hand Car Wash,Super Star Car Wash ,1.031594488353471,Tunnel Car Wash,Express, www.redlineexpresscarwash.com,1.0451681173506386,Tunnel Car Wash,Full-service ,No website ,1.059310589655951,National Chain,Express,www.superstarcarwashaz.com,1,Walmart USA,1.8212705658116335,,0.0,,0.0,1,2,713,2947,3193,3539,2879,1764,secondary,64.74397866530165,victorycarwash_000375
completeadcw_000179_1,bottom100,Complete Auto Detail,completeadcw_000179,1,TX,South,1516 W 5th St,30.273818,-97.762871,5430.0,2025.0,452.0,78,completeadcw_000179,30.2738504,-97.7629511,Complete Auto Detail u0026 Car Wash,Lat/Lng,-97.7629511,30.2738504,Complete Auto Detail u0026 Car Wash,155978.62407514657,0.0189752954421881,-0.0174571408887986,35.75686749811348,94771.6812839026,189800.62512937703,121991.92476227986,45033.44886132865,37208.682293287944,22890.271832577884,4999.611858304474,981.2073402256938,294.7387200189987,103386.5844943549,1.3791972559597765,6181.918792198645,5592.841493973159,4931.201562882983,4557.316203320399,12139.498342297622,121991.92476227986,189800.62512937703,29976.862085254514,2,The Finish Line Car Wash,The Wash Shop,,1.717305126723656,Tunnel Car Wash,Full-Serve/Ext./Detail/+,https://finishlinewash.com,2.1713059004363298,National Chain,Flex/Detail,https://washshop.com,0.0,,,,2,Target,1.4366633652681946,Target,1.8851802638006288,,0.0,4,3,980,4869,3308,3528,4757,2682,secondary,77.04653323106116,completeadcw_000179
mrdcarwash_000205_3,bottom100,Mr. D Cranston,mrdcarwash_000205,3,WI,Midwest,1405 Cranston Rd,42.53266,-89.021182,5025.0,2025.0,419.0,32,mrdcarwash_000205,42.5326281,-89.0211696,Mr D Car Wash,Lat/Lng,-89.0211696,42.5326281,Mr D Car Wash,42382.91791857587,0.007960642089586,0.0174056538840161,40.002643956225,22004.75927605672,84420.31643460636,67912.27231615338,6364.9654166936525,6128.825199387502,6030.797666467901,2234.4971949891187,598.1342970079277,212.41266238479875,28348.512617246364,1.713674269215298,1803.9135165302432,1046.719200621592,691.4079771390534,542.6034293446573,590.1061247548205,67912.27231615338,84420.31643460636,10208.606567643292,2,Mr. Splash Car Wash,Club Carwash,,1.9048681364714717,Tunnel Car Wash,Express,www.mrsplashcarwash.com,2.2259525132826625,National Chain,Express,www.clubcarwash.com,0.0,,,,1,Walmart USA,1.8334362876030608,,0.0,,0.0,2,0,232,1431,1193,1592,1261,650,tertiary,63.850637703695355,mrdcarwash_000205
bluewave_000567_17,top100,BlueWave Weslaco,bluewave_000567,17,TX,South,1112 N Westgate Dr,26.171647,-98.006361,359320.0,2025.0,29943.0,35,bluewave_000567,26.171539,-98.0063819,BlueWave,Lat/Lng,-98.0063819,26.171539,BlueWave,62483.795049127075,0.0842339581292423,0.1090121457523887,37.60345580265372,28101.531774761446,75570.06936398832,59274.22842815121,6527.146311854245,6017.874389316188,6691.942217894131,3062.0216777040623,1055.7489124808926,591.6776382962707,35769.20769962156,1.8564008976110096,1674.0690703035798,1396.243094664649,979.0942866841796,472.92835612781346,402.16849401639774,59274.22842815121,75570.06936398832,12821.386054198374,4,BlueWave Expresss Car Wash,Lammscloth Express Carwash,Quick Quack Car Wash,0.0128221651286494,National Chain,,,0.9706906761047293,Tunnel Car Wash,,,2.2949002958006073,National Chain,Express,www.dontdrivedirty.com,3,Walmart USA,1.153559638730192,Walmart USA,2.142999090243047,Walmart USA,2.2377971687952396,0,1,717,4425,4242,4548,4930,3240,tertiary,56.02224003540962,bluewave_000567
bubbledown_000358_3,top100,Bubble Down Brandon,bubbledown_000358,3,FL,South,2491 S Falkenburg Rd,27.925548,-82.338901,355811.0,2025.0,29651.0,45,bubbledown_000358,27.9255079,-82.3388833,Bubble Down,Lat/Lng,-82.3388833,27.9255079,Bubble Down,103131.61226398568,0.1120870007523924,0.0754651900958321,37.89150865684171,57146.98002693569,94829.05716653966,78232.67135960449,22385.8285541184,19222.877768549253,15325.506475580274,3336.8399378313916,984.1891142034438,176.24839666858315,64702.40897336067,1.587285741831475,5068.3080035439925,3203.279884038493,1939.113690518774,1530.0453826243756,1714.6347150814254,78232.67135960449,94829.05716653966,18405.434215280227,6,Bubble Down Car Wash,Victory Car Wash,ModWash,0.0026555283713148,Tunnel Car Wash,Express,www.bubbledown.com,0.941861011851541,Tunnel Car Wash,Flex/Detail,www.victorycarwashfl.com,1.0323509621736242,National Chain,Express,www.modwash.com,4,Walmart USA,0.7515503075119947,Target,1.200308742159993,Target,2.0749255552595067,7,4,739,4036,3787,4248,4220,2324,tertiary,71.26345906205951,bubbledown_000358
superduper_000580_1,top100,Super Lux,superduper_000580,1,CA,West,17670 Castleton St,33.993963,-117.917852,355720.0,2025.0,29643.0,34,superduper_000580,33.992799,-117.918235,Super Duper,Lat/Lng,-117.918235,33.992799,Super Duper,138760.55712785455,-0.0240020614005093,0.0037035889544179,42.494040119857274,72494.33030813071,133147.35126998505,106034.2459346957,13569.100054798866,8565.16471550657,14465.160985000668,9120.40403961448,4070.6663937479752,2336.495877868496,92821.84376868572,2.333758605410951,4271.045654013338,3800.759765556457,3384.5715323157674,2570.243685995567,3952.51737535694,106034.2459346957,133147.35126998505,26534.084962186706,10,Super Lux Car Wash,Stoner Creek Car Wash,ProWash Car Wash,0.0010724468642644,Tunnel Car Wash,Express,www.superluxcarwash.com,0.3194571925124215,Tunnel Car Wash,Closed,,0.7577435711429548,Tunnel Car Wash,Express/Fuel,No Website Listed,3,Target,0.0489782842898436,Walmart USA,0.8980594198452098,Target,2.8416051915153178,2,0,154,1663,2547,2747,2685,1119,tertiary,78.8689422927371,superduper_000580
luvcarwash_000457_55,top100,Ventura West,luvcarwash_000457,55,CA,West,22517 Ventura Blvd,34.168099,-118.61746,344303.0,2025.0,28692.0,25,luvcarwash_000457,34.168104,-118.617423,Luv Car Wash,Lat/Lng,-118.617423,34.168104,Luv Car Wash,139609.2579563642,-0.0150744479523675,0.049927968196757,42.837602253017195,78843.58559626783,176463.39050690504,127252.93319457278,23452.66309284279,17143.037456576247,22193.37848312978,7096.0080026042415,2805.8340998332715,1122.7280718955444,99654.79518945934,1.885639375124721,4814.34219930938,4293.478236600873,3962.540815160144,3368.7032199708046,8550.950025495142,127252.93319457278,176463.39050690504,29585.031315253465,5,LUV Car Wash,Red Carpet Car Wash,LUV Car Wash,0.0206808854730514,National Chain,Express,www.luvcarwash.com,1.8831589457376936,Tunnel Car Wash,Full Service/Detail ,www.redcarpetusa.com,1.9349815614250856,National Chain,Express,www.luvcarwash.com,4,Walmart USA,1.3825517874980455,Target,1.6293482866583275,Target,1.8569978892921677,6,4,1194,6785,5781,5776,5298,3598,secondary,80.22475425068241,luvcarwash_000457
bluewave_000567_25,top100,BlueWave Bibb,bluewave_000567,25,TX,South,645 South Bibb Ave,26.204434,-98.215872,337049.0,2025.0,28087.0,35,bluewave_000567,28.6989929,-100.4849209,BlueWave,Lat/Lng,-100.4849209,28.6989929,BlueWave,40607.364872351725,0.0203142559381973,0.057651794022881,38.5312570335788,18416.662483415217,71541.39136592348,54968.74753026663,4981.102235410712,3935.437883303268,4953.240663970588,1768.392200760194,758.9999418691732,445.999971173238,24413.09543686791,1.876076360358692,1095.371015752782,764.6907551042968,511.6964521323098,269.55143464612775,307.7109759335872,54968.74753026663,71541.39136592348,8031.7451905865455,2,BlueWave Express Car Wash,Blue Wave Car Wash,,0.0207708082639163,National Chain,,,0.8151540898214334,National Chain,Express,www.bluewaveexpress.com,0.0,,,,1,Walmart USA,0.2899959081598984,,0.0,,0.0,0,1,498,2006,2339,2685,2948,2287,secondary,53.237459870873174,bluewave_000567
luvcarwash_000457_59,top100,Topanga,luvcarwash_000457,59,CA,West,6829 Topanga Canyon Blvd,34.194692,-118.606377,323145.0,2025.0,26929.0,24,luvcarwash_000457,34.1945855,-118.6064073,Luv Car Wash,Lat/Lng,-118.6064073,34.1945855,Luv Car Wash,217263.85705005645,-0.0007402613060073,0.0449836865389608,41.66419268328587,122280.70558944676,142238.60022253706,107498.4903656937,37237.092031755485,26049.744502551388,29531.609214316588,10675.1679037516,3899.567512843292,1924.0336466832089,142356.90492722858,1.8675749323758184,7124.226037958637,6162.402015345171,5572.223301578313,4659.590512947179,9427.246182946024,107498.4903656937,142238.60022253706,39229.600292456336,6,LUV Car Wash,Red Carpet Car Wash,Sinclair Car Wash ,0.0044575329904896,National Chain,Express,www.luvcarwash.com,0.0893407435454025,Tunnel Car Wash,Full Service/Detail ,www.redcarpetusa.com,0.6675566241800552,Tunnel Car Wash,Express/Petrol/Lube,www.stations.sinclairoil.com,4,Target,0.2867489937101222,Walmart USA,1.1051367247778907,Target,1.1947187796793672,5,4,1722,8276,6931,7472,7113,4828,primary,76.51414993431982,luvcarwash_000457
bluewave_000567_26,top100,BlueWave Del Rio,bluewave_000567,26,TX,South,2201 Veterans Blvd,26.204434,-98.215872,323082.0,2025.0,26924.0,35,bluewave_000567,29.389023,-100.904658,BlueWave,Lat/Lng,-100.904658,29.389023,BlueWave,34463.42489345581,0.0029821614589948,0.0423097982996793,38.90181923788521,16795.460601810482,83855.0770271367,65161.42872670083,4370.698743650108,3480.8979602179024,4544.920684850658,2192.2797315190546,543.325644290424,275.9747910350561,22700.75505681336,1.9173031393645827,1272.4889280305945,883.1096190684475,643.762752939947,356.19285327754915,344.84516115963925,65161.42872670083,83855.0770271367,7490.0157887864625,2,BlueWave Express Car Wash,Wash N Go Express Tunnel,,0.011654460893425,National Chain,,,1.2696072263966436,Tunnel Car Wash,,,0.0,,,,1,Walmart USA,0.4575034537445737,,0.0,,0.0,0,1,396,1850,2150,2430,2456,1624,primary,60.33724740902851,bluewave_000567
splashfl_000574_2,top100,Splash Herbert St,splashfl_000574,2,FL,South,956 Herbert St,29.137866,-81.009766,319898.0,2025.0,26658.0,36,splashfl_000574,29.137568,-81.009838,Splash,Lat/Lng,-81.009838,29.137568,Splash,71416.05294272055,0.0280833569448409,-0.0322655735377579,48.55921082416822,33982.51533866754,85584.26484908134,68196.90871992994,10805.7146092928,14289.490073456544,13627.110452502731,2904.7643442127155,622.2981051317183,350.13777355104685,54497.885299382266,1.6338465941412632,3460.781186758424,2370.315762682003,1570.5120164252585,858.6935831375886,1072.5035253885435,68196.90871992994,85584.26484908134,22598.893193165302,7,Splash Car Wash,Splash Car Wash,Mister Car Wash,0.013938346303733,Tunnel Car Wash,Express,www.mysplashcarwash.com,0.6486547912797359,Tunnel Car Wash,Flex/Detail,www.mysplashcarwash.com,1.5315082039712524,National Chain,Express,www.mistercarwash.com,4,Walmart USA,1.4536590702310457,Walmart USA,1.5482524838186635,Target,2.213992529228938,6,0,117,1546,1304,1443,1087,427,tertiary,63.31254412566858,splashfl_000574
192616splash_12,top100,West Little Rock - Chenal Pkwy,192616splash,12,AR,South,15701 Chenal Pkwy,34.756041,-92.444207,312827.0,2025.0,26069.0,43,192616splash,34.756118,-92.443288,Splash Car Wash,Lat/Lng,-92.443288,34.756118,Splash Car Wash,46962.443227658834,0.028097041400515,0.055952483279113,40.2955298431004,24982.890907039255,157590.99587502793,103036.77479331532,7686.351890776365,7215.921385094931,8831.205662855355,2133.618577282119,778.5245487693464,284.44734691048507,35815.52337228181,1.7816300812070107,1873.9592068848433,1436.634116565634,1475.11313565413,1160.453909759177,2428.900598132459,103036.77479331532,157590.99587502793,12423.61580119899,3,Splash Car Wash ,Genesis Auto Wash,Zips Car Wash,0.036884740490197,National Chain,Flex/Detail/Lube,www.cleancarfast.com,0.610666919952171,Tunnel Car Wash,Flex/Detail,www.genesisautowash.com,2.095371998060547,National Chain,Express/Lube,www.zipscarwash.com,2,Target,1.6161933594848743,Walmart USA,1.9346696004747015,,0.0,6,0,379,4447,3848,3957,3177,1300,secondary,76.95763999860425,192616splash
washcity_000125_3,top100,Wash City Apopka,washcity_000125,3,FL,South,1860 E Semoran Blvd,28.672291,-81.474933,311806.0,2024.0,25984.0,59,washcity_000125,28.672291,-81.474933,Wash City,Lat/Lng,-81.474933,28.672291,Wash City,77254.33989826648,0.1159729214378096,0.1015177595864367,41.05301618308332,40385.2598835245,115381.14271634516,87324.06275599629,8123.979359661112,8647.247812269314,11785.962392096524,4232.08268203371,1093.9099765017745,512.8341511657345,51855.23130439926,1.9032993496873676,3228.170214000391,2237.504642050655,1597.0060361619107,1200.9944591983804,1954.4575917538025,87324.06275599629,115381.14271634516,19169.455470038058,3,Wash City Car Wash,Waters Car Wash,Vision Car Wash,0.0086726552008411,National Chain,Express,www.washcitycarwash.com,1.2800780661970437,National Chain,Express,www.waterscarwash.com,2.752657929586616,Tunnel Car Wash,Express,www.visioncarwash.com,2,Walmart USA,1.0789030751701931,Walmart USA,1.615554274287821,,0.0,4,0,793,5449,4143,4290,4019,2070,primary,74.43250331533721,washcity_000125
woodys_000289_3,top100,Woodie's Skyway,woodys_000289,3,FL,South,3401 34th St S,27.738547,-82.679384,303745.0,2025.0,25312.0,61,woodys_000289,27.7368325,-82.6800166,Woodies,Lat/Lng,-82.6800166,27.7368325,Woodies,95121.14822829304,0.0378286810530883,0.0284688563315157,44.549023543066625,47597.060537532554,106207.58271714993,75631.30792166425,15274.934769587126,19734.697769817663,13993.503030168824,3509.466957108816,780.4141411338933,190.1005292166956,62322.26391210081,1.5011943062466986,4189.932518168818,2708.3420889840927,2084.7877019052394,1632.924067946151,2552.379889298696,75631.30792166425,106207.58271714993,26243.517341372324,3,Woodie's Wash Shack,Woodie's Wash Shack,Big Dan's Car Wash,0.0010660654621403,National Chain,Express,www.woodieswash.com,1.2269815315050994,National Chain,Express,www.woodieswash.com,2.501777818450199,National Chain,Express,www.bigdanscarwash.com,2,Walmart USA,0.1542549275368238,Walmart USA,2.492793290544709,,0.0,3,0,543,2052,1799,2019,1932,1228,trunk,67.68044295714708,woodys_000289
stevenscreek_000445_1,top100,Stevens Creek Xpress,stevenscreek_000445,1,CA,West,3655 Stevens Creek Blvd,37.324219,-121.964759,290700.0,2025.0,24225.0,44,stevenscreek_000445,37.3239942,-121.964776,Stevens Creek Xpress,Lat/Lng,-121.964776,37.3239942,Stevens Creek Xpress,264113.06110279885,0.0107501572366142,0.0291400426621669,39.92879805828756,151238.5171752486,228131.64744927583,167936.80171126124,52917.76186305279,35308.95941754716,38823.38174743857,12248.926202223289,4258.026180873043,1514.1855546529405,174305.53401585104,1.781092797496236,8180.696944238036,7217.152208776853,6534.470992376271,6687.041857149685,22691.244824474383,167936.80171126124,228131.64744927583,45185.822345529275,5,Stevens Creek Xpress Car Wash,Tan's Touchless Carwash,Zip Thru Express Car Wash,0.012112995837785,Tunnel Car Wash,Express/Detail,www.scxcr.com,2.4556784324583862,Tunnel Car Wash,Full-Service/Ext./Detail,No Website,2.6781680488050936,Tunnel Car Wash,Express/⛽ ,www.zipthrucarwashes.com,3,Walmart USA,0.4888934534290874,Target,1.8019145255499875,Target,2.6576423779270493,10,3,393,2935,3148,5147,5100,1842,trunk,85.98082963977296,stevenscreek_000445
luvcarwash_000457_27,top100,Homestead,luvcarwash_000457,27,FL,South,33513 S Dixie Hwy,25.456161,-80.474476,281228.0,2025.0,23436.0,47,luvcarwash_000457,25.4561768,-80.4744651,Luv Car Wash,Lat/Lng,-80.4744651,25.4561768,Luv Car Wash,108678.8006488306,0.1783582433206415,0.1347879458959075,36.81815662010706,52580.207372388744,85758.61055179495,69623.06518149117,18089.049902735045,12134.053811514634,12941.301510349964,3947.0069555520313,983.5099376738071,508.97054902033415,56336.570194667554,1.6938831051853358,3566.941349956556,2391.918910275912,1563.080163554172,1142.2277889790712,1185.7419469705785,69623.06518149117,85758.61055179495,15199.888405091828,2,LUV Car Wash,Sport Car Wash,,0.0032831397351374,National Chain,Express,www.luvcarwash.com,1.1128985779999518,Tunnel Car Wash,Flex,www.sportcarwash.com,0.0,,,,3,Walmart USA,0.1238816539274984,Walmart USA,2.1413670383271075,Target,2.822347628239586,4,0,663,3656,2921,3226,2984,1784,trunk,64.82358940299733,luvcarwash_000457
sudstop_000639_5,top100,Sud Stop Pembroke Park,sudstop_000639,5,FL,South,3301 W Hallandale Beach Blvd,25.985267,-80.176663,278298.0,2025.0,23192.0,26,sudstop_000639,25.9847704,-80.1762101,Sud Stop,Lat/Lng,-80.1762101,25.9847704,Sud Stop,211945.41643430432,0.0678964726035181,0.0181619472044837,42.0732063039739,118679.9316138447,94636.11484883587,68814.07543132207,38675.255353507935,38195.31801929278,26234.362464206875,8201.337143140147,2390.698961037677,989.3078482398996,129777.38946247718,1.5643522386481676,8573.148043637862,4892.8392269369215,3354.275988697773,2765.2677869318286,3922.061192434979,68814.07543132207,94636.11484883587,44351.736682265066,4,Sud Stop Car Wash,Chumi Car Wash,Sparkling Image Car Wash,0.0495648789787087,National Chain,Express,www.sudstopcarwash.com,1.9423439896555343,Tunnel Car Wash,Full-Service/Ext./⛽ ,No website,2.956362100266917,National Chain,Full-Service/Ext./Lube,www.sparklingimage.com,3,Target,1.948913545269418,Walmart USA,2.3563236839166093,Target,2.4126013738469463,9,3,1567,4051,2499,2383,2416,2275,primary,63.022898599904075,sudstop_000639
bamboocarwash_000144_1,top100,Bamboo Carwash,bamboocarwash_000144,1,GA,South,240 Marketplace Blvd,34.34916,-84.050327,274727.0,2025.0,22894.0,78,bamboocarwash_000144,34.349353,-84.050751,Bamboo Carwash,Lat/Lng,-84.050751,34.349353,Bamboo Carwash,15487.91085138236,0.2366583762124932,0.1509738446169557,40.474725237175235,8629.314163178846,135602.2059321938,111689.11137911749,1198.1904239540454,1654.7391498500947,2165.7272077822126,1002.9725430249237,507.7316918125143,113.34514808282256,11592.76370215346,2.085367077159231,691.1464586262591,598.173843141878,498.9753051484004,352.38822899607476,546.6971901922952,111689.11137911749,135602.2059321938,4389.431382960174,3,Bamboo Car Wash,Take 5 Car Wash,Auto Craze Car and Pet Wash,0.0093591585420896,Tunnel Car Wash,Express,www.bamboocarwash.com,0.3689973732205068,Tunnel Car Wash,Express,www.take5.com,1.2322573379665045,Tunnel Car Wash,Express/SS/Dog Wash,www.autocrazecarwash.com,1,Walmart USA,0.6609775823084025,,0.0,,0.0,2,0,24,239,416,364,388,207,unclassified,82.95452209741207,bamboocarwash_000144
lonestarsuds_000315_4,top100,Lonestar Suds 34th,lonestarsuds_000315,4,TX,South,3602 Milwaukee Ave,33.560291,-101.957412,272146.0,2025.0,22679.0,34,lonestarsuds_000315,33.560362,-101.957229,Lonestar Suds Express,Lat/Lng,-101.957229,33.560362,Lonestar Suds Express,73419.95060796314,0.0859332619423636,0.0665611698849111,36.814715105965966,41614.36145911459,90347.7563043762,69236.67280582532,16971.738826756366,13184.657642197562,11626.030442502117,3937.948201376712,1158.4925802687649,391.4424720124807,54841.745812469395,1.7230893842246822,3350.6066244929098,2282.0565668758936,1607.7281741835177,957.5544591108336,1264.1016746736132,69236.67280582532,90347.7563043762,14863.87478821678,8,Lonestar Suds Express Car Wash,Mighty Wash #5,Take 5 Car Wash,0.0028563011170593,Tunnel Car Wash,Express ,www.lonestarsuds.com,1.2821059034491793,National Chain,Express,www.mymightywash.com,1.294866947501667,National Chain,Express ,www.take5.com,2,Target,0.8565846688274344,Walmart USA,2.2893072814638007,,0.0,2,3,529,4323,5385,5903,6063,3132,secondary,62.95110431171908,lonestarsuds_000315
clearwater_000397_2,top100,ClearWater - Cleburne,clearwater_000397,2,TX,South,809 W Henderson St,32.344189,-97.397479,270412.0,2025.0,22534.0,48,clearwater_000397,32.3440442,-97.3974515,ClearWater,Lat/Lng,-97.3974515,32.3440442,ClearWater,36101.48043385934,0.1481850229361427,0.0151510141664346,39.54792438778473,17779.229053919727,95380.03112729407,75683.20675071116,4418.378795560333,4452.725836506521,5611.433114794374,1652.0852078473545,614.0613063421333,261.18012577597983,24393.993543885765,1.886518875686805,1536.7989233740373,977.356391427631,660.9988295526709,400.2486950452439,513.429785209184,75683.20675071116,95380.03112729407,8529.228476389952,4,ClearWater Express Wash ,B&K Express Car Wash,Henderson Express Carwash,0.006856340282517,National Chain,Express,www.clearwaterexpresswash.com,1.141802270555226,Tunnel Car Wash,Express,No Website,1.710236971356088,Tunnel Car Wash,Express,No Website,1,Walmart USA,1.0592413836084245,,0.0,,0.0,2,0,279,2138,2420,2474,2311,1322,primary,68.15481845769203,clearwater_000397
kiwicw_000382_1,top100,Kiwi Car Wash Vero,kiwicw_000382,1,FL,South,4915 20th St,27.638438,-80.429003,267483.0,2025.0,22290.0,51,kiwicw_000382,27.638106,-80.43679,Kiwi Car Wash,Lat/Lng,-80.43679,27.638106,Kiwi Car Wash,43796.6542098294,0.0465900608911089,0.0440884275579267,48.636530543588776,19001.413047585636,91596.79068471132,72427.77560097935,4870.128028533654,9054.725849030308,6859.925167037174,2206.9936512256972,283.3121366626583,118.75872280076146,31122.599297436187,1.5936525290637331,2055.2255246292334,1306.769329046714,995.8642168423394,739.1546803236706,797.9173637768254,72427.77560097935,91596.79068471132,14672.359628817763,4,Kiwi Car Wash,Classic Car Wash,Pink Bird Car Wash,0.008613526480558,Tunnel Car Wash,Express,www.kiwicarwash.com,2.8445643971853034,Tunnel Car Wash,Full-Service/Ext./Detail,www.classiccarwashverobeach.co,2.8913582830873743,National Chain,Express,www.pinkbirdcarwash.com,2,Walmart USA,0.3796309729999518,Target,0.6956772739710892,,0.0,3,2,437,4176,3513,3424,2851,1418,primary,66.90306951755097,kiwicw_000382
sudsdeluxe_000305_4,top100,Suds Deluxe Kyle,sudsdeluxe_000305,4,TX,South,18810 IH 35,30.002378,-97.866725,263941.0,2025.0,21995.0,55,sudsdeluxe_000305,30.0340079,-97.8475076,Suds Deluxe,Lat/Lng,-97.8475076,30.0340079,Suds Deluxe,60501.40005942149,0.3378161753797713,0.186091872446738,35.216626121336525,33938.42553074128,108917.32026632158,95069.62145794106,7521.750612879405,6051.270677424152,8825.591801540344,4008.592587524792,751.8247311861487,481.3247937266715,41142.15493645717,2.0137840417028077,2932.3541913299123,1947.7821853857024,1512.4477970064618,1244.8810928399907,1131.766808839282,95069.62145794106,108917.32026632158,12994.19880895561,2,Suds Deluxe Car Wash,Club Car Wash ,,0.0326860330792723,National Chain,Express,www.sudsdeluxe.com,2.0349183640844646,National Chain,Express,www.clubcarwash.com,0.0,,,,2,Walmart USA,1.7953461060596936,Target,1.8780661460097232,,0.0,1,0,709,4211,3741,3705,3791,1827,secondary,77.13923757116818,sudsdeluxe_000305
bluewave_000567_19,top100,BlueWave Brownsville 2,bluewave_000567,19,TX,South,2180 Ruben M Torres Blvd,25.950168,-97.482917,261948.0,2025.0,21829.0,35,bluewave_000567,25.9509736,-97.51553,BlueWave,Lat/Lng,-97.51553,25.9509736,BlueWave,93934.41909250582,0.0423375756711344,0.0796165894877497,37.69510268136378,44927.53491014661,82296.87502702067,64023.5329946459,11626.3035986186,10394.403613402044,9821.558152024869,5423.100591035094,1730.3701575726736,550.0571174838115,55978.58790826681,1.862251132335355,2868.7188469499815,1817.9650969363283,1415.0985540580004,984.4292069934309,900.3176952719223,64023.5329946459,82296.87502702067,18495.754965490894,5,GO Car Wash,Go Car Wash,BlueWave Express Car Wash,1.837733778699598,National Chain,Express,www.gocarwash.com,1.9968232553546792,National Chain,Express,www.gocarwash.com,2.016047419381741,National Chain,,,4,Target,1.2804880110353618,Walmart USA,1.752083915201846,Walmart USA,2.196732254983777,1,2,176,1079,881,1269,1197,755,tertiary,59.93635133966002,bluewave_000567
bluewave_000567_22,top100,BlueWave Rio Grande,bluewave_000567,22,TX,South,4343 US-83,26.344281,-98.744072,258984.0,2025.0,21582.0,34,bluewave_000567,26.370564,-98.797272,BlueWave,Lat/Lng,-98.797272,26.370564,BlueWave,17644.34347747278,0.0001042176785189,0.0719255773612352,36.66117493880659,8214.9332766179,66274.43047207351,49247.58392079944,1400.1004400219535,2026.055827750708,1914.394501148141,640.1842084029922,204.62118376116268,55.59693504869938,8871.866865544114,1.654558032445148,408.9374357892666,338.3909162413329,270.29950887232553,95.08702412084676,77.31263012206182,49247.58392079944,66274.43047207351,3982.185911825043,1,GO Carwash,,,0.213983924543463,National Chain,Express ,www.gocarwash.com,0.0,,,,0.0,,,,1,Walmart USA,0.3679202520930942,,0.0,,0.0,0,0,1061,5551,5020,5688,5587,3766,trunk,49.392329701786785,bluewave_000567
luvcarwash_000457_61,top100,Van Nuys,luvcarwash_000457,61,CA,West,14537 Sherman Way,34.201644,-118.450113,258823.0,2025.0,21569.0,26,luvcarwash_000457,34.2016944,-118.4500576,Luv Car Wash,Lat/Lng,-118.4500576,34.2016944,Luv Car Wash,331753.7524170473,-0.0116875641421432,0.0331894430809892,39.266471867414594,186636.11708041164,108677.39710932253,78735.1922144938,69976.14819514914,41010.425435994985,35651.415111849084,12948.148522631964,4763.800211112015,2870.7488779088017,184566.6464615811,1.7256813385098435,10198.895700839115,8065.473127303412,6236.561732257251,4571.392212242819,7557.332115188474,78735.1922144938,108677.39710932253,37587.63696354604,12,Wishy Washy Express Car Wash,Valley Car Wash,Van Nuys Express Wash,0.0075432225737854,Tunnel Car Wash,Express,www.wishywashycarwash.com,0.4235410272684828,Tunnel Car Wash,Full-service/ext./detail/lube,www.valley-carwash.com,0.9522284561926608,Tunnel Car Wash,Van Nuys Express Wash,www.sudsupexpresscarwash.com,4,Target,0.9325572201912752,Walmart USA,1.4318804124482998,Target,2.0722245844369316,2,0,1889,7807,5755,6262,5832,4272,primary,68.01311967115495,luvcarwash_000457
bigdans_000378_1,top100,Big Dan's Rome,bigdans_000378,1,GA,South,18 Shorter Ave NW,34.262307,-85.18479,258002.0,2025.0,21500.0,57,bigdans_000378,34.2623078,-85.1849294,Big Danu0027s,Lat/Lng,-85.1849294,34.2623078,Big Danu0027s,34383.22726379539,0.0267251757521539,0.0162322624854798,37.8668675195405,16410.914828999084,82135.13266188404,55814.14966650714,6315.7452271630755,4989.85754023667,3922.454125362448,1391.6559306108393,427.8380759807769,166.73537993093487,19554.762786371863,1.5663429900563386,986.5045427599688,659.7209357739193,505.37339197762776,323.410383171984,458.03325491340365,55814.14966650714,82135.13266188404,6173.289668645477,5,Big Dan's Car Wash,Take 5 Car Wash,Rocket Wash,0.019445403777654,National Chain,Express,www.bigdanscarwash.com,1.4214856328424983,National Chain,Express,www.take5.com,1.775562424289835,Tunnel Car Wash,Express,www.rocketwash.mywashaccount.c,1,Walmart USA,2.7342595547825184,,0.0,,0.0,4,0,1100,6660,5975,6352,6327,3577,primary,54.10509625251726,bigdans_000378
woodys_000289_15,top100,Woodie's Bayshore,woodys_000289,15,FL,South,3011 W Gandy Blvd,27.893922,-82.492683,255644.0,2025.0,21304.0,38,woodys_000289,27.893964,-82.492682,Woodies,Lat/Lng,-82.492682,27.893964,Woodies,83023.91659942246,0.0741453597499201,0.0459594408169573,41.41113358234538,48058.434341059765,188897.6020764745,117529.5479529366,14624.069053227548,15461.74936335534,16003.859345469158,3899.265862603206,674.9346669465303,218.7331498125568,62960.67005895218,1.6799705576966313,3505.1024954039603,2772.819722683169,2415.9395076651126,2241.777380800806,5746.854901760817,117529.5479529366,188897.6020764745,22858.534300350584,4,Woodie's Wash Shack,Mister Car Wash,Bubble Down Car Wash (coming),0.0218663577679497,National Chain,Express,www.woodieswash.com,0.6425050797455747,National Chain,Full-Service/Ext.,www.mistercarwash.com,0.9869555003135873,Tunnel Car Wash,Express,www.bubbledown.com,2,Target,0.7710557644285658,Walmart USA,1.4497381373884617,,0.0,4,0,428,2875,2519,2921,2825,1400,secondary,80.56816180705931,woodys_000289
extremeexpress_000074_1,top100,Extreme Express,extremeexpress_000074,1,CA,West,655 W San Carlos St,37.325052,-121.901106,253944.0,2025.0,21162.0,78,extremeexpress_000074,37.3245209,-121.9008608,Extreme Express,Lat/Lng,-121.9008608,37.3245209,Extreme Express,244809.3034008321,0.0338187066017818,0.0502511249610314,39.28772022290148,140250.6795530556,194807.35654883657,136319.0932184369,52089.21170232585,34377.41039988195,31927.162776117795,10216.318261664475,3938.334392284625,1564.2674656878226,152455.36563468858,1.6949523114906155,8211.290317551291,6865.392916233919,5908.777357349347,5962.331494756741,16526.261669084954,136319.0932184369,194807.35654883657,38203.79526408255,4,Extreme Express Car Wash,Pacific Hand Car Wash SJ,Classic Car Wash,0.0394568859877795,Tunnel Car Wash,Express,www.extremeexpresscarwash.com,2.283437335592405,Tunnel Car Wash,Full-service/detail,www.carwashpacific.com,2.704288735948985,Tunnel Car Wash,Full-service/ext./detail,www.classiccarwash.com,4,Target,0.9969474245180237,Walmart USA,1.733496539652854,Walmart USA,2.256189487752144,8,2,255,1495,1012,1034,908,641,primary,80.8191947656938,extremeexpress_000074
papabear_000353_1,top100,Papa Bear Anderson,papabear_000353,1,SC,South,3436 Clemson Blvd,34.549367,-82.673463,250468.0,2025.0,20872.0,55,papabear_000353,34.549285,-82.673258,Papa Bear,Lat/Lng,-82.673258,34.549285,Papa Bear,32841.075555450865,0.0428835555904291,0.0057339285577172,41.816814073257845,16930.05709775351,93044.33238367023,67410.62301762839,5259.7579499071,4940.163979535573,5353.047792633413,2060.1270046969876,626.2897608763305,85.45784235768951,24759.088834187132,1.7491045315369007,1348.961775238742,846.4830252276734,694.5327692966675,512.1945114876144,603.6602118592709,67410.62301762839,93044.33238367023,8902.593707565335,4,Papa Bear Car Wash,Zips Car Wash,Papa Bear Car Wash,0.00203266247178,Tunnel Car Wash,Express,www.papabearcarwash.com,1.1901243375167831,National Chain,Express,https://zipscarwash.com,1.789445166837813,Tunnel Car Wash,Express,www.papabearcarwash.com,3,Target,0.3768041698401553,Walmart USA,0.5743596933553086,Walmart USA,2.3176332956137955,4,2,727,5139,5822,6006,5769,3002,primary,62.513818917241615,papabear_000353
riptideneuse_000337_5,top100,Riptide Gastonia,riptideneuse_000337,5,NC,South,3711 E Franklin Blvd,35.257218,-81.11407,249165.0,2025.0,20764.0,51,riptideneuse_000337,35.2569432,-81.1146928,Riptide,Lat/Lng,-81.1146928,35.2569432,Riptide,47534.45526719911,0.0616530980029361,0.0076701391930697,41.375298873601544,25599.459291526407,99925.079952533,77069.2805090232,7744.893016057904,6370.230472614407,8408.42977324361,2956.2046645447845,662.1758622622583,239.8397352367174,35903.6061379686,1.8488082630377616,1976.273378107464,1535.9446357433917,1150.0705275668297,759.0991033604369,980.5253900982208,77069.2805090232,99925.079952533,11686.294812197912,4,The RipTide Car Wash,Sam's Xpress® Car Wash,Autobell Car Wash,0.0417932774849572,National Chain,Express,www.riptidecw.com,1.7286868013180638,National Chain,Express,www.samsxpresscarwash.com,2.081834755943684,National Chain,Full-service/ext., www.autobell.com,3,Walmart USA,0.656751056560287,Walmart USA,1.0796162079158034,Target,1.4574955314434337,6,1,174,3368,2721,3272,2897,1183,primary,68.78136386464054,riptideneuse_000337
luvcarwash_000457_52,top100,Thousand Oaks,luvcarwash_000457,52,CA,West,2725 E Thousand Oaks Blvd,34.172246,-118.839434,245280.0,2025.0,20440.0,25,luvcarwash_000457,34.172404,-118.83919,Luv Car Wash,Lat/Lng,-118.83919,34.172404,Luv Car Wash,57135.17531656567,-0.041539398144825,0.0105446109745211,45.78636008417699,30386.04676222196,190764.80548948864,137649.63971981537,8189.456387286075,6527.289866541047,9042.000948146915,3665.9074475546367,1607.980806627078,514.3303634359036,44612.58914918662,1.9784190397777932,1974.4488419296688,1700.4062625307124,1610.2040326702408,1422.2714800052345,4171.988266395405,137649.63971981537,190764.80548948864,14452.150657307357,4,California Speed Wash,Village Hand Wash,Janss Mall Touchless Car Wash,0.0094219544755644,Tunnel Car Wash,,,0.5006204747138024,National Chain,,,2.312634914865095,National Chain,,,0,,0.0,,0.0,,0.0,4,2,281,3281,3784,3735,3074,1542,primary,81.44382644362766,luvcarwash_000457
tsunamicarwash_000122_8,top100,Portage-Willow Creek,tsunamicarwash_000122,8,IN,Midwest,3105 Willowcreek Rd,41.560352,-87.183627,244368.0,2025.0,20364.0,44,tsunamicarwash_000122,41.5624984,-87.1819425,Tsunami Car Wash,Lat/Lng,-87.1819425,41.5624984,Tsunami Car Wash,49615.76449453365,0.0173627703073347,0.0242567892104034,40.40923057358667,25032.23591173184,93612.37104329649,77559.13469060074,5546.022356449859,5999.373281486798,7567.414910360472,3272.8880743411137,1091.320113378577,326.7702722646063,36951.99914006842,1.9401149152810813,2338.012823102996,1562.5825517746853,1007.2647967563244,718.7300134974066,740.8699467565166,77559.13469060074,93612.37104329649,13503.804241542588,3,Tsunami Express Car Wash,Portage Car Wash,Tsunami Express Car Wash,0.0138968698738254,National Chain,Express,www.tsunamiexpress.com,0.90645479915122,Tunnel Car Wash,Full-Service/Ext./Detail,www.portagecarwashin.com,1.261636037301051,National Chain,Express,www.tsunamiexpress.com,1,Walmart USA,1.026951950014226,,0.0,,0.0,1,0,596,3879,3537,4307,3546,1885,secondary,68.10436874678236,tsunamicarwash_000122
papabear_000353_4,top100,Papa Bear Anderson 2,papabear_000353,4,SC,South,1500 Pearman Dairy Rd,34.53198,-82.696329,242282.0,2025.0,20190.0,36,papabear_000353,34.531945,-82.696336,Papa Bear,Lat/Lng,-82.696336,34.531945,Papa Bear,32438.823547259788,0.0416488454172711,0.0040287321782195,41.65034376835565,16823.64089913969,82813.49287967423,58554.29512067328,5043.948677637149,5115.009534824523,5107.494664052618,1978.3777401938569,542.5684477164177,111.9232402103953,23995.022075428977,1.7117159369230743,1330.7176390689565,734.342287090607,523.1085863223998,342.2135138895828,456.0894116272684,58554.29512067328,82813.49287967423,8984.364730504924,3,Papa Bear Car Wash,Papa Bear Car Wash,Zips Car Wash,0.0233366964682672,Tunnel Car Wash,Express,www.papabearcarwash.com,1.7817349361580763,Tunnel Car Wash,Express,www.papabearcarwash.com,1.9649049144389397,National Chain,Express,https://zipscarwash.com,2,Target,1.5284267844982746,Walmart USA,2.0272739020978796,,0.0,3,2,368,3265,3249,3551,3319,1622,secondary,56.70719139219652,papabear_000353
championxpresscw_000216_23,top100,Santa Fe,championxpresscw_000216,23,NM,West,4410 Rodeo Rd,35.638651,-106.016948,240547.0,2025.0,20046.0,43,championxpresscw_000216,35.637909,-106.0123587,Champion Xpress CW,Lat/Lng,-106.0123587,35.637909,Champion Xpress CW,58718.71047149575,0.0355485598441862,0.0496997807143262,42.251276041893696,31266.39379501127,94927.8125103543,73369.15095265278,7649.6758045370225,8359.05453510012,8614.099290136946,3826.1240412771,1226.887944120448,307.42361089237966,43510.295070149004,1.8649643693029003,2548.17048541177,1667.4922649625223,1171.7416355103487,1061.3090422758833,1061.255892111221,73369.15095265278,94927.8125103543,15737.77381027129,4,Squeaky Clean Car Wash,Oilstop Full Services Car Wash,Speedy Shine Express,0.3338551521721402,Tunnel Car Wash,,,0.712694910888944,Tunnel Car Wash,,,1.5418915218915623,Tunnel Car Wash,,,3,Target,0.0990211698350221,Walmart USA,1.2254730307333708,Walmart USA,1.6735645559833,1,2,8,279,601,657,473,104,tertiary,64.98410641048409,championxpresscw_000216
papabear_000353_3,top100,Papa Bear Easley,papabear_000353,3,SC,South,5260 Calhoun Memorial Hwy,34.826488,-82.561558,239890.0,2025.0,19991.0,50,papabear_000353,34.8261106,-82.561879,Papa Bear,Lat/Lng,-82.561879,34.8261106,Papa Bear,31119.786732308337,0.1086888696143865,0.0469893269757936,42.668079262682774,15697.187507083056,97273.5630940812,70733.72553821722,3724.282581759034,3471.1638408066938,4962.742323991843,2427.8944167187437,726.8460505307885,377.9542875789339,25477.487378964433,1.9709295026472504,1368.6186459967869,1046.1052981404357,634.4454795034835,332.7525063530775,560.1130973122781,70733.72553821722,97273.5630940812,9300.673175718051,4,Papa Bear Car Wash,Tiger Express Wash of Easley L,Premier Carwash & Lube,0.0024104888597227,Tunnel Car Wash,Express,www.papabearcarwash.com,0.1415647418084019,Tunnel Car Wash,Express,www.tigerxpresswash.com,1.1398378438470125,Tunnel Car Wash,(Temporarily closed),,1,Walmart USA,0.7228863839733366,,0.0,,0.0,3,0,734,4805,3953,4174,4035,2629,trunk,64.42605759503371,papabear_000353
luvcarwash_000457_51,top100,Hollywood,luvcarwash_000457,51,CA,West,7955 W Sunset Blvd,34.098382,-118.363165,238555.0,2025.0,19880.0,25,luvcarwash_000457,34.09821,-118.36309,Luv Car Wash,Lat/Lng,-118.36309,34.09821,Luv Car Wash,242991.55858176667,-0.0250034765027021,0.0355023900057561,42.17716267373947,154713.88743227313,177408.85133841733,109695.67168379165,94535.73297700702,69007.52951922169,36788.31137279954,5671.979773987492,1138.226231699431,777.5615889681503,168040.8044584217,1.2928636022191078,12264.59871195085,9826.535907211392,8069.021010079596,6202.9084889502265,18734.642150430387,109695.67168379165,177408.85133841733,35588.15176568934,7,LUV Car Wash,Santa Palm Car Wash,Elite Street Shine Car Wash,0.0136476813113352,National Chain,Express,www.luvcarwash.com,1.3740890545316435,Tunnel Car Wash,Full-Service/Detail,www.santapalmcarwash.com,1.515139994653376,Tunnel Car Wash,Full-Service/Ext./Detail,www.elitestreetshine.com,4,Target,1.2074847395833803,Target,1.20865988309895,Target,1.7434166776414315,10,4,4600,7575,6045,6677,7350,7707,secondary,75.84032133332487,luvcarwash_000457
1003646autowash_1,top100,Sonny's Car Wash,1003646autowash,1,MA,Northeast,30A Main St,42.382831,-70.992881,237094.0,2025.0,19758.0,78,1003646autowash,42.3829074,-70.9931067,The $3 Car Wash,Lat/Lng,-70.9931067,42.3829074,The $3 Car Wash,158349.88189038073,0.0061882486298741,0.0198913918692437,38.93425410289459,92787.39994604824,126397.03419697292,97553.61730102598,36544.122899126334,26475.6088323959,13936.022958033376,2965.3206580943806,599.0878521529958,341.0434050792828,67345.18515675419,1.1487141608710196,5731.871484355779,4850.297376291106,4336.696395515002,3685.2323017497984,5655.709820766995,97553.61730102598,126397.03419697292,22140.785374387913,3,Fazio Car Wash,ScrubaDub Car Wash,Barn Car Wash,0.0213450921201141,Tunnel Car Wash,,,1.7181010787110018,National Chain,Exterior/detail,www.scrubadub.com,2.8687462743873624,Tunnel Car Wash,Express/IBA/Detail,www.barncarwash.net,1,Target,1.2635637577428964,,0.0,,0.0,0,0,1694,5089,3633,3993,4000,3035,secondary,73.70729908061763,1003646autowash
5029060raccoon_1,top100,RACCOON EXPRESS CW,5029060raccoon,1,NH,Northeast,495 Lafayette Rd,42.889235,-70.871647,235219.0,2025.0,19602.0,78,5029060raccoon,42.8895778,-70.8721911,Raccoon Express Car Wash,Lat/Lng,-70.8721911,42.8895778,Raccoon Express Car Wash,15367.92072673433,0.0484323219490735,0.0273583222702355,47.10857524517051,8122.73860607855,138592.95991976617,107260.47756897916,1429.8069616768043,2040.5112616319675,2638.507550832582,1044.3026788050774,327.8275119564496,169.0835922549013,12607.16240881267,1.962139249039744,812.3779264634941,539.6421983374748,385.0261578748468,407.39752274472266,734.910761390347,107260.47756897916,138592.95991976617,5013.709567627404,1,Raccoon Express Car Wash,Raccoon Express Car Wash,,0.008847456895508,Tunnel Car Wash,Express/SS,www.raccoonexpresscarwash.com,0.008847456895508,Tunnel Car Wash,Express/SS,www.raccoonexpresscarwash.com,0.0,,,,1,Walmart USA,0.4499261891097509,,0.0,,0.0,1,0,406,3977,4164,4286,3326,1378,primary,76.22127172253784,5029060raccoon
bluecowcw_000193_1,top100,Blue Cow Car Wash,bluecowcw_000193,1,MT,West,10 Commons Way,48.219324,-114.329766,232838.0,2025.0,19403.0,78,bluecowcw_000193,48.2193245,-114.3297656,Blue Cow Car Wash,Lat/Lng,-114.3297656,48.2193245,Blue Cow Car Wash,36941.09488920949,0.1307680644486301,0.0683834143919077,41.39381401752525,19114.04388740461,94817.0719250798,74190.48454001977,5147.951392653165,4381.981936132826,6569.189767000498,2148.695922607614,877.0091340881772,432.2255214281613,29635.61338145018,1.9555288375967903,1533.678240993002,1086.731276979146,803.7413075728691,534.4248796937172,685.6082817106508,74190.48454001977,94817.0719250798,10114.399479365384,3,Blue Cow Car Wash,Pro Clean CarWash,Costco Car Wash,0.0106821513897666,Tunnel Car Wash,Express,www.bluecowmt.com,1.4914413930990524,Tunnel Car Wash,Express (touchless),https://procleancarwashkalispe,2.0668870471489287,National Chain,Exterior,www.costco.com/car-wash,2,Walmart USA,0.8735488703810653,Target,1.137972061831404,,0.0,1,1,37,736,857,801,328,76,unclassified,66.22032892708586,bluecowcw_000193
wetrabbitexpcw_000325_4,top100,Wet Rabbit Lake Stevens,wetrabbitexpcw_000325,4,WA,West,600 91st Ave NE,48.001615,-122.108618,231730.0,2025.0,19311.0,49,wetrabbitexpcw_000325,48.0016812,-122.108917,Wet Rabbit Express Car Wash,Lat/Lng,-122.108917,48.0016812,Wet Rabbit Express Car Wash,58189.75265955203,0.0838266098989452,0.0718679198838284,37.63885785817493,32060.78056411026,159100.98492858614,137038.39702728414,4211.684294622624,3047.250084910658,8797.533957961248,4359.982220140169,1665.5964727040846,1218.1915884063346,46475.608494101674,2.4091178009201855,2339.933551789029,2210.259228180395,1999.6754531221231,1618.3961817467352,2782.8906904370524,137038.39702728414,159100.98492858614,15256.543491088436,1,Wet Rabbit Express Car Wash,,,0.0142565467815159,Tunnel Car Wash,Express,www.wetrabbitexpress.com,0.0,,,,0.0,,,,1,Target,0.4003201149877983,,0.0,,0.0,2,0,170,1323,1655,1846,1772,833,tertiary,90.25559693953338,wetrabbitexpcw_000325
washu_000647_6,top100,WashU Des Plaines,washu_000647,6,IL,Midwest,1360 Lee St,39.827273,-86.346568,231081.0,2025.0,19257.0,19,washu_000647,42.0282741,-87.8949696,Wash U,Lat/Lng,-87.8949696,42.0282741,Wash U,117466.2938015454,-0.036757000723855,-0.0102964458882203,43.28273903097248,63579.11019285314,125281.67197444846,96922.09701497112,13759.0362556146,16897.900152846705,17298.646745827515,5743.420396369882,1391.628103703144,548.546942213783,77034.70195949287,1.7114803523189015,5189.776807761053,3944.783237303607,3110.279412508011,2465.254010928562,3979.6129799748305,96922.09701497112,125281.67197444846,31315.73430873512,9,Speedy Shine Car Wash,Citgo Car Wash,Mobil Express,0.0027027065409813,Tunnel Car Wash,Express,www.speedyshineillinois.com,0.7733229335153321,Tunnel Car Wash,Exterior/⛽ ,www.citgo.com,0.8793981250203335,Tunnel Car Wash,Express/⛽ ,www.exxon.com,1,Target,1.5718940826004035,,0.0,,0.0,2,0,987,4536,3613,3973,3642,2301,primary,76.31148604732716,washu_000647
edgeexpress_000446_1,top100,Edge Express Dumfries,edgeexpress_000446,1,VA,South,17000 Jefferson Davis Hwy,38.582632,-77.310795,228339.0,2025.0,19028.0,51,edgeexpress_000446,38.0311991,-77.5164995,Edge Express,Lat/Lng,-77.5164995,38.0311991,Edge Express,9562.041852167808,0.115034445956592,0.0430691052309667,38.794616364422474,5342.215635834727,104840.85147302983,89796.60434493236,592.7173661077395,614.8810572833754,1215.6006576535292,832.1826855810359,523.0420156433247,128.67606412200257,8278.178812516853,2.41039411814898,445.67328105447814,321.61554977018386,262.3567368951626,185.73277137475088,169.69514600839466,89796.60434493236,104840.85147302983,2847.315707372036,0,,,,0.0,,,,0.0,,,,0.0,,,,0,,0.0,,0.0,,0.0,1,0,213,1456,1362,1849,1477,602,primary,77.034782327788,edgeexpress_000446
americanpride_000238_4,top100,American Pride Six Forks,americanpride_000238,4,NC,South,8909 Six Forks Rd,35.902215,-78.653304,222633.0,2025.0,18553.0,63,americanpride_000238,35.9021965,-78.6533587,American Pride,Lat/Lng,-78.6533587,35.9021965,American Pride,59950.405383362435,0.0079241789780038,-0.0508722470551167,43.021066174028306,32325.45047362987,156399.025529651,111199.38530134014,8804.062285059365,9005.648320896202,11625.612560849751,3782.861637638998,1091.0387925037649,360.6241933340207,49772.734492197866,1.8695071289694185,2397.257565527106,1899.2925816685893,1984.5338151231408,1770.4219269114546,3549.0673868800513,111199.38530134014,156399.025529651,17834.089551432524,4,American Pride Xpress Carwash,Autobell Car Wash,Rocket Wash Express (Coming),0.0031628860871473,Tunnel Car Wash,Express,https://americanpridexpress.co,1.9575685057335803,National Chain,Full-Service/Ext.,www.autobell.com,2.016009084004116,National Chain,Express,www.rocketcarwashexpress.com,1,Target,0.262382128350544,,0.0,,0.0,7,0,342,4693,3054,3109,2599,1001,primary,80.51617562374933,americanpride_000238
carolinacarwash_000283_8,top100,Heroes Express Salisbury,carolinacarwash_000283,8,NC,South,1420 E Innes St,35.654361,-80.45651,220510.0,2025.0,18376.0,40,carolinacarwash_000283,35.654461,-80.456657,Heroes Car Wash,Lat/Lng,-80.456657,35.654461,Heroes Car Wash,31084.995849096507,0.0459545366613332,-0.0199330361543944,40.91485412934427,14484.23399761296,85759.26243998602,61303.17315177986,5820.58686142799,4761.345176666451,4116.072973858099,1650.2790209369268,558.7161592437187,186.3052335831453,21110.718992084032,1.6807972881807154,1105.5951346016373,616.2589578345651,474.8051907327608,386.5745514112641,541.3212840678752,61303.17315177986,85759.26243998602,6761.964964585553,4,Heroes Car Wash,The RipTide Car Wash,Sam's Car Wash,0.0225163176148936,Tunnel Car Wash,Express,www.heroesexpress.com,0.5577976921076648,National Chain,Express,www.riptidecw.com,1.99741499443877,Tunnel Car Wash,Full-Service/Ext./Detail,www.samscarwashkl.com,1,Walmart USA,0.5563125126948348,,0.0,,0.0,5,0,317,2523,1867,1896,1736,814,primary,57.56115255718567,carolinacarwash_000283
washu_000647_8,top100,WashU Carol Stream,washu_000647,8,IL,Midwest,640 E North Ave,39.827273,-86.346568,214058.0,2025.0,17838.0,19,washu_000647,41.9021704,-88.0981085,Wash U,Lat/Lng,-88.0981085,41.9021704,Wash U,111792.14889327007,-0.0301797639816598,-0.0257871399921771,40.314062614406005,62545.62199714285,154582.77256651473,114714.21785531704,11797.548514690016,12052.413218466563,17092.90905973158,5546.812226408278,2044.64567825431,412.90726910950616,73121.78707571933,1.8721751311703247,4437.19838430977,3495.343283066002,3172.5963794620475,2625.1859304247773,4721.326949440583,114714.21785531704,154582.77256651473,27300.093938509526,9,Wash U Carwash,The PRIDE Car Wash,Sudz Car Wash and Detail,0.0738213569473092,Tunnel Car Wash,Express,www.washucarwash.com,0.4063928355610521,Tunnel Car Wash,Express,www.thepridestores.com,1.0880559800184928,Tunnel Car Wash,Express/Detail,www.sudzcarwashanddetail.com,2,Walmart USA,2.414755564965988,Target,2.422204918186486,,0.0,2,1,1932,7439,5097,5964,5266,3193,primary,82.07069516744049,washu_000647
tsunamicarwash_000122_7,top100,La Porte,tsunamicarwash_000122,7,IN,Midwest,821 Pine Lake Ave,41.628288,-86.73706,213712.0,2025.0,17809.0,43,tsunamicarwash_000122,41.628196,-86.736398,Tsunami Car Wash,Lat/Lng,-86.736398,41.628196,Tsunami Car Wash,24387.600974878413,-0.0577389362494592,-0.0014450703470622,40.93916136309995,12616.00335153041,91921.36177254576,71769.27715661313,3218.4614325980656,3276.560523398104,3776.562788677402,1394.9718214801978,580.3254476638976,171.37823561020195,18192.7945339001,1.8495468895301983,956.8593184995698,686.686780537595,515.2874522821512,383.66141252673697,418.3064433984691,71769.27715661313,91921.36177254576,6639.597370090545,1,Tsunami Express Car Wash,,,0.0349705882354746,National Chain,Express,www.tsunamiexpress.com,0.0,,,,0.0,,,,1,Walmart USA,2.3198398752046128,,0.0,,0.0,2,0,881,5130,3837,4633,3464,1667,primary,66.87008309937086,tsunamicarwash_000122
tsunamicarwash_000122_6,top100,Gary,tsunamicarwash_000122,6,IN,Midwest,3251 Grant St,41.559651,-87.354697,210494.0,2025.0,17541.0,44,tsunamicarwash_000122,41.559651,-87.354697,Tsunami Car Wash,Lat/Lng,-87.354697,41.559651,Tsunami Car Wash,56311.73922643706,-0.0069829805474006,-0.0099514687854633,39.70525026473143,23389.976851563493,60749.495541593504,43028.737837412475,10441.260162623948,10360.253578380332,5817.21580430062,2131.024964818498,668.7512101673055,499.5864271972096,33560.69705809234,1.460771529086179,1404.9431036851602,911.2211515562376,653.24317247211,398.0531633582432,269.98358824453317,43028.737837412475,60749.495541593504,12577.544000077876,2,Tsunami Express Car Wash,Hy-Speed  Car Wash,,0.0345722598513564,National Chain,Express,www.tsunamiexpress.com,2.2218654990831825,Tunnel Car Wash,,,0.0,,,,0,,0.0,,0.0,,0.0,2,0,781,2705,1976,2326,1967,1428,tertiary,44.17388523912376,tsunamicarwash_000122
192616splash_9,top100,Benton - Congo Rd,192616splash,9,AR,South,2620 Congo Rd,34.588387,-92.56944,209359.0,2025.0,17447.0,78,192616splash,34.5891113,-92.5698852,Splash Car Wash,Lat/Lng,-92.5698852,34.5891113,Splash Car Wash,37991.85894056992,0.0290830470027191,0.0782970557146233,39.02285241247762,20332.781818769057,96440.6411042779,73854.2235898238,4822.292030688026,5427.7181059500435,6518.351986363181,2189.976256322756,587.9730107186479,155.51815884344978,28163.833684736514,1.8318862987820672,1656.6362806845573,1115.5844441830995,966.12954620237,699.8506775088608,621.6920949836494,73854.2235898238,96440.6411042779,10553.380142169306,4,Splash Car Wash & Express Lube,Splash Express Lube,Club Car Wash,0.0150686954329663,National Chain,,,0.6202129148947053,National Chain,,,1.4783053635480494,National Chain,Express,www.clubcarwash.com,2,Walmart USA,1.0091245862050306,Target,2.4863803280686216,,0.0,2,0,86,1011,783,955,894,383,tertiary,70.36995164466131,192616splash
americanpride_000238_6,top100,American Pride Glenwood,americanpride_000238,6,NC,South,6450 Glenwood Ave,35.858959,-78.705657,205431.0,2025.0,17119.0,31,americanpride_000238,35.8589743,-78.705637,American Pride,Lat/Lng,-78.705637,35.8589743,American Pride,76772.2525947243,0.0211113265205358,-0.0272790489543847,40.62088891701005,45148.17566424701,149526.8477131731,109246.25712264456,15982.417195281712,14402.299967909406,15194.22199846631,4079.8352394069807,844.7014841976634,225.22024478111416,61535.15684375919,1.6919293141647027,3589.8485393339506,2799.5179109574383,2614.892736143607,2148.097088247421,4693.017174103079,109246.25712264456,149526.8477131731,20433.35465232008,1,American Pride Express Carwash,American Pride Express Carwash,,0.0041537745103129,Tunnel Car Wash,Express,https://americanpridexpress.co,0.0041537745103129,Tunnel Car Wash,Express,https://americanpridexpress.co,0.0,,,,2,Walmart USA,0.2382247426717144,Target,1.1410433090048455,,0.0,4,1,110,467,684,713,748,447,tertiary,79.91815158859197,americanpride_000238
smittyscw_000489_12,top100,Smitty's Car Wash Champaign,smittyscw_000489,12,IL,Midwest,1703 S Neil St,40.095698,-88.245452,205140.0,2025.0,17095.0,29,smittyscw_000489,40.0957032,-88.2454763,Smittyu0027s Car Wash,Lat/Lng,-88.2454763,40.0957032,Smittyu0027s Car Wash,109611.96336392728,0.0379529911738326,0.0177750543276272,33.97626767346274,52373.838790515256,84525.33104335995,56749.70157869129,25860.870038902613,20044.565505105373,12548.032785434809,2717.593274423005,581.2036628775204,237.1309790759842,56803.880446134,1.2604695980278733,3525.047836981681,2358.9104818906344,1816.778834080873,1366.26822430436,2143.6402810220425,56749.70157869129,84525.33104335995,19315.912573504324,5,Smitty's Car Wash,Rainstorm Car Wash,Rainstorm Car Wash,0.0083637301368268,National Chain,Express,www.smittyscarwash.com,0.414236359722447,National Chain,Express,www.rainstormcarwash.com,2.353230816885417,National Chain,Express,www.rainstormcarwash.com,1,Target,1.289657060689633,,0.0,,0.0,1,0,762,4991,5131,5320,4878,2869,primary,54.50071229286962,smittyscw_000489
washkings_000731_1,top100,Vancouver - Wash Kings,washkings_000731,1,WA,West,12210 NE 117th Ave,45.709873,-122.554059,204205.0,2025.0,17017.0,18,washkings_000731,45.7102616,-122.5528106,Wash Kings,Lat/Lng,-122.5528106,45.7102616,Wash Kings,59029.31128099188,0.0620220877599498,0.0444727628177051,39.08508360217144,31499.604003099492,138097.4588168156,113260.76578103428,5229.407098481432,4711.8582444540225,7669.853663152084,4613.5226750257425,1787.2183541799895,698.7157744099386,44534.58588460507,2.233977377724083,2613.847724072635,2187.2690687659197,1943.0460227341391,1482.028066175524,1776.8324556970038,113260.76578103428,138097.4588168156,14790.104438196868,3,Wash Kings Car Wash,Finish Line Car Wash,Kaady Car Wash,0.0301994293351735,Tunnel Car Wash,Express,https://washkingsnw.com,2.8180585311935022,Tunnel Car Wash,Express,No Website ,2.8955394768504736,National Chain,Express,https://kaady.com,0,,0.0,,0.0,,0.0,0,0,945,5217,3231,3534,2751,1476,trunk,83.07438729942142,washkings_000731
launchcw_000311_1,top100,Launch Car Wash,launchcw_000311,1,OK,South,7919 E 101 St,36.019154,-95.887928,203280.0,2025.0,16940.0,63,launchcw_000311,36.017792,-95.8879408,Launch Car Wash,Lat/Lng,-95.8879408,36.017792,Launch Car Wash,82611.30404093902,0.0638383985695128,0.0491523603168864,41.0428978513535,44788.07387865026,151351.2434683425,106066.63562784292,10456.18372453237,9458.474323465956,14994.081270815805,4937.367850932293,1622.321629474638,548.441940350458,63490.23663754528,1.9364144268428187,3345.9830139898695,2695.9787019081414,2423.408457187237,2011.8056020538788,3785.1932623288594,106066.63562784292,151351.2434683425,22394.11985381064,10,Launch Car Wash,Hourglass Auto Spa,Bixby Express Car Wash,0.0030184000016265,Tunnel Car Wash,Express,www.launchcarwash.com,0.662764082048991,Tunnel Car Wash,,,1.0825249880565486,Tunnel Car Wash,Express,www.facebook.com,4,Target,0.2548881796054429,Walmart USA,0.9297000625738966,Walmart USA,2.0628815554913547,3,1,364,3843,3853,3807,3564,1737,tertiary,78.89312070254176,launchcw_000311
tsunamicarwash_000122_3,top100,Greenfield,tsunamicarwash_000122,3,WI,Midwest,5520 W Layton Ave,42.959928,-87.984169,201824.0,2025.0,16819.0,60,tsunamicarwash_000122,42.959898,-87.983947,Tsunami Car Wash,Lat/Lng,-87.983947,42.959898,Tsunami Car Wash,126358.05308486849,-0.0192409717098617,-0.012431200064666,41.856046173624115,66675.31859399029,92256.01052173282,75331.86193342994,21612.378970755264,21671.38493006921,21465.633384859888,4721.0705141896615,1473.156228095526,388.5521407951601,86601.24885871587,1.6185645590184736,6620.520379216876,4549.123301223852,2917.6893195096636,2029.6186785240425,1883.2321653563995,75331.86193342994,92256.01052173282,31966.284803541144,3,Tsunami Express Car Wash,Mister Car Wash,Scrub-A-Dub Car Wash,0.0172198402032242,National Chain,Express,www.tsunamiexpress.com,1.7541637985724556,National Chain,Express,www.mistercarwash.com,1.9152717158001165,National Chain,,,3,Walmart USA,1.582773961797526,Walmart USA,2.3510618636657967,Walmart USA,2.9731452237782925,3,2,371,2497,1995,2777,2084,1065,primary,68.53787476674695,tsunamicarwash_000122
dickys_000583_1,top100,Dickys Bluffton,dickys_000583,1,IN,Midwest,1930 N Main St,40.770525,-85.166528,200090.0,2025.0,16674.0,35,dickys_000583,40.770516,-85.1665,Dickyu0027s,Lat/Lng,-85.1665,40.770516,Dickyu0027s,11039.964629308552,0.0296293889727439,0.012317704183593,41.168911936968435,5924.122731345356,84400.83446353703,68317.76858565901,1493.1377923637629,1544.4036869693082,1781.7438080594875,720.8550438254606,197.2839416046627,101.69382856460288,8568.06134380633,1.8868493851157504,484.2147059023846,294.1578672423493,167.92703882441856,132.79822648130357,157.96497879200615,68317.76858565901,84400.83446353703,3065.4852382540703,1,Dicky's Express Car Wash,,,0.0109516720692814,Tunnel Car Wash,Express,www.dickyscarwash.com,0.0,,,,0.0,,,,1,Walmart USA,0.1836949508125568,,0.0,,0.0,0,0,363,2334,1935,2199,1922,958,primary,65.3071616703882,dickys_000583
bigdans_000378_12,top100,Big Dan's Hiram,bigdans_000378,12,GA,South,2856 Jimmy Lee Smith Pkwy,33.901651,-84.778104,199125.0,2025.0,16594.0,44,bigdans_000378,33.901721,-84.776932,Big Danu0027s,Lat/Lng,-84.776932,33.901721,Big Danu0027s,35139.1116448493,0.1429583817600776,0.1150303472995006,38.684781407596894,18521.067029083264,108840.66055368591,90008.88367938949,3805.7068891064264,3666.917373513803,5429.126484995941,2004.382592476206,703.1217540742364,309.5309016285464,24898.45964537398,1.943978171305847,1594.0346251584124,1195.8542604080867,930.462979489006,772.1017270265147,661.1204981331248,90008.88367938949,108840.66055368591,9020.55723590008,6,Big Dan's Car Wash,Spirit Carwash,AquaShine Express Car Wash,0.0146614628193223,National Chain,Express,www.bigdanscarwash.com,0.5675895606252627,Tunnel Car Wash,Flex/Detail/Lube,www.facebook.com,0.7159506503494707,Tunnel Car Wash,Express,www.aquashineexpress.com,2,Walmart USA,1.2859872762005842,Target,2.1687128835067515,,0.0,4,1,1275,5163,3283,3238,3026,1440,trunk,79.20378027632557,bigdans_000378
luvcarwash_000457_6,top100,Lake Mead,luvcarwash_000457,6,NV,West,505 W Lake Mead Pkwy,36.035278,-114.997061,198366.0,2025.0,16530.0,49,luvcarwash_000457,36.03533,-114.997043,Luv Car Wash,Lat/Lng,-114.997043,36.03533,Luv Car Wash,103592.46319168468,0.0943983644254673,0.0744681277404035,41.328863910007385,54656.99731233611,116247.16282576456,91049.02984754012,16594.13180684118,14077.567249643238,14891.644003144786,5744.5536499583395,2049.6874014282657,797.4594118681562,73280.56287086167,1.8497705791780523,4829.8412408413715,3175.1301227031217,3002.3163763490447,2221.2246533410507,2670.306051585736,91049.02984754012,116247.16282576456,23192.555911832547,7,LUV Car Wash,Quick Quack Car Wash,Horizon Village Square Car Was,0.0115937022663639,National Chain,Express,www.luvcarwash.com,0.5052924275858206,National Chain,Express,www.dontdrivedirty.com,1.607296937603157,Tunnel Car Wash,Full-Serve/Ext.,,4,Target,0.2722068831018214,Walmart USA,1.1332813788420424,Walmart USA,2.661737647528086,0,0,1647,7518,5509,6191,5345,3270,primary,74.94517616736614,luvcarwash_000457
bigdans_000378_11,top100,Big Dan's Fairburn,bigdans_000378,11,GA,South,7925 Senoia Rd,33.539649,-84.577612,198199.0,2025.0,16517.0,50,bigdans_000378,33.544905,-84.577001,Big Danu0027s,Lat/Lng,-84.577001,33.544905,Big Danu0027s,32575.545100960066,0.0673506694568379,0.1112070874072013,37.00614561353966,18195.731273324345,94946.1372790846,78983.5524284395,6105.003813743009,4963.531662879337,3974.379112108436,1653.6392714630929,843.1535958817112,90.78239293972727,21699.73404971097,1.8222678002046568,1407.2644010559889,718.6217855134164,553.9831854148651,508.7542873491184,562.4829116382753,78983.5524284395,94946.1372790846,5803.088974415732,2,Big Dan's Car Wash,Union City Express Wash,,0.3659918272155981,National Chain,Express,www.bigdanscarwash.com,2.679042174401639,Tunnel Car Wash,Permanently closed,,0.0,,,,1,Walmart USA,2.821913445640391,,0.0,,0.0,2,0,1681,6080,3618,3665,3253,1959,motorway_link,66.54641893289626,bigdans_000378
tsunamicarwash_000122_9,top100,Oak Creek - Puetz,tsunamicarwash_000122,9,WI,Midwest,140 W Puetz Rd,42.889883,-87.914902,197365.0,2025.0,16447.0,39,tsunamicarwash_000122,42.88706,-87.913636,Tsunami Car Wash,Lat/Lng,-87.913636,42.88706,Tsunami Car Wash,51874.9572427948,0.0438877108300152,0.0514385241684857,41.57597311873571,29723.22829948273,120604.68308303323,100567.49669128374,8006.561325920746,7108.699806014076,8995.872192877927,3063.678035579971,799.5104606588138,520.9277104522334,40094.158693406265,1.8786396990532304,2847.7303441619733,2141.4522062781034,1677.428364898078,1132.0956437841523,1646.7276225024834,100567.49669128374,120604.68308303323,13346.207228604704,2,Tsunami Express Car Wash,Tsunami Express Car Wash,,0.0228640991479652,National Chain,Express,www.tsunamiexpress.com,2.905738280531963,National Chain,Express,www.tsunamiexpress.com,0.0,,,,1,Target,0.3411354085039166,,0.0,,0.0,4,0,153,1089,998,1327,1080,547,tertiary,78.49193039789789,tsunamicarwash_000122
1003485russell_1,top100,RUSSELL SPEEDERS 2,1003485russell,1,CT,Northeast,311 W Main St,41.049381,-73.550836,197299.0,2023.0,16442.0,55,1003485russell,41.049232,-73.550538,Russell Speeders 2,Lat/Lng,-73.550538,41.049232,Russell Speeders 2,140864.88273284654,0.066100181307916,0.0508774772040723,39.66548090333303,82107.33936743159,191446.34934937107,119296.67424884356,27252.9891253775,23777.48798803636,18527.41298472369,5992.449513142696,1617.8383342218583,545.1585694968235,88006.80868128338,1.5872511062919346,5872.24693673593,4156.793648644816,3731.9675966829527,3611.450538677862,8354.503063075943,119296.67424884356,191446.34934937107,28283.12869610451,4,Russell Speeders Car Wash,Greenwich Ave Solar Car Wash,Splash Car Wash,0.0152129299057107,National Chain,Exterior/detail,www.russellspeeders.com,0.4254915052381387,Tunnel Car Wash,Full Service/Ext,www.greenwichavenuecarwash.com,2.7130372789745394,National Chain,,,1,Target,0.6083491033479052,,0.0,,0.0,1,1,540,2177,1803,1975,1978,1528,primary,79.7529415443335,1003485russell
luvcarwash_000457_72,top100,Warminster,luvcarwash_000457,72,PA,Northeast,440 W Street Rd,40.202589,-75.093338,195570.0,2025.0,16298.0,19,luvcarwash_000457,40.202459,-75.093028,Luv Car Wash,Lat/Lng,-75.093028,40.202459,Luv Car Wash,82054.01200355601,0.0140641233510251,0.0079183052998861,44.479406247808264,46328.44843178848,130520.3922410708,105993.75521109592,10215.67373459111,11256.719779833918,13409.857585769148,4674.867441852344,1527.4404063918628,657.7292307084426,61499.44505603891,1.861659057910547,3918.584357614047,3088.5223880915437,2717.912445011898,2294.3392910256516,3072.7828113363357,105993.75521109592,130520.3922410708,22920.85442192189,4,LUV Car Wash,Patriot Car Wash,Pete's Express Car Wash,0.0134910893892759,National Chain,Express,www.luvcarwash.com,0.8606422054501696,Tunnel Car Wash,Flex,No Website,2.569037427772077,Tunnel Car Wash,Express,www.petesexpresscarwash.com,3,Walmart USA,0.8217130483522441,Walmart USA,2.6711738520555524,Target,2.7277314579468235,3,0,1132,8172,6262,7095,6421,3447,primary,80.67934929946973,luvcarwash_000457
peppyscw_000491_1,top100,Parrot's Car Wash Jackson,peppyscw_000491,1,TN,South,101 W University Pkwy,35.69621,-88.83325,195482.0,2025.0,16290.0,44,peppyscw_000491,35.696674,-88.832965,Parrotu0027s Car Wash,Lat/Lng,-88.832965,35.696674,Parrotu0027s Car Wash,34604.71398848924,0.054304503589431,0.0409344677576383,40.85644485421226,18257.200048344443,97417.25024337244,76572.05589038691,5037.544363598921,4312.766968053882,5653.4739550704835,2420.955943072564,718.4793923334219,180.19367778091691,26657.468665650813,1.8865158119807257,1563.9039896932663,1275.8267078547506,762.2348596428055,480.2974817417562,554.1400856459513,76572.05589038691,97417.25024337244,9092.9858425922,5,Parrot's Car Wash,Take 5 Car Wash,Take 5 Car Wash,0.0144197923221515,Tunnel Car Wash,Express,www.parrotscarwash.com,1.055288909269282,National Chain,Express,www.take5.com,1.480767292821307,National Chain,Express,www.take5.com,2,Target,1.5805114520335737,Walmart USA,2.233296363399868,,0.0,4,1,152,1869,1862,2134,1706,738,secondary,70.49400735806252,peppyscw_000491
washu_000647_5,top100,WashU Villa Park,washu_000647,5,IL,Midwest,780 N Addison Rd,39.827273,-86.346568,194649.0,2025.0,16221.0,19,washu_000647,41.9048823,-87.9890019,Wash U,Lat/Lng,-87.9890019,41.9048823,Wash U,110554.44901501796,0.017134038215555,0.0054284476265054,41.08916169460963,63610.64965548465,150725.03910926543,111765.87550651062,10268.22307724753,11939.456003417086,17651.509523231914,6719.777147172397,1838.8450597312767,651.5906181522005,78015.13982108422,1.9557561316788288,4610.08850101498,3521.552866224112,3245.752198404487,2613.582783444843,4571.730035227054,111765.87550651062,150725.03910926543,29689.401103935845,7,Wash U Carwash,DLC Auto Spa,Finish Line Car Wash,0.0056489675823527,National Chain,Express,www.washucarwash.com,0.603633244382062,Tunnel Car Wash,Full-Service/Ext./Detail,www.facebook.com,1.096189526788534,Tunnel Car Wash,Express,www.villaparkfinishline.com,2,Target,0.6464614119166675,Walmart USA,2.6574600227684635,,0.0,2,0,1756,5731,3652,3908,3587,2554,primary,83.10361162797618,washu_000647
16135bigsteve_1,top100,BIG STEVES CAR WASH,16135bigsteve,1,MA,Northeast,561 North Main St,42.541046,-71.739334,189707.0,2025.0,15809.0,78,16135bigsteve,42.551981,-71.764842,Big Steveu0027s Car Wash,Lat/Lng,-71.764842,42.551981,Big Steveu0027s Car Wash,61011.57924958388,0.0135318572650756,-0.001145597236078,41.04258692702135,34416.89701496449,106351.85247801588,84765.65511298807,10893.915981543369,8949.384224607958,8540.99677285552,2981.8237968153553,942.3265410616297,500.7096007261425,41249.703328642296,1.6904343484920334,2778.097808399587,2124.399893597234,1619.6665273981637,1146.0270025253994,1520.6400794635992,84765.65511298807,106351.85247801588,13546.336974604055,3,Big Steve's $5 Car Wash,Classic Car Wash,John Fitch Car Wash,0.0807122197141212,Tunnel Car Wash,Express,No website,1.4369195048195929,Tunnel Car Wash,Exterior/lube,www.classiccarwashandoilchange,2.2840211794514964,Tunnel Car Wash,Exterior ,No website,1,Walmart USA,2.9800912473871723,,0.0,,0.0,0,1,1342,5734,3967,4589,4050,2577,secondary,69.36855959459227,16135bigsteve
luvcarwash_000457_54,top100,Druid Hills,luvcarwash_000457,54,GA,South,2024 N Druid Hills Rd NE,33.833876,-84.339045,186257.0,2025.0,15521.0,29,luvcarwash_000457,33.833724,-84.3391116,Luv Car Wash,Lat/Lng,-84.3391116,33.833724,Luv Car Wash,149641.94903334382,-0.017246239945246,0.0425464735508652,38.162652426500685,91262.70988896268,178470.95662336732,121117.45006033331,40392.81386632251,36578.976257952745,26068.976848727092,4523.94735593698,888.8400731203146,236.1283522704616,107024.77407705144,1.4390526755194588,6974.224168654997,6617.483869486139,5496.525012132828,4569.145890919375,10881.408760006309,121117.45006033331,178470.95662336732,34012.23055933183,5,LUV Car Wash,Mister Car Wash,Two Minit Car Wash,0.0100549784912255,National Chain,Express,https://luvcarwash.com,1.7159317360038788,National Chain,Full-service/Ext.,www.mistercarwash.com,2.533925600761599,Tunnel Car Wash,Full-Serve/Ext.,https://twominitcarwashatlanta,3,Target,0.8825163599521909,Target,1.5493395761596438,Target,1.71028156092697,16,5,2025,7105,5389,5924,5699,4128,secondary,80.28608016164138,luvcarwash_000457
americanpride_000238_3,top100,American Pride Smithfield,americanpride_000238,3,NC,South,1203 N Brightleaf Blvd,35.519497,-78.314718,183647.0,2025.0,15304.0,67,americanpride_000238,35.519597,-78.3149205,American Pride,Lat/Lng,-78.3149205,35.519597,American Pride,17771.806243183324,0.1380985377543463,0.0016983148926662,40.6558011137475,7652.324006053852,69148.79082097355,48604.726946669434,3181.278517297702,2081.530542708002,1950.976691427757,1343.8046915080631,458.8145024072146,106.3843658636324,12382.077839034726,1.8449337330366309,465.42602678760886,300.4924088570988,211.01789102179464,149.34254258091096,154.10596013034228,48604.726946669434,69148.79082097355,3535.714925784385,4,American Pride Car Wash ,Sun Auto Wash ,Sud Stop Car Wash,0.0116701214256037,Tunnel Car Wash,Express,www.americanpridexpress.com,0.5956192867274271,Tunnel Car Wash,Full-Service/Ext,No Website,1.137557056865601,National Chain,Express,www.sudstopcarwash.com,2,Walmart USA,0.4078145496340293,Target,1.915702810747792,,0.0,3,0,293,3756,4180,4095,3546,1508,primary,48.63058364840314,americanpride_000238
dickys_000583_3,top100,Dickys Decatur,dickys_000583,3,IN,Midwest,1022 S 13th St,40.818633,-84.939277,183088.0,2025.0,15257.0,34,dickys_000583,40.8183806,-84.9377641,Dickyu0027s,Lat/Lng,-84.9377641,40.8183806,Dickyu0027s,12010.975324803498,0.0127151191400678,0.0052571003559178,41.766981613627145,5668.533139575622,78117.17569249756,66512.54504985646,1557.1820322913118,1319.689775574254,2397.442014466971,756.3534810121637,140.02135232300498,77.19109038892202,9329.675108781315,1.8477186879058904,551.7483183145523,343.3825753913261,179.97552909282967,116.8149510489311,68.81168423732743,66512.54504985646,78117.17569249756,3520.011946767336,2,Dicky's Express Car Wash,Andy's Car Wash-Decatur/Kyle Benroth,,0.046119032605286,Tunnel Car Wash,Express,www.dickyscarwash.com,1.5576241132467108,Tunnel Car Wash,Full-Service/Ext/SS,No Website,0.0,,,,1,Walmart USA,0.6805746208248536,,0.0,,0.0,1,0,566,3006,2457,2831,2375,1202,primary,61.55346475274701,dickys_000583
dinodashcw_000486_2,top100,Dino Dash Riverside,dinodashcw_000486,2,UT,West,2054 E Riverside Dr,37.098795,-113.538323,181280.0,2025.0,15107.0,45,dinodashcw_000486,37.098934,-113.538413,Dino Dash Wash,Lat/Lng,-113.538413,37.098934,Dino Dash Wash,67791.97327585536,0.1611395600047405,0.1704068412472601,38.92272121969157,32531.257577787008,122567.9732209761,87211.20628140909,7900.286860111461,6161.423493477865,8588.382034903043,4434.666373925749,1988.4189797280123,761.7607791392365,48404.66649966943,2.148843957325122,2663.438293835148,1959.246390606684,1363.6576555192005,996.9799110816676,1664.596718544606,87211.20628140909,122567.9732209761,14714.564143653844,10,Dino Dash Car Wash,Quick Quack Car Wash,Fabulous Freddy's Car Wash,0.0129732166048305,Tunnel Car Wash,,,0.699797599995105,National Chain,Express,www.dontdrivedirty.com,1.0855540465184832,National Chain,,,2,Target,0.8948102441413993,Walmart USA,2.2040652448526874,,0.0,1,2,528,5108,5411,5639,4917,2445,primary,73.28632323400652,dinodashcw_000486
luvcarwash_000457_70,top100,Great Valley,luvcarwash_000457,70,PA,Northeast,120 Lancaster Ave,40.041909,-75.532637,180334.0,2025.0,15028.0,20,luvcarwash_000457,40.0419556,-75.5325945,Luv Car Wash,Lat/Lng,-75.5325945,40.0419556,Luv Car Wash,36880.186374988174,0.0742908842760558,0.048614570617678,43.353505410673726,20052.339540242683,204293.35419363127,154133.89365305498,3691.2746628723103,4744.534154935041,6460.472168436507,1766.2045482778922,520.0626776269637,187.7222054968588,25982.95387463388,1.8254902264832136,1305.2949977619571,1328.3080228082836,1234.9748046901077,912.1074044858104,2901.432386137079,154133.89365305498,204293.35419363127,10558.188890553543,3,LUV Car Wash,Gentle Touch Car Wash,Franklin Auto Spa,0.0036600420528955,National Chain,Express,www.luvcarwash.com,1.82412161494368,National Chain,(Permanently closed),,1.9453897336577808,Tunnel Car Wash,Full-Service/Ext.,www.franklincarwashes.com,1,Target,0.819735408051441,,0.0,,0.0,1,0,227,3034,2822,2726,2352,995,primary,87.29973624199545,luvcarwash_000457
fivestar_000150_5,top100,Five Star Statesville,fivestar_000150,5,NC,South,117 Turnersburg Hwy,35.80853,-80.876477,180089.0,2025.0,15007.0,57,fivestar_000150,35.808558,-80.876473,Five Star,Lat/Lng,-80.876473,35.808558,Five Star,32447.110187423124,0.1084313926024286,-0.0100737474071164,41.301401464357355,16573.673547789076,78392.64312958714,62243.36179214179,5591.574580186978,4931.576545194723,4547.78374683822,1826.851618176093,631.3745269365609,334.7820981190889,23707.10749174113,1.803838544354625,1225.1693179606227,864.1919368762174,595.2170818458544,287.1806304951897,305.2197084222571,62243.36179214179,78392.64312958714,7582.302644404874,2,5 Star Express Car Wash,Autobell Car Wash,,0.0018122281123121,Tunnel Car Wash,Express,www.wash5star.com,1.7546063251332396,National Chain,Full-service/ext.,www.autobell.com,0.0,,,,1,Walmart USA,0.4358304016409326,,0.0,,0.0,6,0,101,827,965,1006,974,536,motorway_link,58.97038219066359,fivestar_000150
aquabreeze_000406_1,top100,Aqua Breeze - Cartersville,aquabreeze_000406,1,GA,South,150 E Felton Rd,34.197128,-84.792048,180023.0,2025.0,15002.0,43,aquabreeze_000406,34.1970909,-84.7920473,Aqua Breeze Car Wash,Lat/Lng,-84.7920473,34.1970909,Aqua Breeze Car Wash,35727.261133574444,0.1349286732866324,0.0997626382749617,39.475157707345495,19347.599979488616,95936.21883070808,82294.87151624373,6733.159820260713,4677.881555677624,5729.093182045966,1897.11849052622,505.75873992580455,445.61177922668867,26078.51724718488,1.8731721601602151,1984.6429760492176,1343.3611819143407,780.6150929175783,495.36984741012566,533.200498255901,82294.87151624373,95936.21883070808,7206.029615305713,5,Aqua Breeze Car Wash,Mach-1 Express Wash ,Zips Car Wash,0.0095675226847556,Tunnel Car Wash,Express,www.aquabreezecarwash.com,0.7901154936358361,National Chain,Express,www.mach1expresswash.com,1.0043533511767946,National Chain,Express,www.zipscarwash.com,2,Walmart USA,0.4808731896940124,Target,1.7204981469036411,,0.0,3,0,112,1172,1513,1505,1388,635,tertiary,70.65780525734186,aquabreeze_000406
luvcarwash_000457_71,top100,Valley Forge,luvcarwash_000457,71,PA,Northeast,175 N Henderson Rd,40.095942,-75.365797,179506.0,2025.0,14959.0,19,luvcarwash_000457,40.0959508,-75.3657864,Luv Car Wash,Lat/Lng,-75.3657864,40.0959508,Luv Car Wash,99541.43699375552,0.0749492931316455,0.0636735125740832,39.65641239875987,56973.37390751799,132487.33604544212,101168.16996871417,17167.85974738677,16069.748332861112,15036.834714330034,3753.847379308427,1327.715862421086,217.7804916682653,63804.72580747213,1.578272327565348,4716.948079052148,3802.7802542112768,2937.036567825824,2278.4406644937117,3756.11982704862,101168.16996871417,132487.33604544212,23277.420991278952,4,Luv Car Wash,Gentle Touch Car Wash,Final Touch Car Wash,0.0236574461392495,National Chain,Express,www.luvcarwash.com,1.058089318075341,National Chain,Closed,,1.65344624683896,Tunnel Car Wash,Full-Service/Ext./Detail/⛽,www.finaltouchcarwash.com,3,Target,0.0395228034929064,Walmart USA,1.934021466467904,Walmart USA,2.875199419973777,4,4,348,2876,2101,2576,2342,1157,secondary,76.76425961250226,luvcarwash_000457
192616splash_11,top100,Cabot - Willie Ray Dr,192616splash,11,AR,South,210 Willie Ray Dr,34.990011,-92.013519,178622.0,2025.0,14885.0,53,192616splash,34.9968023,-92.0105253,Splash Car Wash,Lat/Lng,-92.0105253,34.9968023,Splash Car Wash,23702.75108274806,0.0146290900893474,0.1119428547886426,37.95529335090546,12094.441561784188,101453.73312079468,84278.83170462944,2657.9658614121727,2621.2496386561543,3553.820925721666,1606.0536989195389,429.5043959818431,207.87533499021083,17304.44684573653,1.9592176209793404,1095.899039121985,832.4187200773158,637.2344037842122,440.9527310935664,372.5967496639933,84278.83170462944,101453.73312079468,6186.104791363236,2,Rhyno Car Wash,Splash Carwash,,1.5500882151133395,Tunnel Car Wash,Express,www.rhynocarwash.com,1.765589153957872,National Chain,Express/IBA/lube,www.cleancarfast.com,0.0,,,,1,Walmart USA,2.236415578928329,,0.0,,0.0,2,0,113,1520,1122,1555,1332,504,tertiary,73.48182467736909,192616splash
martintowncw_000477_1,top100,Moby's Car Wash,martintowncw_000477,1,SC,South,421 E Martintown Rd,33.496174,-81.958404,176534.0,2025.0,14711.0,40,martintowncw_000477,33.495539,-81.95758,Mobyu0027s Car Wash,Lat/Lng,-81.95758,33.495539,Mobyu0027s Car Wash,42538.32000448834,-0.0224228860779169,-0.0282865256169324,40.91856288182707,20819.41320540366,82535.04800896546,57273.009225376896,9210.254254214871,7056.254230181163,5844.3759170134435,2251.989927299088,525.7444115771214,178.15872248494998,28494.74710483855,1.5552054858074689,1474.0346700674854,1060.693002015294,833.8488013099413,434.27819671551697,726.2803490560618,57273.009225376896,82535.04800896546,9122.713327965292,3,Moby's Car Wash,Sparkle Express Car Wash,Sparkle Express Car Wash,0.0181646759673792,Tunnel Car Wash,Express,www.mobyscarwash.com,2.033767573567176,National Chain,Express,www.sparklemyride.com,2.6305625987547434,National Chain,Express/SS,www.sparklemyride.com,1,Walmart USA,0.4083894043234167,,0.0,,0.0,3,0,537,3719,3704,3956,3649,1660,primary,54.50517157049057,martintowncw_000477
blueiguanacw_000349_1,top100,Blue Iguana Chestnut,blueiguanacw_000349,1,MO,Midwest,3316 W Chestnut Expy,37.211697,-93.345945,176118.0,2025.0,14676.0,58,blueiguanacw_000349,37.2116947,-93.3459477,Blue Iguana,Lat/Lng,-93.3459477,37.2116947,Blue Iguana,55394.05904108181,0.0189661821425487,0.0134775588347025,38.398586922423064,27777.05912194465,63269.33208960845,49902.44992366368,12637.95569611137,9564.43484097818,8398.199815070024,2459.0015600644983,580.1996255466365,259.3648600411834,37355.46195370419,1.6109938537926245,1806.0360125227016,976.613404684642,610.3243367523537,355.25644319993444,270.3693154673674,49902.44992366368,63269.33208960845,10614.98501024535,6,Blue Iguana Car Wash,Tsunami Express Car Wash,Casey Boaz,0.0151479892080725,Tunnel Car Wash,Express,www.blueiguana.com,2.019725624224857,National Chain,Express,www.tsunamiexpress.com,2.0505061455978666,Tunnel Car Wash,,,4,Walmart USA,0.6415036823873874,Target,2.0387127036046304,Walmart USA,2.1641409250839017,0,0,33,469,434,422,306,68,unclassified,49.90899923116903,blueiguanacw_000349
washrite_000380_7,top100,Wash Rite Moundsville,washrite_000380,7,WV,South,75 Teletech Dr,39.909698,-80.749338,175419.0,2025.0,14618.0,35,washrite_000380,39.909698,-80.749338,Wash Rite,Lat/Lng,-80.749338,39.909698,Wash Rite,13922.09185381746,-0.0223397586779614,-0.0269634896335271,45.52619764866073,6405.745509170694,88846.81209105488,64406.224512246015,1179.4317889659433,2230.306653909385,2169.1838570939144,735.5846289269393,217.07901794707868,113.10584376659244,10209.273545499307,1.7104903939737888,589.6655984773533,391.2106199049158,255.6660794703057,132.23994085204322,187.73337228188757,64406.224512246015,88846.81209105488,4792.378321105265,0,,,,0.0,,,,0.0,,,,0.0,,,,1,Walmart USA,1.1685325204621009,,0.0,,0.0,2,0,709,3298,2260,2791,2050,972,trunk,61.372996260195954,washrite_000380
thegoodwash_000590_1,top100,The Good Wash,thegoodwash_000590,1,VA,South,2305 Plank Rd,38.297066,-77.499727,175156.0,2025.0,14596.0,33,thegoodwash_000590,38.29704,-77.499707,The Good Wash,Lat/Lng,-77.499707,38.29704,The Good Wash,60139.21249797917,0.122953280811595,0.0787746343686011,39.0701701120379,33002.60844400595,130643.81539197826,99637.17469954229,10866.202660818351,8006.256789135747,8804.683264924446,3656.2176170561,722.7142463638447,559.6829712782055,42273.548011999344,1.8170030856822856,2506.6223768286873,1814.9184670303948,1668.4579637222923,1416.8698861785233,2359.18557413877,99637.17469954229,130643.81539197826,12470.280661171302,5,The Goodwash Car Wash,Santa Fe Car Wash,Crystal Car Wash,0.0029551918722827,Tunnel Car Wash,Express,www.thegoodwash.com,0.6436211555313338,Tunnel Car Wash,Full-Service/Ext./Detail,www.santafewash.com,1.171348555357171,Tunnel Car Wash,Full-Service/Ext./Detail,No Website,2,Target,0.7712539621553223,Walmart USA,1.00751969941478,,0.0,3,2,381,1433,1262,1286,1193,612,tertiary,76.44724090500996,thegoodwash_000590
carrollclean_000464_1,top100,Carroll Clean Owings Mills,carrollclean_000464,1,MD,South,11260 Dolfield Blvd,39.42309,-76.806596,173979.0,2025.0,14498.0,41,carrollclean_000464,39.4188261,-76.8088723,Carroll Clean Car Wash,Lat/Lng,-76.8088723,39.4188261,Carroll Clean Car Wash,80012.82751451363,0.0061089642122537,0.0184089419934259,39.53454826860384,45377.85289528663,126369.75646852049,103137.48059292093,13023.9500189994,13730.139147864304,10584.53013904381,3284.6850576582365,1230.9512137667043,342.05374340410344,51387.32817101397,1.6342007241906311,4265.432437814772,3023.2925570699153,2508.4526637764648,1872.095725891064,2578.836962644593,103137.48059292093,126369.75646852049,18449.11685126997,3,Carroll Clean Car Wash,Royal Farms Car Wash,Owings Mills Car Wash,0.310152870343813,Tunnel Car Wash,Express/⛽,www.carrollcleancarwash.com,0.3948624187812817,Tunnel Car Wash,Exterior/⛽,https://royalfarms.com,1.6590727094286284,Tunnel Car Wash,Full-Service/Ext./Detail,No Website,1,Target,1.1323539821704265,,0.0,,0.0,4,0,236,1364,960,1344,1455,889,secondary,80.05940280387554,carrollclean_000464
goshine_000703_5,top100,Go Shine - Gluckstadt,goshine_000703,5,MS,South,111 Dees Wy,32.515023,-90.106685,171958.0,2025.0,14330.0,19,goshine_000703,32.5167992,-90.1063809,Go Shine,Lat/Lng,-90.1063809,32.5167992,Go Shine,16849.210031249968,0.0747971181502612,0.0823911047789404,37.55535207017783,9143.799779192894,140945.79558285078,116629.08233110233,742.3650595828658,1428.4678108466323,3016.5330064670416,880.4210980111966,366.8074476758484,85.73251474474091,11998.689482241403,2.030922210790633,822.0942395834718,585.1988252490992,641.4771613592748,497.61516485200264,535.9774319622666,116629.08233110233,140945.79558285078,5171.481780825881,1,GoShine Express Car Wash,,,0.0308620291736414,Tunnel Car Wash,Express,www.goshineexpress.com,0.0,,,,0.0,,,,0,,0.0,,0.0,,0.0,0,0,395,4973,3482,4050,3630,1522,tertiary,88.43428795211716,goshine_000703
edgeexpress_000446_8,top100,Edge Express Stafford,edgeexpress_000446,8,VA,South,799 Garrisonville Rd,38.468896,-77.452916,171943.0,2025.0,14329.0,41,edgeexpress_000446,38.4700052,-77.4534223,Edge Express,Lat/Lng,-77.4534223,38.4700052,Edge Express,51252.589653923555,0.0673521477703382,0.1318525426693549,36.29727276160797,29394.671981518477,172295.4910922931,151477.6245898028,3810.880837954115,3049.190514603164,6642.07473693369,3386.3996567521244,1421.6069050123915,700.743543270044,35682.6842951267,2.3076395129640237,1410.9285301020136,1337.3261700472794,1591.7808006620037,1443.3077255897224,2698.910133185331,151477.6245898028,172295.4910922931,11714.739179140888,5,Edge Express Car Wash,Route 610 Carwash,Edge Express Car Wash (Coming),0.0297610174523264,National Chain,Express ,www.edgeexpresscarwash.com,1.536997399665614,Tunnel Car Wash,Full-service,No website,2.027817133429561,National Chain,Express,www.edgeexpresscarwash.com,3,Walmart USA,1.1566669274935066,Walmart USA,1.919755927560454,Target,2.4608513821225992,1,0,427,3221,2782,3655,3306,1634,primary,90.67865849645024,edgeexpress_000446
rocketwashnc_000309_7,top100,Rocket Wash Mebane,rocketwashnc_000309,7,NC,South,211 Fieldale Rd,36.07598,-79.274999,170021.0,2025.0,14168.0,39,rocketwashnc_000309,36.0759831,-79.2750705,Rocket Wash,Lat/Lng,-79.2750705,36.0759831,Rocket Wash,25165.111148275784,0.1394662800495194,0.0773885884601845,39.562979508403544,13641.774441020563,101769.70182671172,86492.12010262714,3716.725989442959,3541.1954662661883,3926.764276470145,1967.968610384385,534.4422797997831,180.83561537694183,20340.577046443475,1.9545884198437675,1309.7146618648549,984.3685664024088,685.9232339158771,404.7725634027447,545.7711812547932,86492.12010262714,101769.70182671172,6693.4972068118805,3,Rocket Wash Express,Eastern Auto Spa,Mod Wash,0.0002266128488446,National Chain,Express,www.rocketcarwashexpress.com,0.0854087259114669,Tunnel Car Wash,Full-Service/Ext./Lube,www.easternautospa.net,0.7325132548055105,National Chain,Express,www.modwash.com,1,Walmart USA,0.6341018706210476,,0.0,,0.0,2,0,67,514,497,540,499,261,unclassified,68.82297652066542,rocketwashnc_000309
pridec_000401_3,top100,My Wash Warsaw,pridec_000401,3,IN,Midwest,2685 Escalade Way,41.276719,-85.854204,169250.0,2025.0,14104.0,21,pridec_000401,41.2762644,-85.8556124,Pride C,Lat/Lng,-85.8556124,41.2762644,Pride C,16266.433912556036,-0.0043935542872437,0.0178615396607566,39.36326763298851,8176.313127398025,76902.44080757536,65348.419412501855,2648.038454282854,2430.5368889149395,2356.749028127815,874.8524852984701,204.4394022822962,44.6585440938361,10809.642730664344,1.6655569632562326,799.2737225065939,328.7243415489211,236.2303604223416,152.13761838251958,115.11766133783384,65348.419412501855,76902.44080757536,3845.916404817195,2,MyWash Car Wash,Tsunami Express Car Wash,,0.0614210326195765,Tunnel Car Wash,Express,www.mywash.club,2.5499268872815497,National Chain,Express,www.tsunamiexpress.com,0.0,,,,1,Walmart USA,0.3278861878570451,,0.0,,0.0,2,0,25,390,492,580,479,203,tertiary,62.23388280143157,pridec_000401
washrite_000380_2,top100,Wash Rite Marietta,washrite_000380,2,OH,Midwest,107 Crooked Run Ln,39.405323,-81.41306,169214.0,2025.0,14101.0,53,washrite_000380,39.395147,-81.5003474,Wash Rite,Lat/Lng,-81.5003474,39.395147,Wash Rite,10140.780954891585,-0.0376173533755048,-0.0114487289231878,43.89011884469468,4845.328570636455,91744.51534550537,67119.8446226244,1160.3301913489122,1516.3240942640114,1739.834313835716,559.8308654585271,149.23697153886314,153.89537871442735,8041.910098038614,1.8357760034759152,452.1688857469708,277.15636022394756,198.53976137255088,129.09369964437792,166.60025425767526,67119.8446226244,91744.51534550537,3228.923729898117,0,,,,0.0,,,,0.0,,,,0.0,,,,0,,0.0,,0.0,,0.0,0,0,209,1297,909,1201,795,390,trunk,60.82973104268903,washrite_000380
washnroll_000485_3,top100,Wash N Roll Melrose,washnroll_000485,3,TN,South,2640 8th Ave S,36.119663,-86.774441,168541.0,2025.0,14045.0,46,washnroll_000485,36.1196537,-86.7745102,Wash N Roll,Lat/Lng,-86.7745102,36.1196537,Wash N Roll,103626.27615944024,0.0855797619203852,0.0642985709679516,34.90109848661514,59717.34418772627,157714.3484460308,99097.86715186547,26824.04336488794,22995.228470862843,15563.518067218596,2902.130953609245,1226.20117567759,268.69166727620177,69076.92050521914,1.439956129868149,4222.822505062446,3818.7124224243457,3029.8944023307413,2474.9174970428576,5753.303605981462,99097.86715186547,157714.3484460308,21175.507655406196,4,Wash N' Roll Car Wash,Wash N' Roll Car Wash,Smith Brothers Car Wash,0.0031750404184824,National Chain,Express,www.mywashnroll.com,1.6142006415338774,National Chain,Express,www.mywashnroll.com,2.3077140155041405,Tunnel Car Wash,(Permanently Closed),,1,Walmart USA,0.6637415238248742,,0.0,,0.0,8,2,686,6439,5570,6240,5402,2571,primary,72.6927759763582,washnroll_000485
sonicsuds_000319_4,top100,Sonic Suds Five Forks,sonicsuds_000319,4,SC,South,2836 Woodruff Rd,34.828216,-82.34752,167888.0,2025.0,13991.0,42,sonicsuds_000319,34.8066415,-82.2228338,Sonic Suds,Lat/Lng,-82.2228338,34.8066415,Sonic Suds,53171.45521322579,0.0649413300204443,0.017825079924862,41.17622392689694,27283.517112951493,165098.41095934823,133106.5379248167,2853.3020947178593,3860.276014905772,8667.292858242989,3670.279269587249,1080.1102063544097,620.1968107939465,39627.124419540865,2.1251621988366742,1992.4554512755712,1814.4549628357636,1816.82875257649,1444.5679347245025,2719.7089930648217,133106.5379248167,165098.41095934823,15845.0939303193,2,Sonic Suds Express Car Wash,Five Forks Express Wash,,0.0702604269566234,Tunnel Car Wash,Express,www.sonicsudswash.com,0.5437545933279578,Tunnel Car Wash,Express/SS/IBA,www.fiveforksexpress.com,0.0,,,,0,,0.0,,0.0,,0.0,4,0,612,5974,4444,5151,5222,2355,secondary,86.99591606691523,sonicsuds_000319
kindcw_000508_1,top100,Kind Car Wash,kindcw_000508,1,IN,Midwest,3106 N National Rd,39.23034,-85.911034,167211.0,2025.0,13934.0,43,kindcw_000508,39.229497,-85.905272,Kind Car Wash,Lat/Lng,-85.905272,39.229497,Kind Car Wash,43298.96755469298,0.0346385472042185,0.0131328253267931,40.17778560878205,22303.45852660584,98690.73531783502,74865.6510174611,6742.04125660361,6579.693211750477,6889.380380187882,2083.261905302934,825.8672065671999,427.004427553562,32046.730652071652,1.7889826622532474,1872.0946363516268,1366.596899495984,963.4237302808324,645.8335065799765,879.2241782884812,74865.6510174611,98690.73531783502,11272.712656399644,3,Top Dog Car Wash,Crew Carwash - Mike's Express,Top Dog Car Wash,0.2514614285103745,Tunnel Car Wash,Flex,www.topdogcarwash.com,1.594729759949025,National Chain,Express,www.crewcarwash.com,1.9844474824974707,Tunnel Car Wash,Express,www.topdogcarwash.com,2,Target,1.3202297255154114,Walmart USA,2.120970068242108,,0.0,2,0,0,91,113,135,110,14,unclassified,66.91190217139446,kindcw_000508
luvcarwash_000457_4,top100,Rainbow,luvcarwash_000457,4,NV,West,7495 S Rainbow Blvd,36.053869,-115.244284,166369.0,2025.0,13864.0,46,luvcarwash_000457,36.052427,-115.24378,Luv Car Wash,Lat/Lng,-115.24378,36.052427,Luv Car Wash,136081.1329141277,0.1734517032817296,0.1157951576479,38.7889503231107,79124.77270098546,122013.26009768728,97606.61255906997,21841.712028791328,16148.046575299224,21675.03260036808,6747.3538701904,2492.940693910812,538.6917860753529,92405.3950926266,1.8642685903758784,5755.902925198192,4601.967919871004,3934.396780021947,3074.447058543301,3834.989410142949,97606.61255906997,122013.26009768728,27790.517874277135,13,LUV Car Wash  ,ShowPlace Auto Boutique,Terrible's Car Wash,0.0173907379581974,National Chain,Express,www.luvcarwash.com,0.3275553332404925,Tunnel Car Wash,Full-Service/Ext./Detail/Lube,No Website,0.9352070459309066,National Chain,Express/⛽ ,www.terribles.com,3,Walmart USA,0.8348006278286764,Walmart USA,2.218583530864379,Target,2.8220246355745675,3,1,1339,4478,4501,5373,5284,3698,primary,78.77950120648578,luvcarwash_000457
topwash_000333_1,top100,Top Wash Peachtree,topwash_000333,1,GA,South,5784 Peachtree Industrial Blvd,33.899402,-84.290175,166038.0,2025.0,13836.0,58,topwash_000333,33.9060451,-84.2947299,Top Wash,Lat/Lng,-84.2947299,33.9060451,Top Wash,96290.34669607144,0.0269705472159296,0.0378942193372057,37.43176339333447,54986.31675914966,145673.76957037876,97735.6442877144,19810.976585570257,17600.876723535708,14507.79593757831,3038.474093529978,623.825319079333,294.58068848773837,59700.095598038286,1.5429115896848145,3802.914150482975,2795.681686604861,2383.5938356622355,1902.6228595640275,4517.424111451255,97735.6442877144,145673.76957037876,18938.199687744956,3,TOP Express Car Wash,Caliber Car Wash ,TOP Express Car Wash,0.0072435825307328,Tunnel Car Wash,Express,www.topexpresscarwash.com,2.0340317930055054,National Chain,Express,www.calibercarwash.com,2.9035304115830174,Tunnel Car Wash, Express,www.topexpresscarwash.com,2,Walmart USA,1.5310732548868715,Walmart USA,2.8781575739458445,,0.0,4,4,1260,9143,7133,7526,7013,3993,trunk,75.57676255876525,topwash_000333
riptideneuse_000337_11,top100,Riptide Shallotte,riptideneuse_000337,11,NC,South,4447 Main St,33.984135,-78.366512,165563.0,2025.0,13797.0,28,riptideneuse_000337,33.9838152,-78.3677888,Riptide,Lat/Lng,-78.3677888,33.9838152,Riptide,8037.451113406598,0.1647994571168573,-0.0507109972056095,46.06527786750722,3553.7909408073465,100982.69047325155,75149.69770431716,786.7456511727069,981.538585970644,1397.0080547265245,744.4495609707665,130.63508437084965,24.162356954650026,6652.255500592641,1.9613013650823392,346.4374296128517,289.6589563274756,223.038551003905,158.57027940207627,146.6517237595981,75149.69770431716,100982.69047325155,2606.5306660177885,1,The RipTide Car Wash,,,0.0791970982843306,National Chain,Express,https://riptidecw.com,0.0,,,,0.0,,,,1,Walmart USA,0.3420721687158445,,0.0,,0.0,1,0,206,2522,2414,2382,1921,785,primary,65.42163682869105,riptideneuse_000337
detricks_000422_1,top100,Detricks Conway,detricks_000422,1,SC,South,2280 Church St,33.852795,-79.076283,163251.0,2023.0,13604.0,26,detricks_000422,33.8528886,-79.076195,Detricks,Lat/Lng,-79.076195,33.8528886,Detricks,23384.54546082093,0.204616564217802,0.0281953545934253,42.99391103177147,9747.903392534963,74348.50230463801,55012.73619209639,3356.2057096018107,3724.888523334405,3293.7705646356335,1276.0355579406605,268.5414834062103,100.5380530821858,15717.392525463423,1.659620126699748,822.1164481985616,354.63523076981073,257.5689731274033,292.38994812365854,255.7847916005412,55012.73619209639,74348.50230463801,6122.646069284179,1,Whistle Express Car Wash,,,1.0329403924032607,National Chain,Express,https://whistleexpresscarwash.,0.0,,,,0.0,,,,1,Walmart USA,0.9279725325807904,,0.0,,0.0,3,0,742,3822,3337,3690,3286,2009,trunk,53.10654462181289,detricks_000422
charliescw_000634_1,top100,Charlee's Car Wash,charliescw_000634,1,GA,South,6263 Turner Lake Rd NW,33.603787,-83.876059,162624.0,2025.0,13552.0,29,charliescw_000634,33.605179,-83.876709,Charlieeu0027s Car Wash,Lat/Lng,-83.876709,33.605179,Charlieeu0027s Car Wash,28686.096657162067,0.1216523451083147,0.0993718364872519,39.108999647535384,14949.258317043015,86222.83232179153,65102.90215211609,4872.549523469061,3900.968839978217,3641.479095562012,1741.1969861097168,473.0075219464488,272.09134843794163,19660.004819406895,1.8225183596133467,1176.2868937269086,603.9815316585591,553.6997264847159,362.0176617511315,354.27417843427975,65102.90215211609,86222.83232179153,5917.1464376071235,3,Charlee's Car Wash,Mister Car Wash,Zips Car Wash ,0.0037606592902827,Tunnel Car Wash,Express,No Website,1.253789766354298,National Chain,Express,www.mistercarwash.com,2.57173306291738,National Chain,Express/SS,www.zipscarwash.com,1,Walmart USA,2.699096078675752,,0.0,,0.0,3,0,208,733,737,1010,993,576,primary_link,60.95174178520873,charliescw_000634
detricks_000422_4,top100,Detricks Glenforest,detricks_000422,4,SC,South,1036 Glenforest Rd,33.754789,-78.96342,162224.0,2025.0,13519.0,42,detricks_000422,33.754789,-78.96342,Detricks,Lat/Lng,-78.96342,33.754789,Detricks,42779.78951547807,0.2549073462868727,0.1369944550579638,45.082096597229466,20590.87198636681,102702.3399791918,82824.28927247597,4338.266973562539,5830.302684934111,7901.469823148102,2466.492646129802,607.7125953901559,147.56011975184083,32201.371249939548,1.8332966099719556,2251.495664823102,1494.5012933278922,989.6018165210262,674.6803845299874,753.9521491106134,82824.28927247597,102702.3399791918,13232.103842965094,3,Detrick's Car Wash,Beach Buffers Car Wash,Tidal Wave Auto Spa,0.009915910145414,Tunnel Car Wash,Express,www.detrickscarwashinc.com,0.4850587876346708,Tunnel Car Wash,Full-Serve/Ext./Detail/Lube,www.beachbufferscarwash.com,2.5284866970036446,National Chain,Flex,www.tidalwaveautospa.com,1,Walmart USA,2.15365155808491,,0.0,,0.0,4,0,1337,7154,5261,5490,5042,3732,trunk,75.23580150868801,detricks_000422
luvcarwash_000457_44,top100,Dickson City,luvcarwash_000457,44,PA,Northeast,901 Commerce Blvd,41.463347,-75.642816,161798.0,2025.0,13483.0,28,luvcarwash_000457,41.463164,-75.642049,Luv Car Wash,Lat/Lng,-75.642049,41.463164,Luv Car Wash,48991.01007734536,-0.0094989315460608,0.0072476938311535,43.03392112445935,24463.91656197142,84844.3000726807,65691.51310609137,7956.358629324124,8505.374687842384,6665.927632281033,2218.364940789412,571.7623914958676,180.17859615862835,31680.267321549298,1.564151887845865,2026.2295475968856,1445.137178505538,941.9730180859332,577.3550398448715,705.5428989789216,65691.51310609137,84844.3000726807,12317.484378831983,4,LUV Car Wash,Tommy's Express® Car Wash,Kwik'N'Ezy Car Wash,0.0036237656719437,National Chain,Express,www.luvcarwash.com,0.2880465309606023,National Chain,Express,www.tommys-express.com,2.4176415089870664,Tunnel Car Wash,Exterior/SS,www.kwiknezycarwash.com,2,Walmart USA,0.1674254734768745,Target,0.3531895763036624,,0.0,2,2,109,1684,2997,3252,3211,1362,tertiary,60.15363576903789,luvcarwash_000457
192616splash_13,top100,Maumelle - Audubon Dr,192616splash,13,AR,South,117 Audubon Dr,34.851651,-92.40558,161747.0,2025.0,13479.0,47,192616splash,34.8516486,-92.4054624,Splash Car Wash,Lat/Lng,-92.4054624,34.8516486,Splash Car Wash,27015.806407439057,0.0346919695173251,0.0606990288117093,40.25552249723314,14971.92836707132,110038.9136933092,81399.29982357219,4596.545185987605,4362.5299352614675,4476.902760280296,1916.349302961491,282.6170455624815,112.27571697719397,20757.23013184243,1.759568367103158,1166.9425749848597,1049.128196763806,756.0861338754185,492.99297187803313,737.7552251515444,81399.29982357219,110038.9136933092,7200.228681921726,1,Zips Car Wash,,,1.424696492105792,National Chain,Express,www.zipscarwash.com,0.0,,,,0.0,,,,1,Walmart USA,1.5107335896428318,,0.0,,0.0,1,0,56,691,667,699,667,280,tertiary,70.92163672141216,192616splash
magictunnel_000072_2,top100,Magic Sidney,magictunnel_000072,2,OH,Midwest,2680 W Michigan St,40.288574,-84.195722,161284.0,2022.0,13440.0,42,magictunnel_000072,40.2879717,-84.171659,Magic Tunnel Carwash,Lat/Lng,-84.171659,40.2879717,Magic Tunnel Carwash,22152.084433540236,-0.0058683727143489,-0.0087531922762398,41.02829621541376,11598.68521925155,89381.51034358007,68140.38917061222,3478.1201222754316,3333.97832365206,3148.5068394389236,1298.952177554136,520.6871101374272,335.2556883939542,17286.875417711795,1.8985908311119608,889.4740570008289,538.772462767316,415.67778015928343,367.6344786940608,326.4449854263803,68140.38917061222,89381.51034358007,5699.661866837647,1,Tsunami Express Car Wash,,,1.4283630784938672,National Chain,Express,www.tsunamiexpress.com,0.0,,,,0.0,,,,1,Walmart USA,1.1209036953976004,,0.0,,0.0,2,0,115,705,536,635,476,265,tertiary,64.70336163292993,magictunnel_000072
olliewash_000159_1,top100,Ollie Wash Owensboro,olliewash_000159,1,KY,South,3850 Frederica St,37.734787,-87.121231,160469.0,2025.0,13372.0,78,olliewash_000159,37.734484,-87.1208249,Ollie Wash,Lat/Lng,-87.1208249,37.734484,Ollie Wash,55129.599530978594,0.0023928215775099,0.0087920962570397,40.11747761117173,26159.74893668678,81512.46296066104,58165.572949116424,9702.213988692847,8860.571898151771,7599.082676117541,2568.5753078091657,1139.872124108253,323.8411115685012,37943.15722808987,1.6488835603783858,1977.758185223909,1378.4978544652697,981.8381594086532,721.3005049175117,590.7417372993659,58165.572949116424,81512.46296066104,13350.130878977478,3,Ollie Wash,Cheetah Clean Auto Wash,Sparkle Brite Car Wash,0.003439356803738,Tunnel Car Wash,Express,www.olliewash.com,0.7184827244185641,National Chain,Express,www.cheetahclean.com,0.9580278674768732,Tunnel Car Wash,Full-service/exterior, www.sparklebritecarwash.com,2,Walmart USA,1.015821306983426,Target,1.1858731158755138,,0.0,3,0,0,285,390,387,293,42,unclassified,55.5389272347135,olliewash_000159
luvcarwash_000457_7,top100,Tropicana,luvcarwash_000457,7,NV,West,3650 E Tropicana Ave,36.100598,-115.095574,160400.0,2025.0,13367.0,49,luvcarwash_000457,36.1006336,-115.0955916,Luv Car Wash,Lat/Lng,-115.0955916,36.1006336,Luv Car Wash,169504.243524411,0.0026929681260113,-0.044854890566341,40.84228568389965,89170.10472276295,81609.28940632909,63503.356749605446,39036.260469639674,28476.99684930756,19829.50715100742,7903.1846303753555,2112.1457711555995,762.1387777564814,104104.84201585328,1.532330846327409,6253.360854469938,4159.584496528725,2996.6276443281677,1823.317605217453,1840.6445613029648,63503.356749605446,81609.28940632909,29033.964736950817,14,LUV Car Wash,Oasis Hand Car Wash,Terrible's Car Wash ,0.0009889787542892,National Chain,Express,www.luvcarwash.com,1.0030734762330271,National Chain,Full-Service/Ext./Detail/⛽,www.oasishandcarwash.com,1.5733111397024977,National Chain,Exterior/⛽,www.terribles.com,4,Walmart USA,0.7203780824429411,Walmart USA,1.8977106880660315,Walmart USA,2.0314524369213554,2,0,1857,6839,4187,4313,3611,2535,primary,60.99326186382452,luvcarwash_000457
sammysexpresscw_000254_1,top100,Big Sammy's Car Wash Maple Shade,sammysexpresscw_000254,1,NJ,Northeast,491 Route 38 W,39.942626,-74.990121,160114.0,2025.0,13343.0,73,sammysexpresscw_000254,39.942724,-74.990216,Sammyu0027s Express Car Wash,Lat/Lng,-74.990216,39.942724,Sammyu0027s Express Car Wash,86613.6535524478,0.0310781099809567,0.0130387328764722,42.52744876828583,47503.9401538457,143552.63731769507,106884.94833968184,10662.443173952168,12606.70833838568,13278.889893349491,4162.812951277476,1648.9215499880956,560.489806269994,61051.06221021945,1.7801850841579745,3780.360274271923,2795.126665496966,2782.587393563357,2199.7279282907257,3721.970732025337,106884.94833968184,143552.63731769507,23661.273471097695,11,Sammy's Express Car Wash,Elite Auto Spa,Auto Shine Car Wash,0.0151714336406028,Tunnel Car Wash,Express,www.sammyscw.com,1.0505485162773105,Tunnel Car Wash,Exterior,www.eliteautospanj.com,1.0696771479624931,Tunnel Car Wash,Flex/Detail,www.autoshine.com,3,Walmart USA,1.616129111942438,Target,1.913601968335023,Walmart USA,2.8920576490078584,4,5,875,7486,5142,5901,5232,2457,trunk,77.67603919786606,sammysexpresscw_000254
washnroll_000485_2,top100,Wash N Roll Bellevue,washnroll_000485,2,TN,South,7128 Hwy 70 S,36.07446,-86.923899,159095.0,2025.0,13258.0,47,washnroll_000485,36.074531,-86.923798,Wash N Roll,Lat/Lng,-86.923798,36.074531,Wash N Roll,42807.87740247394,0.0079384907658319,-0.0246640075828163,40.91163246105185,25247.86293924856,133537.21495188778,99292.13856896102,7603.749637188623,8434.03703720076,8234.16241668025,2087.6110532965977,668.7148803588934,129.72596799302846,34488.68439185177,1.7159397317721272,2234.119232924888,1767.9847261221148,1448.36717029172,1164.8068641405553,1891.9540385357104,99292.13856896102,133537.21495188778,12531.97177101206,2,Wash N' Roll Car Wash,Club Car Wash,,0.0086491192628069,National Chain,Express,www.mywashnroll.com,0.0313018896557854,National Chain,Express,www.clubcarwash.com,0.0,,,,0,,0.0,,0.0,,0.0,5,0,740,6637,5502,6111,5459,2526,primary,79.39433590744224,washnroll_000485
luvcarwash_000457_3,top100,Blue Diamond,luvcarwash_000457,3,NV,West,4620 Blue Diamond Rd,36.03475,-115.204548,159017.0,2025.0,13251.0,48,luvcarwash_000457,36.034755,-115.20456,Luv Car Wash,Lat/Lng,-115.20456,36.034755,Luv Car Wash,114094.64000640108,0.1683462920172188,0.117774532505824,39.48493272956466,66156.69296262602,129358.12434955638,101875.9228514325,17940.28027533809,13285.720250068043,16424.68939912496,6820.035551762645,2058.5077791732474,857.4790220437935,79116.63193051785,1.9223724072225348,4737.0052432058,3727.600857710844,3238.489757365336,2683.2123392417707,3700.9845587212258,101875.9228514325,129358.12434955638,23331.029178864024,9,LUV Car Wash,BLISS Car Wash,Global Truck Wash,0.0008895838676067,National Chain,Express,www.luvcarwash.com,0.2911734068431945,Tunnel Car Wash,Express,www.blisscarwash.com,1.0212655975945537,Tunnel Car Wash,Full-Service/Ext./Detail/IBA,www.globaltruckwash.com,2,Target,0.6630009125420535,Walmart USA,2.4927579213946203,,0.0,2,0,2672,11194,6950,6916,6063,3760,trunk,78.64023391273497,luvcarwash_000457
riptideneuse_000337_15,top100,Riptide Royal Oaks,riptideneuse_000337,15,TN,South,230 S Royal Oaks Blvd,35.9095,-86.831199,158496.0,2025.0,13208.0,20,riptideneuse_000337,35.9091264,-86.8308782,Riptide,Lat/Lng,-86.8308782,35.9091264,Riptide,54613.1653183992,0.1012717386598107,0.071077339052481,40.28809207872581,30937.675805370964,168918.74097323391,133024.34066608502,6693.009269199334,5947.650562185328,10204.503823985346,3476.4490314319264,1005.8118472089992,230.63227378763256,41962.41406222596,1.9403059022043685,2439.5650212522596,2088.5950149765704,1837.983489458682,1518.7690358094403,3390.462865288602,133024.34066608502,168918.74097323391,14971.437299522106,3,The RipTide Car Wash,Safari Express CarWash,Wash N' Roll Car Wash,0.0340492442450019,National Chain,Express,www.riptidecw.com,0.388471494144232,Tunnel Car Wash,Full-Service/Ext./Detail,No Website,2.4583513336922724,National Chain,Express,www.mywashnroll.com,1,Walmart USA,2.17255152060409,,0.0,,0.0,8,1,291,3696,2758,2789,2075,711,secondary,86.1509982306212,riptideneuse_000337
newdaycw_000610_1,top100,101 Vestavia Hills,newdaycw_000610,1,AL,South,4740 Cahaba River Rd,33.431792,-86.73551,158323.0,2025.0,13194.0,31,newdaycw_000610,33.4318188,-86.7368123,New Day Car Wash,Lat/Lng,-86.7368123,33.4318188,New Day Car Wash,52106.13028305449,0.020117113973257,0.0491131103819704,40.201397865789794,28006.573208393704,164372.2527965659,111311.85692322878,9548.005603218684,8478.62040994619,9358.084767043998,3157.8886879084166,811.4434949773131,437.7895954067353,42103.177964702365,1.8222967262478125,2199.751931359584,1932.7723787048017,1823.9100444598007,1969.5391997157712,2587.4650951765943,111311.85692322878,164372.2527965659,13557.726397537452,4,New Day Car Wash,Mister Car Wash,Dirty Dog's Car Wash,0.0685643478455752,Tunnel Car Wash,Express,www.newdaycarwash.com,1.6738793765626958,National Chain,Full-service,www.mistercarwash.com,1.7958678993148285,National Chain,Express,www.dirtydogscarwash.com,1,Target,1.472014385746943,,0.0,,0.0,6,1,323,2903,2310,2657,2256,870,secondary,81.11954990137586,newdaycw_000610
192616splash_16,top100,Sherwood - E Kiehl Ave,192616splash,16,AR,South,3610 E Kiehl Ave,34.83218,-92.192783,157599.0,2025.0,13133.0,40,192616splash,34.831671,-92.192403,Splash Car Wash,Lat/Lng,-92.192403,34.831671,Splash Car Wash,39287.00871938991,0.0097411672084035,0.020677813977562,41.65585902900561,19483.445136503084,100326.14370878407,83369.23604960559,5341.395233652438,5541.744871986215,6895.761685752193,2723.8230772837996,654.6388961260673,245.02214761264625,31348.4037979095,1.8848931299032847,2336.3227200122783,1402.495442035608,932.7625894829398,658.2398970035138,801.3764411679003,83369.23604960559,100326.14370878407,11294.775434139416,3,Splash Car Wash,Take 5 Car Wash ,Zips Car Wash,0.0018445966206824,National Chain,Express,www.cleancarfast.com,1.753176035218223,National Chain,Express,www.take5.com,2.2127938652780803,National Chain,Express,www.zipscarwash.com,2,Walmart USA,2.3229205929281815,Walmart USA,2.5738685534341506,,0.0,3,0,432,3665,3037,3411,2989,1380,secondary,70.76583451628278,192616splash
happycarwash_000394_3,top100,Happy's Vancouver,happycarwash_000394,3,WA,West,1316 NE 134th St,45.718651,-122.657629,156830.0,2025.0,13069.0,37,happycarwash_000394,45.7186807,-122.657839,Happy Car Wash,Lat/Lng,-122.657839,45.7186807,Happy Car Wash,78868.20279359492,0.0548954609169661,0.0551074578523529,42.7438501486366,41435.51790439035,143464.7684125271,114637.4186434185,7990.584538487485,7866.535390556557,12776.10250209528,4843.641640580725,2357.279988556634,933.9623300947716,62048.59692118969,2.0918317453359023,3282.544011515798,2772.268108222168,2693.4871446192265,2280.2827797965147,3242.0923824487254,114637.4186434185,143464.7684125271,21811.84514784254,3,Happy's Drive-Thru Car Wash,VP Car Wash,Fox Full Service Car Wash,0.0073063972118769,National Chain,Express/Lube,www.happyswash.com,1.797432832142106,Tunnel Car Wash,Exterior/⛽,,2.588845820215832,Tunnel Car Wash,Full-Serve/Ext./Detail/⛽ ,www.facebook.com,2,Walmart USA,2.2311085822708527,Target,2.3250988260114585,,0.0,4,0,492,4875,4044,4441,3472,1446,secondary,81.19511377103419,happycarwash_000394
