{
  "q50_metrics": {
    "mae": 1185.6795763967407,
    "rmse": 2837.610069762444,
    "r2": 0.7770746700809905,
    "wape": 0.12199293866153592
  },
  "ridge_baseline_metrics": {
    "mae": 1278.1057259626864,
    "rmse": 2802.325687337822,
    "r2": 0.7825841507338345,
    "wape": 0.13150253789827565
  },
  "pinball_loss": {
    "q10": 330.70664055180123,
    "q50": 592.8397881983703,
    "q90": 440.9208384338248
  },
  "interval_coverage_q10_q90": 0.6956707187033483,
  "interval_mean_width_q90_minus_q10": 3240.1616328153714,
  "cohort": "less_than_2yrs",
  "split": "train period_index<=12, test period_index>=25",
  "n_train": 8218,
  "n_test": 4689,
  "n_features": 12,
  "feature_order_path": "models_quantile/less_than/feature_order.json",
  "model_paths": {
    "q10": "models_quantile/less_than/q10.joblib",
    "q50": "models_quantile/less_than/q50.joblib",
    "q90": "models_quantile/less_than/q90.joblib"
  }
}