{
  "n_train": 259799,
  "n_test": 86005,
  "train_mae": 46.73530330915892,
  "test_mae": 66.75795366776131,
  "train_rmse": 69.60744330543297,
  "test_rmse": 118.04815309178508,
  "train_r2": 0.9218234413433173,
  "test_r2": 0.8181829677246544,
  "train_wape": 0.1529586510427743,
  "test_wape": 0.21753088548968777
}