{
  "n_train": 259799,
  "n_test": 86005,
  "train_mae": 114.00618651831604,
  "test_mae": 118.14848435041314,
  "train_rmse": 151.80307289916814,
  "test_rmse": 170.96069456438633,
  "train_r2": 0.6281855105825784,
  "test_r2": 0.6186631996121901,
  "train_wape": 0.3731276201422469,
  "test_wape": 0.3849870016675087
}