{
  "n_train": 259799,
  "n_test": 86005,
  "train_mae": 114.15257458727159,
  "test_mae": 118.23728419341865,
  "train_rmse": 152.07676581827516,
  "test_rmse": 171.38970317452808,
  "train_r2": 0.6268435782003245,
  "test_r2": 0.616746945868125,
  "train_wape": 0.3736067295086305,
  "test_wape": 0.3852763560802647
}