{
  "radius": "12km",
  "method": "blend",
  "more_than_2yrs": {
    "assigned_cluster_id": 0,
    "distance_to_cluster_km": 3.6960829456994704,
    "predicted_wash_count_ridge": 275.4119860898432,
    "historical_daily_wash_count": {
      "min": 8.0,
      "p10": 92.0,
      "median": 288.0,
      "p90": 614.0,
      "max": 1309.0
    },
    "projection": {
      "method": "blend",
      "horizons_months": [
        6,
        12,
        18,
        24
      ],
      "cumulative_wash_count": {
        "6": 51522.784647275315,
        "12": 99456.59277702235,
        "18": 145756.1013289573,
        "24": 188475.33037407283
      },
      "avg_monthly_wash_count": {
        "6": 8587.130774545885,
        "12": 8288.049398085195,
        "18": 8097.561184942072,
        "24": 7853.138765586368
      },
      "bar_graph_data": [
        {
          "horizon_months": 6,
          "wash_count": 51522.784647275315
        },
        {
          "horizon_months": 12,
          "wash_count": 99456.59277702235
        },
        {
          "horizon_months": 18,
          "wash_count": 145756.1013289573
        },
        {
          "horizon_months": 24,
          "wash_count": 188475.33037407283
        }
      ],
      "monthly_forecast_next_24": [
        7501.430261994214,
        8050.160376899199,
        9152.129740860155,
        9763.762914512916,
        8439.802474807628,
        8615.498878201204,
        8041.373124648213,
        8444.278710188477,
        7924.6248051335515,
        8872.07062888679,
        7589.024460624708,
        7062.436400265292,
        6618.748412318998,
        7188.035638092523,
        8279.514962368861,
        8896.501073663907,
        7569.809096017518,
        7746.899369473159,
        7172.062341249337,
        7575.330881466034,
        7055.491765124179,
        8003.032099908775,
        6719.937703835114,
        6193.374253532073
      ]
    }
  },
  "less_than_2yrs": {
    "assigned_cluster_id": 2,
    "distance_to_cluster_km": 6.242036071930677,
    "predicted_wash_count_ridge": 7756.959692193,
    "historical_daily_wash_count": {
      "min": 2.0,
      "p10": 2206.0,
      "median": 3894.0,
      "p90": 6571.0,
      "max": 14992.0
    },
    "projection": {
      "method": "blend",
      "horizons_months": [
        6,
        12,
        18,
        24
      ],
      "cumulative_wash_count": {
        "6": 34512.20359672255,
        "12": 69460.25372433927,
        "18": 104796.9693892256,
        "24": 140522.33627541008
      },
      "avg_monthly_wash_count": {
        "6": 5752.033932787092,
        "12": 5788.354477028272,
        "18": 5822.053854956978,
        "24": 5855.097344808753
      },
      "bar_graph_data": [
        {
          "horizon_months": 6,
          "wash_count": 34512.20359672255
        },
        {
          "horizon_months": 12,
          "wash_count": 69460.25372433927
        },
        {
          "horizon_months": 18,
          "wash_count": 104796.9693892256
        },
        {
          "horizon_months": 24,
          "wash_count": 140522.33627541008
        }
      ],
      "monthly_forecast_next_24": [
        5697.930167929959,
        5734.64012658895,
        5752.153554618554,
        5764.690776428006,
        5775.938044921226,
        5786.850926235853,
        5797.677126285507,
        5808.480856449417,
        5819.278761874089,
        5830.075157385108,
        5840.871161489898,
        5851.667064132703,
        5862.4629404741,
        5873.258809997534,
        5884.054677753588,
        5894.850545051494,
        5905.646412230636,
        5916.442279378992,
        5927.2381465193685,
        5938.034013657674,
        5948.829880795445,
        5959.625747933076,
        5970.421615070672,
        5981.217482208257
      ]
    }
  }
}