metric,n_triples,A_median_pct,B_median_pct,region_median_pct,A_mean_pct,B_mean_pct,region_mean_pct
wash_count_retail,41,-9.062289183719356,2.149905521730006,14.672174667512714,-0.8820163481886018,6.414470260213086,20.898450258322416
wash_count_membership,41,-0.842401488529592,4.834316840671811,98.57965164087612,-0.5549190358652157,19.273501435222688,157.26593720056565
wash_count_total,41,-7.433738882113216,-0.876450375977292,31.307554355491945,-0.5574164805912553,12.546075619693655,40.91560672987044
