metric,n_pairs,existing_median_pct,existing_mean_pct,combined_median_pct,combined_mean_pct,new_site_post_mean,same_zip_pairs
wash_count_retail,81,-7.655828482180898,-1.5173287811408867,38.04081782881539,55.54561210454172,3175.132304526749,1
wash_count_membership,77,1.102629346904156,4.92183696432698,357.09501058956795,1130.7270375052562,7549.4168724279825,1
wash_count_total,81,-4.370937454860615,0.06393488822606354,89.01643990929706,155.6977412044986,10724.549176954732,1
