{
  "n_train": 8218,
  "n_test": 4689,
  "train_mae": 1815.3103273501908,
  "test_mae": 1356.6178371843412,
  "train_rmse": 3189.4381387313533,
  "test_rmse": 2834.5703744466678,
  "train_r2": 0.7403898734331887,
  "test_r2": 0.777552016948825,
  "train_wape": 0.218034824785617,
  "test_wape": 0.13958054089260752
}