{
  "n_train": 8218,
  "n_test": 4689,
  "train_mae": 1815.0715483698525,
  "test_mae": 1278.1057259626864,
  "train_rmse": 3262.9788291067807,
  "test_rmse": 2802.325687337822,
  "train_r2": 0.7282798944402084,
  "test_r2": 0.7825841507338345,
  "train_wape": 0.21800614531833468,
  "test_wape": 0.13150253789827565
}