{
  "n_train": 8218,
  "n_test": 4689,
  "train_mae": 1181.390327758596,
  "test_mae": 1333.4873671652263,
  "train_rmse": 2148.21864393049,
  "test_rmse": 2864.9858996469998,
  "train_r2": 0.8822257830371847,
  "test_r2": 0.7727525793350095,
  "train_wape": 0.14189542649287074,
  "test_wape": 0.13720067868832664
}