{
  "more_than_2yrs": {
    "cohort": "more_than_2yrs",
    "metrics": {
      "n_train": 259799,
      "n_test": 86005,
      "train_mae": 114.00618651831604,
      "test_mae": 118.14848435041314,
      "train_rmse": 151.80307289916814,
      "test_rmse": 170.96069456438633,
      "train_r2": 0.6281855105825784,
      "test_r2": 0.6186631996121901,
      "train_wape": 0.3731276201422469,
      "test_wape": 0.3849870016675087
    },
    "metrics_rf": {
      "n_train": 259799,
      "n_test": 86005,
      "train_mae": 46.73530330915892,
      "test_mae": 66.75795366776131,
      "train_rmse": 69.60744330543297,
      "test_rmse": 118.04815309178508,
      "train_r2": 0.9218234413433173,
      "test_r2": 0.8181829677246544,
      "train_wape": 0.1529586510427743,
      "test_wape": 0.21753088548968777
    },
    "features": 61,
    "clusters": 85
  },
  "less_than_2yrs": {
    "cohort": "less_than_2yrs",
    "metrics": {
      "n_train": 8218,
      "n_test": 4689,
      "train_mae": 1815.3103273501908,
      "test_mae": 1356.6178371843412,
      "train_rmse": 3189.4381387313533,
      "test_rmse": 2834.5703744466678,
      "train_r2": 0.7403898734331887,
      "test_r2": 0.777552016948825,
      "train_wape": 0.218034824785617,
      "test_wape": 0.13958054089260752
    },
    "metrics_rf": {
      "n_train": 8218,
      "n_test": 4689,
      "train_mae": 1181.390327758596,
      "test_mae": 1333.4873671652263,
      "train_rmse": 2148.21864393049,
      "test_rmse": 2864.9858996469998,
      "train_r2": 0.8822257830371847,
      "test_r2": 0.7727525793350095,
      "train_wape": 0.14189542649287074,
      "test_wape": 0.13720067868832664
    },
    "features": 17,
    "clusters": 77
  }
}