key,n_excluded,pred_y1,pred_y2,pred_y3,pred_y4,pred_y5,plateau,model_plateau,anchor_level,n_local_mature,proxy_used,region
000004_cliff::3,1,3713.799574414989,4838.603653613203,4896.910635563182,4696.8171099698775,4706.272060911552,4954.4274061024535,4954.4274061024535,5517.961538461539,2,False,West
000004_cliff::4,1,3755.204218860601,4753.866713954944,4793.951999958546,4613.894970925658,4658.795111626389,4841.34486759752,4841.34486759752,5737.2307692307695,2,False,West
192616splash::11,1,6469.1606154353,7590.993386828209,7488.662424236248,7289.144941407413,7165.410351099915,7818.830074301338,7818.830074301338,7062.846153846154,1,False,South
192616splash::12,1,8215.471564863887,10329.023736927124,11117.624296718384,12034.521064232234,12531.473990479251,10807.395992461745,10169.09977363795,11194.0,4,True,South
192616splash::13,1,9025.069064375675,11547.231638991814,12915.555341783866,14740.136585952823,15833.690301643242,12127.716204868517,9195.805417247298,13048.076923076924,3,True,South
192616splash::14,1,4964.583069795652,5999.015523738639,5851.5807115364805,5533.616519197821,5336.9361011042465,6221.474809924141,6221.474809924141,7282.615384615385,1,False,South
192616splash::15,1,5074.815374126704,6369.51573684308,6711.370204145528,7043.456934534974,7203.406368880956,6662.030066152751,6662.030066152751,4059.153846153846,1,False,South
192616splash::16,1,7898.988651098807,9999.405766966704,10522.976960624312,10954.75281819526,11129.0574355865,10478.087328180682,10026.27121358772,11203.153846153846,3,True,South
192616splash::17,1,5619.355535430409,6845.110948883506,7149.476660602835,7485.704024635219,7660.932875721184,7111.972879136604,7111.972879136604,5095.307692307692,1,False,South
192616splash::18,1,6244.135660712203,7564.968149470184,7683.606476389927,7700.14909534866,7674.827601664339,7850.193494789538,7850.193494789538,,0,False,South
192616splash::19,1,11413.25750106872,14529.65417374308,15150.578022416326,15472.558231151745,15520.780960753087,15243.665949329885,9498.430425608416,19006.07692307692,3,True,South
192616splash::20,1,7705.449322953074,8921.118563406017,8959.245809191958,9123.31780754729,9276.622660092136,9159.41638283131,9159.41638283131,11493.03846153846,2,False,South
192616splash::21,1,7706.501199734874,8790.835448645346,8496.15006800465,8138.724224445992,7959.711088364839,8993.081610340552,8993.081610340552,9815.884615384615,2,False,South
192616splash::22,1,4935.788338219233,5901.137640509133,6015.830849827003,6361.092407300433,6700.435744995092,6104.996409957719,6104.996409957719,,0,False,South
5017238goclean::1,1,5608.381531708404,6511.91219928388,6498.288154493559,6466.2771757620385,6447.963723277931,6690.490556459262,6690.490556459262,6419.884615384615,2,False,South
5017238goclean::2,1,4907.104022885485,6070.276127359214,6186.14710389441,6170.116982108659,6118.955803569184,6328.772676289402,6328.772676289402,5626.192307692308,2,False,South
5024577greens::3,1,4871.455712438151,5519.7305798831185,5270.427505065093,4943.248034905371,4769.71010300657,5637.3788621946,5637.3788621946,3214.923076923077,1,False,South
5025495monkey::2,1,6075.328643721684,7222.790455781825,7038.156881374914,6675.568659027449,6451.831886247211,7462.529905294396,7462.529905294396,11314.192307692309,2,False,South
acesamericacw_000175::3,2,6331.66551920562,9113.50407450814,9547.497821487788,9421.28951232028,9436.868381149854,9495.646362681824,7851.490771629779,10074.884615384615,10,True,West
adore_000584::1,1,5336.9483706144765,6330.2584628956565,6382.323710630809,6316.233141171718,6302.101554072971,6531.701300376788,6531.701300376788,,0,False,Unknown
advanceautodetailing_000566::1,1,5141.8101588281415,7709.287494607673,8195.32811507717,8189.695687689303,8214.91682938691,8085.524683982001,8262.753372412248,8178.384615384615,11,True,West
aladdincw_000434::1,1,4560.012755021139,5484.73042970631,5807.144648447553,6239.724590460693,6508.529553462619,5682.086584412127,5682.086584412127,2705.0,1,False,South
allwashedup_000264::2,1,6767.568064426749,7863.149235272326,8212.39884001794,8164.3853572281805,8142.285780648555,8362.121641285132,8362.121641285132,,0,False,Northeast
allwashedup_000264::4,1,6033.26782148983,7105.616447818673,7470.358830720893,7447.879319033342,7429.004328600426,7578.77801819336,7578.77801819336,,0,False,Northeast
allwashedup_000264::5,1,5162.857712755726,5912.613165922124,6231.690234982815,6359.689239922959,6460.8884537643,6267.783971050301,6267.783971050301,7746.153846153846,1,False,Northeast
allwashedup_000264::6,1,6285.76194475214,7678.058684323467,8211.611101708932,8246.645022716726,8229.357807274837,8252.49847253961,8252.49847253961,,0,False,Northeast
allwashedup_000264::7,1,6484.974490833203,7738.033942104903,8186.141974267266,8183.320378614054,8163.900300384293,8276.36682010204,8276.36682010204,,0,False,Northeast
allwashedup_000264::8,1,6256.348401208342,7535.6170806932605,8007.2167282982,8019.451998137109,8001.324980601173,8075.819497286543,8075.819497286543,,0,False,Northeast
alohacw_000323::1,1,4376.778266912128,5107.165822914393,4919.436374228644,4500.785000501421,4489.828842940945,5116.466435080926,5116.466435080926,6507.2307692307695,1,False,West
alohacw_000323::2,1,4933.548390513676,5762.604261699939,5561.0777631442115,5103.547261618783,5099.135066088402,5774.318019814346,5774.318019814346,11051.346153846152,2,False,West
alpineshell_000609::1,1,3690.5279263305624,4610.805631627882,5230.777113346069,6095.388882778242,6927.147954797631,4683.701706938042,4683.701706938042,,0,False,West
altontowncw_000530::1,1,5888.7093693692295,6676.550325912306,6605.393591760872,6565.744977806793,6561.808549524815,6819.916629194117,6819.916629194117,2991.4615384615386,3,False,South
americanpride_000238::4,1,7482.786051332639,9239.621220188392,9762.2305401247,10322.19360011352,10609.010611835723,9629.169757624735,9579.146317203722,10589.23076923077,8,True,South
americanpride_000238::5,1,8620.747466408373,10851.689230970152,11478.946899604658,12069.91363815236,12340.929498762507,11357.26188072282,10054.715084971494,12075.115384615385,6,True,South
americanpride_000238::6,1,8054.433878484743,9922.112889211674,10261.249590863845,10506.702675265158,10591.387560351272,10335.008310918573,10311.052268649308,10589.23076923077,8,True,South
anchorcw_000452::1,1,4449.194545409032,5624.09478487642,6063.935943896554,6153.178595993179,6169.659577874035,5997.142240964278,5997.142240964278,,0,False,Midwest
annascw_000502::1,1,5909.966079569375,7689.358826008577,7605.697698639825,7052.498593969033,6926.433870501632,7871.416961833179,7969.146160095442,8212.76923076923,7,True,West
aquabreeze_000406::1,1,5996.25841719969,7195.510213469497,7298.561834620348,7338.418606841947,7336.795427095694,7450.438739233872,9312.29519709676,7620.692307692308,4,True,South
aquawave_000292::3,1,6370.378039733896,8006.419438554104,8223.413468079603,8254.24155859341,8204.22171523983,8376.577796151989,7375.698716118216,9063.384615384615,13,True,South
arcowash_000251::1,1,5273.662521246967,6614.98743827844,6580.187037792199,6207.085055700787,6204.39346122394,6724.768671702287,6724.768671702287,,0,False,West
atlanticcitycw_000331::1,1,6298.677420111527,7835.508210079064,8449.239660679894,8514.452081349877,8498.353966291039,8453.092205881334,8453.092205881334,,0,False,Northeast
autobahnauto_000404::1,1,4120.327977536194,5359.8106482919275,6184.746298844381,7314.833668268246,8319.31727534431,5486.507745408134,5486.507745408134,2228.0,1,False,West
autobahnauto_000404::3,1,4327.506232450373,5410.446833768878,5402.183199684448,5139.747190803327,5167.07001654475,5496.74198378505,5496.74198378505,7205.461538461538,1,False,West
autobrite_000360::1,1,7052.593774932779,8493.627518962761,8605.460861475602,8614.625351908015,8586.18351980722,8801.839072451452,8801.839072451452,,0,False,South
autosoak_000459::1,1,5523.757216957921,6328.529383862787,6383.011520958069,6056.611498026769,5951.2216444555625,6667.871776218998,6667.871776218998,9335.423076923076,2,False,Midwest
autosportcw_000436::1,1,7229.575997173911,8430.21708978926,8302.090802424915,8065.390046241435,7923.536134555093,8670.275752665042,8670.275752665042,10890.846153846154,2,False,South
autosudsexp_000435::1,1,6565.902239187174,8257.096354476436,9310.340498138692,10045.031654610006,10449.055435180366,8927.29177421472,8927.29177421472,9308.692307692309,1,False,Northeast
bashamagical_000650::1,2,4920.08078228684,6208.193373689947,6785.82146831563,7049.823485861437,7171.72054477104,6618.61461116438,6618.61461116438,3059.2307692307695,4,False,Midwest
beachbumexp_000488::1,1,4833.72005353537,5827.137498716177,5760.779902160371,5462.848371892019,5526.2359088601925,5877.324014913048,5877.324014913048,3502.9166666666665,5,False,West
bigdans_000378::1,1,7125.204505585851,8096.682596354064,8098.916606564325,8238.727515857661,8372.084452983332,8275.149006140931,8275.149006140931,6814.692307692308,1,False,South
bigdans_000378::10,1,5459.31962604012,6677.434889115026,7026.297926894152,7439.430751170768,7666.334124913391,6944.179332001049,7821.720058525432,7494.038461538462,4,True,South
bigdans_000378::11,1,7178.669517423732,8443.188333136279,8542.749660622361,8689.552643381829,8788.931297896434,8701.404707816278,8701.404707816278,8669.923076923076,1,False,South
bigdans_000378::12,1,5717.071202361095,6830.108224827719,6958.491366641647,7066.393338246686,7112.441440993663,7064.831603783712,8502.323976120928,7710.923076923077,7,True,South
bigdans_000378::13,1,7787.6317260585565,9712.771996508402,10822.407253152009,12455.355651198031,13498.82979892407,10144.734182011252,8268.39169346471,10652.311965811963,4,True,South
bigdans_000378::14,1,6400.873956191567,7285.263502131747,7202.032690062489,7131.010260889758,7106.514781668993,7448.789600793478,7448.789600793478,,0,False,South
bigdans_000378::15,1,10465.45236360621,13359.23688957667,13899.225652597966,14134.827687137033,14138.762263508446,14023.883804314071,9022.28775013029,15408.875,7,True,South
bigdans_000378::16,1,5243.937796552541,6442.393226540582,6954.284371559475,7623.298289670401,8013.641081759291,6706.406353493567,6706.406353493567,,0,False,South
bigdans_000378::17,1,7647.4308201467,9240.610711560248,9386.24153767267,9421.950365887637,9402.838074971016,9583.215849612294,9077.715011319611,9785.192307692309,8,True,South
bigdans_000378::19,1,7683.988586054845,9677.829047094476,10840.388183766949,12515.643715242692,13574.1323394507,10129.92437813315,8071.932751092039,10652.311965811963,4,True,South
bigdans_000378::21,1,9415.213007791748,12031.570640292255,12578.104481710863,12893.20352237789,12960.340114387662,12633.078082420929,9272.839149936006,13030.346153846152,6,True,South
bigdans_000378::22,1,4750.281062486345,5619.761403914422,5699.862892299146,5774.481891249728,5809.948834925121,5799.607456145327,6838.717842175275,6741.461538461539,12,True,South
bigdans_000378::23,1,5235.242296435986,6107.352139110969,6544.2042148307055,7338.80129537974,7897.213647636009,6281.92274802327,6281.92274802327,5263.221153846154,2,False,South
bigdans_000378::29,1,9511.073506788824,12086.93697249139,12471.645696820886,12538.266718046329,12459.381030662087,12676.1473120003,9613.67471710315,13562.615384615385,5,True,South
bigdans_000378::3,1,4528.666794692183,5388.139605201914,5514.621484638988,5653.973160297025,5727.114117327673,5567.980027114261,6595.297024229342,5599.5,10,True,South
bigdans_000378::4,1,7020.835277422298,8195.703800828012,8193.758134872769,8154.230429610136,8126.724917068215,8431.27167434384,8431.27167434384,,0,False,South
bigdans_000378::5,1,9502.84828578379,12103.468880831895,12559.5548579,12725.16105668329,12702.562522679977,12699.574350893248,8732.713285779602,12864.53846153846,11,True,South
bigdans_000378::6,1,4483.889072928498,5400.520699351034,5533.321454521926,5643.918811172113,5689.925468850575,5596.599360478126,6974.161119908684,5166.0,9,True,South
bigdans_000378::7,1,12337.837840936802,15458.426040058515,15941.141109706095,16111.911081342616,16085.57798103783,16162.154707403624,8894.493566490812,18744.53846153846,8,True,South
bigdans_000378::8,1,6925.379283850401,8665.083667325593,9594.963570453703,10915.779025240116,11740.440996336894,9056.824314086463,8684.956627924039,9099.846153846154,7,True,South
bigdans_000378::9,1,7048.8115511616825,8247.326526252747,7629.563223659926,6714.924448708373,6221.320459474028,8489.037093310137,8489.037093310137,9122.346153846152,2,False,South
bigpeachcw_000300::1,1,6863.893092040712,8281.150003350709,8396.438311937014,8408.126619726892,8380.399781157832,8585.170589353795,8585.170589353795,,0,False,South
bigpeachcw_000300::10,1,7577.9641153232415,9062.317505151052,9466.74680326282,10016.28118633526,10342.244716114566,9375.919397592988,9375.919397592988,9561.252136752137,2,False,South
bigpeachcw_000300::12,1,4107.044306213656,5000.64521668825,5262.571675249922,5580.603630591021,5757.179932573244,5195.064218697087,7068.049649281539,4923.076923076923,4,True,South
bigpeachcw_000300::13,1,6719.66922157028,7952.234703838669,7997.525130039222,7979.944702847609,7953.28262427961,8207.35895838431,8207.35895838431,,0,False,South
bigpeachcw_000300::3,1,6789.574958955524,8231.19024281877,8319.565690963587,8286.592952416422,8230.939183508806,8542.813838251808,8542.813838251808,,0,False,South
bigpeachcw_000300::4,1,4125.541400152793,5073.190192231904,5395.178038389372,5791.993831824067,6015.088392389619,5282.211334872573,6109.356588281825,5837.115384615385,4,True,South
bigpeachcw_000300::5,1,6955.893710048334,8369.408313414791,8991.69028059466,9951.22697012243,10572.706167480044,8671.26432975801,8671.26432975801,10312.846153846154,1,False,South
bigpeachcw_000300::7,1,7033.660433409675,8837.917423208126,9143.776761892916,9279.344715853384,9284.35976870552,9246.032472156206,6647.815079495703,11142.23076923077,5,True,South
bigpeachcw_000300::9,1,4037.2731664955018,4703.635082261481,4637.808043353118,4515.945117825588,4444.198232652335,4836.561918855328,5701.665375233445,5237.115384615385,4,True,South
bigrivercw_000344::1,1,7133.408051920634,8084.179496800677,7976.229979430412,7890.554034790584,7863.363632732365,8256.862506858322,8256.862506858322,,0,False,South
bigrivercw_000344::3,1,7043.777887328005,8073.827162825929,8007.027627049857,7939.519241007079,7912.386546542223,8269.37256617474,8269.37256617474,,0,False,South
bigrivercw_000344::4,1,5048.535531288907,5991.9831460393325,6192.503183093116,6459.526234700844,6615.46329177548,6188.437816429077,6188.437816429077,5457.538461538461,2,False,South
blastcw_000602::1,1,6196.436235075867,7273.216444612805,7026.504544448914,6623.877925725706,6391.557183027606,7492.063080432884,9849.011250104895,7158.333333333333,3,True,South
blueiguanacw_000349::1,1,7300.555431647113,9399.496447539366,10626.53643552688,11616.827324962722,12161.02043511124,10044.010650555749,10263.267969932433,10981.153846153846,5,True,Midwest
blueiguanacw_000349::3,1,7224.991911955737,9358.024271003973,10618.993101878876,11655.47585270844,12221.31560227114,10006.43537802508,9786.46054684261,10981.153846153846,5,True,Midwest
blueiguanacw_000349::4,1,7088.880592052112,9147.356141099868,10203.86611518757,10893.855836037086,11230.833258449717,9777.043955529649,8859.511640165903,11560.846153846154,5,True,Midwest
blueiguanacw_000349::5,1,7728.587589296148,9984.1617982329,11165.128781165857,11957.325247533656,12346.837476389275,10672.820245376322,9580.105561110797,11560.846153846154,5,True,Midwest
blueiguanacw_000349::6,1,6833.702360394778,8653.00063129285,9540.12431103302,10076.807366063344,10356.552347197658,9228.766727405897,7721.416436385769,11560.846153846154,5,True,Midwest
blueiguanacw_000349::7,1,7218.361357053804,9432.445140807644,10774.28877069427,11891.14409568222,12485.996885114995,10095.977559139314,9274.731332693,10981.153846153846,5,True,Midwest
bluepenguincw_000433::1,2,6299.2489330403105,7648.429798859656,7800.265261537344,7867.075917052178,7870.163736815482,7940.752484235332,8003.275934083362,8347.538461538461,6,True,South
bluepenguincw_000433::2,2,6910.811502253536,8322.862893950287,8982.899997672914,10092.16892983881,10867.185514420087,8624.874883694521,8624.874883694521,10432.222222222224,1,False,South
bluepenguincw_000433::3,2,4980.952620138119,5814.675991368519,5870.215627278423,5941.5171533228795,5983.484581830588,5981.857778699443,7240.83183936565,6480.692307692308,13,True,South
bluerhinocw_000596::1,1,7121.483190196867,8760.981072307164,9108.905952665687,9421.154008124093,9558.9444293011,9122.799801870038,9127.973246987913,9153.517094017094,8,True,South
blueskycw_000466::1,1,5909.966079569375,7689.358826008577,7605.697698639825,7052.498593969033,6926.433870501632,7871.416961833179,7969.146160095442,8212.76923076923,7,True,West
bluewave_000567::1,1,7439.016621322166,8212.34199657335,8004.594139884609,7874.371349383458,7846.6951425525485,8332.554234252011,8332.554234252011,,0,False,South
bluewave_000567::10,1,6274.370600031786,7115.092688051579,6535.418355603783,5790.7690869890985,5414.013875575442,7268.200655603285,7268.200655603285,8460.346153846154,2,False,South
bluewave_000567::11,1,10191.056308145093,13805.038570207184,14653.447727035593,15029.280180301035,15043.655496292711,14670.70270172221,9048.991580045828,17269.23076923077,11,True,South
bluewave_000567::12,1,10372.97063000265,13846.293838497302,14512.81764626709,14685.52748397306,14599.4620919459,14671.111238333166,9256.427153956816,16995.990384615383,10,True,South
bluewave_000567::13,1,10140.903879413056,13716.076727816591,14668.23356798327,15233.86543647245,15367.664623829778,14571.71163933056,9722.171217446676,16467.18269230769,10,True,South
bluewave_000567::14,1,10172.23822598688,13783.627857591724,14762.34097354355,15355.024371783644,15501.63046920928,14648.81326745708,9427.258647937397,16995.990384615383,10,True,South
bluewave_000567::15,1,10185.168812259222,13688.56289780259,14498.113092959124,14869.977993015296,14895.04651367614,14523.954161175316,9488.528074802967,16467.18269230769,10,True,South
bluewave_000567::16,1,8149.371595648568,9378.430227768718,8525.905927480146,7423.225990257363,6884.065158045076,9614.912628669244,9614.912628669244,21645.846153846152,1,False,South
bluewave_000567::17,1,11927.498062292963,15382.28702746283,15691.395337405716,15442.478633251749,15144.029998173572,16182.79544442434,10552.483836383872,16740.423076923078,4,True,South
bluewave_000567::18,1,8197.105904108654,8923.342097526407,8710.63351961389,8672.883554836502,8726.184733519967,9021.258485055112,9021.258485055112,,0,False,South
bluewave_000567::19,1,8815.230329256878,9565.026934339085,8668.475384415573,7667.21603497229,7190.014477527976,9661.76468923628,9661.76468923628,20689.30769230769,1,False,South
bluewave_000567::20,1,10376.73680194116,13962.97058331724,14749.298901975852,15059.942771205298,15044.33756063377,14818.724354761262,10034.833103559366,16467.18269230769,10,True,South
bluewave_000567::21,1,10536.14355840684,14263.94493260036,15084.491074938507,15385.69128110825,15349.594426179125,15156.573996791252,10233.1513695945,16995.990384615383,10,True,South
bluewave_000567::22,1,6701.605397186137,7737.013771064429,7697.624311414619,7643.774068334511,7617.787002444995,7938.2609972734335,7938.2609972734335,,0,False,South
bluewave_000567::24,1,9994.03131499794,13552.588831850708,14242.389045299817,14365.112209011992,14228.823741921697,14405.480667138305,9264.591651824554,16722.75,11,True,South
bluewave_000567::25,1,9994.03131499794,13552.588831850708,14242.389045299817,14365.112209011992,14228.823741921697,14405.480667138305,9264.59165182457,16722.75,11,True,South
bluewave_000567::26,1,9994.031314997925,13552.588831850684,14242.389045299791,14365.112209011968,14228.82374192167,14405.480667138278,9264.591651824538,16722.75,11,True,South
bluewave_000567::27,1,7022.0422975819265,8665.47220255629,8806.006220731446,8760.6483949013,8676.053600833598,9029.59956576448,7208.605996262921,9536.076923076924,15,True,South
bluewave_000567::28,1,7022.0422975819265,8665.47220255629,8806.006220731446,8760.6483949013,8676.053600833598,9029.59956576448,7208.605996262921,9536.076923076924,15,True,South
bluewave_000567::29,1,7022.0422975819265,8665.47220255629,8806.006220731446,8760.6483949013,8676.053600833598,9029.59956576448,7208.605996262908,9536.076923076924,15,True,South
bluewave_000567::30,1,7022.042297581938,8665.472202556304,8806.006220731462,8760.648394901316,8676.053600833611,9029.599565764496,7208.605996262921,9536.076923076924,15,True,South
bluewave_000567::31,1,7022.042297581938,8665.472202556304,8806.006220731462,8760.648394901316,8676.053600833611,9029.599565764496,7208.605996262921,9536.076923076924,15,True,South
bluewave_000567::32,1,7022.042297581938,8665.472202556304,8806.006220731462,8760.648394901316,8676.053600833611,9029.599565764496,7208.605996262921,9536.076923076924,15,True,South
bluewave_000567::33,1,7509.951425764847,9309.567643112525,9480.018646163562,9442.150990630282,9353.19646579849,9710.519482839543,7338.800645583526,10066.692307692309,14,True,South
bluewave_000567::34,1,6889.493427576562,8508.68440388044,8649.820372425567,8607.037413168955,8524.284624161432,8867.799631277092,7284.574705440856,9382.153846153848,14,True,South
bluewave_000567::35,1,7669.259217683514,9473.706886580829,9631.773538175872,9584.653496697778,9492.60665870827,9874.014503520342,7263.107691122741,10220.615384615385,14,True,South
bluewave_000567::36,1,6928.419978871093,8559.241749319597,8702.3662278849,8659.970503633795,8576.83987706512,8921.067133658587,7314.30351460082,9382.153846153848,14,True,South
bluewave_000567::37,1,7649.964180885764,9451.908996179349,9610.555407342852,9564.070066169576,9472.328441193784,9851.768424438696,7243.254761461399,10220.615384615385,14,True,South
bluewave_000567::38,1,6842.73137491538,8499.457083328738,8662.920030802616,8632.723423420239,8552.2864294868,8869.450190288266,7325.912845099806,9382.153846153848,14,True,South
riptideneuse_000337::2,1,4699.538781824939,5480.880565999111,5514.173416034803,5547.573313658304,5566.006647410515,5637.168651842898,6670.961694676932,5536.164835164835,4,True,South
riptideneuse_000337::3,1,6074.53988690635,6968.051304816089,7243.563498153574,7741.998062124938,8074.989901819107,7138.11588440277,9445.557667509647,6954.538461538462,3,True,South
riptideneuse_000337::5,1,7744.07800791472,9310.309617709798,10022.624627793632,11136.823364568872,11865.440701990849,9644.324949811984,9644.324949811984,7473.923076923077,1,False,South
riptideneuse_000337::6,1,6955.692852964734,8257.545996964564,8625.116536592755,9177.80911450715,9526.86466451132,8528.764313225349,8528.764313225349,17147.615384615383,1,False,South
riptideneuse_000337::7,1,5211.358521331239,6219.474029197998,6690.5959914300465,7436.933263937933,7923.543874268828,6431.660277486084,6431.660277486084,4463.115384615385,2,False,South
riptideneuse_000337::8,1,7761.240019396037,9716.669697929052,10004.103344172265,10088.459506662692,10059.03413671728,10157.269730167738,8740.600675524869,11119.81923076923,4,True,South
riptideneuse_000337::9,1,7000.4611213049475,8191.328260193557,8197.854375006036,8162.077517730984,8134.59141737437,8431.53813873116,8431.53813873116,,0,False,South
roadrunner_000462::1,1,5757.47981942213,7038.618820875033,7399.338060912153,7454.561662829067,7538.562874263704,7476.064606616617,7476.064606616617,6811.0,1,False,Midwest
roadrunner_000462::2,1,6505.645035399585,8237.68898316712,8516.9463247929,8174.089349925584,7949.177005993105,8785.83059671103,6419.098641502225,11417.153846153846,3,True,Midwest
roadrunner_000462::4,1,5437.692993782234,6619.691883124462,6970.208765405499,6937.812220580646,6926.901872307069,7027.5427544694985,7027.5427544694985,6213.615384615385,1,False,Midwest
rocketwash_000183::5,1,7117.839641854897,8514.258054907043,8388.428047861695,8090.048159493504,7899.124100754422,8809.420225675529,8809.420225675529,21977.846153846152,1,False,South
rocketwashnc_000309::10,1,7435.735079786587,8713.337603323982,8670.416679409967,8550.314312447099,8470.41423741145,8971.965331586447,8971.965331586447,6155.6923076923085,2,False,South
rocketwashnc_000309::3,1,6042.838614347897,7155.6607188225025,7377.020549467227,7668.198972573607,7836.621845416703,7386.296714543875,7386.296714543875,9804.153846153846,1,False,South
rocketwashnc_000309::4,1,5998.3617326453605,7459.762573949206,8038.054888195807,8782.896162233783,9218.56897462997,7786.5994442490655,7786.5994442490655,3841.307692307693,1,False,South
rocketwashnc_000309::5,1,6086.349268162131,7197.573222949166,7404.3118654746095,7685.522224482745,7852.304898157971,7427.232633741423,7427.232633741423,8701.961538461539,2,False,South
rocketwashnc_000309::7,1,7075.610938163132,8546.051557789657,8669.026151767428,8682.84887652366,8654.237329500658,8862.04780345001,8862.04780345001,,0,False,South
rocketwashnc_000309::9,1,7905.7658588573795,9741.928474054152,10142.086080345203,10498.608907355188,10654.5130322633,10148.014132722004,9703.149577585804,10589.23076923077,8,True,South
rocksedge_000548::1,1,5588.793613964848,7151.752711649263,7412.472549674796,7483.261229827486,7450.186219728765,7511.522102493509,7511.522102493509,2831.6923076923076,1,False,South
rollingthunder_000507::1,1,6585.0588596454045,8256.613010171266,9075.415465523249,9384.066044745554,9512.040800330611,8921.48486754521,8921.48486754521,8356.538461538461,1,False,Northeast
route66cw_000310::1,1,3414.591765132064,4447.804520013297,4765.554533392457,5087.3972872524955,5453.154497818455,4554.089507733632,4554.089507733632,29833.153846153848,1,False,West
sammysexpresscw_000254::3,1,5342.104687781931,5938.024301178525,6063.637710981013,5968.639886123826,5948.897640269934,6252.249390483586,6807.219504127239,6605.538461538462,3,True,Northeast
saratogahonda_000546::1,1,5562.121595493579,6015.178034542748,6438.903161140263,6969.4126199770135,7392.969792432635,6292.758528774999,6292.758528774999,10807.076923076924,1,False,Northeast
scarboroughtravel_000540::1,1,7307.335009762639,8343.340313130731,8248.730120468454,8176.514564277502,8155.781785753744,8537.260942825002,8537.260942825002,,0,False,South
scrubblesstl_000578::1,2,4502.788522064368,5691.868060418355,6723.303821395319,7959.522736922729,8788.280669971791,6069.414219592293,7557.772951058392,6306.615384615385,4,True,Midwest
scrubblesstl_000578::11,1,4940.113611901994,6042.420096412335,6956.24670496154,8031.437918813662,8790.66758262835,6418.34010541645,7314.475525715456,6822.692307692308,5,True,Midwest
scrubblesstl_000578::4,1,4593.195042656905,5782.229110062012,6804.284965908159,8025.503989283516,8849.041360360736,6162.826804706864,6930.06188686681,6330.153846153846,4,True,Midwest
scrubblesstl_000578::6,1,4789.292709225605,5974.0880210497635,7029.874743931323,8303.213691033337,9170.092820956006,6360.520831644052,7063.657799841454,6846.2307692307695,4,True,Midwest
scrubblesstl_000578::7,1,4703.222410647661,5872.315519266075,6871.065876276116,8060.847857822825,8872.332321777645,6252.862008224107,6906.374586589933,6306.615384615385,4,True,Midwest
scrubblesstl_000578::8,1,4507.913344462348,5775.882590633958,6907.63373485956,8265.758056836088,9154.762190648336,6168.538680197869,7136.309851190985,6846.2307692307695,4,True,Midwest
seafordcarwash_000354::1,2,2708.5251627140756,2964.3834879679525,2984.575903649549,2899.5591766319867,2872.9017540806403,3109.991493799192,5009.5632815452955,3212.5384615384614,5,True,Northeast
seagovilleexpcw_000563::1,1,6395.736212370506,7759.043997803664,8006.203958046183,8238.769072767169,8346.668803399278,8054.049992643392,8054.049992643392,5992.820512820513,2,False,South
shammysunlimited_000449::1,1,6938.481194286247,8469.269282096235,8744.8129302516,8971.879970012327,9064.194280994228,8803.520757559281,9067.173051887436,8880.897435897436,4,True,South
shammysunlimited_000449::2,1,6597.431286495761,7679.323475310524,7679.127430821328,7656.566402044921,7641.979854966531,7894.614183917338,7894.614183917338,,0,False,South
shammysunlimited_000449::4,1,5989.2439408289065,6896.023437692963,7126.410182542381,7022.339355216544,7049.855857185815,7270.43535921733,7270.43535921733,,0,False,Midwest
shammysunlimited_000449::5,1,6896.664074180832,7725.501810185015,7581.709778857803,7481.944451305711,7455.937752478406,7867.653459189342,7867.653459189342,,0,False,South
shammysunlimited_000449::6,1,6382.592314864923,7811.12314568954,8517.102155764047,9540.3035721379,10178.499632213228,8124.189043594477,8124.189043594477,14283.96153846154,2,False,South
shortmancw_000600::1,1,6173.092754863211,7548.002896664083,7695.436469797299,7724.7379475746175,7699.489459033444,7848.945795194541,7848.945795194541,,0,False,South
shortmancw_000600::4,1,5996.429983719463,6782.600329395543,6804.056145121261,6925.402258103124,7023.953487390702,6924.176149881978,8274.87981999017,6991.307692307692,3,True,South
skiatookexp_000509::1,1,6577.28650167005,7893.460344197531,7985.655197030166,7989.004539850878,7962.565882623751,8173.287633345288,8173.287633345288,,0,False,South
smittyscw_000489::1,1,6567.061878988403,7364.36675778542,7230.97078920373,7137.486940097752,7112.697996844484,7501.941541635515,7501.941541635515,,0,False,South
smittyscw_000489::10,1,4947.2858013702125,6085.284365897507,6065.021869040149,5873.697940459726,5729.793620578203,6336.376348377978,6336.376348377978,3678.0,1,False,South
smittyscw_000489::12,1,6494.062331062157,7646.06035274817,7986.338283683018,7929.575776571656,7958.078188395127,8083.987801592991,8083.987801592991,,0,False,Midwest
smittyscw_000489::14,1,6021.837521894219,7169.035032259628,7526.897258640404,7500.4997669218255,7526.305752911401,7590.069380192403,7590.069380192403,,0,False,Midwest
smittyscw_000489::15,1,5270.069974569846,6478.321433964334,6280.149510724731,5717.125555761918,5617.473369575681,6559.78479213792,6559.78479213792,9717.692307692309,2,False,West
smittyscw_000489::16,1,5277.891282300981,6397.518912198951,6270.552568628599,5834.140380318949,5826.638404542617,6459.78067614345,6459.78067614345,,0,False,West
smittyscw_000489::3,1,7045.142802700949,7913.469650738982,7776.023856286461,7678.165917944655,7651.531948997446,8064.6211368972545,8064.6211368972545,,0,False,South
smittyscw_000489::4,1,4552.416589470711,5066.66975519819,4912.182563901356,4771.448226062504,4713.237983106178,5151.487355004143,5151.487355004143,6411.846153846154,1,False,South
smittyscw_000489::5,1,7380.272665890491,8220.399740267605,8046.0963956136975,7930.561508277667,7902.876925231564,8359.668953577157,8359.668953577157,,0,False,South
smittyscw_000489::7,1,6038.6413411785325,6933.22377139258,6880.981505433282,6825.264696849819,6801.9679422650515,7104.026157478166,7104.026157478166,,0,False,South
smittyscw_000489::8,1,7527.268708836143,9182.498815628634,9680.164071882267,10287.185148918416,10625.726918481523,9543.616601424985,8980.287272264359,9652.423076923078,4,True,South
smittyscw_000489::9,1,4543.033312661558,5433.170056191871,5488.577655651917,5487.3379901774715,5469.135429712848,5621.247083044869,5621.247083044869,,0,False,South
snapclean::5,1,5722.620955116712,7138.673893740233,7084.589559055007,6668.562836808148,6664.790374053714,7249.3678680562525,7249.3678680562525,,0,False,West
snapclean::6,1,7099.0343369759685,8617.644529778278,8783.804975503472,8842.965940381298,8836.95434607796,8946.568975305168,6579.418136666327,11437.46153846154,3,True,South
snappykedzieew_000336::1,2,5954.297506714688,6470.639451158911,6502.610994862993,6285.468261125822,6324.85441816512,6769.945586102912,6769.945586102912,2808.6923076923076,1,False,Midwest
snappyscarwash_000115::6,1,6974.723243638648,8661.054507872863,9717.0258652292,11354.903044914972,12443.23961686147,9037.53925438848,9088.149070559464,8839.0,5,True,South
soakaustralia_000409::2,4,1836.5573843169495,1984.435269691346,1836.257619477413,1682.0273916983178,1610.507513460225,2002.3026354669184,2002.3026354669184,5361.346153846154,14,False,South
soakcitycw_000334::1,1,6586.416129104159,7951.5099475989155,8064.375614000147,8076.5526001819935,8049.930667285168,8244.648104450427,8244.648104450427,,0,False,South
soapysams_000388::1,1,6034.144624983113,7173.991490276662,7821.472706490434,8277.00538763202,8620.703982489857,7594.0506947458525,7594.0506947458525,9708.846153846154,1,False,Midwest
soapyshark_000467::1,1,5832.109915636992,6916.78742455463,7044.071096663168,7169.793134078817,7231.359261905287,7142.306324111759,8584.173231047802,7039.0,6,True,South
soapyshark_000467::2,1,6305.858741697798,7790.169128855009,7969.340771034161,8004.636625041913,7972.761168580779,8119.489956749666,8379.295000575103,8385.884615384615,4,True,South
solarcity_000522::1,1,8829.686380488141,10858.32463156394,11665.706659642525,12728.324553859726,13351.421324445995,11305.80097201444,9104.958548032866,11591.747863247863,4,True,South
sonicsuds_000319::1,1,5166.426913289109,5893.0166553857125,5838.890290518669,5796.221637565678,5783.761459885263,6028.507149122773,7874.816574158937,6315.7692307692305,9,True,South
sonicsuds_000319::2,1,7038.937009367371,7897.135314939077,7755.910544825179,7656.665726810205,7630.256534759767,8045.584243956915,9126.919662130009,7966.615384615385,4,True,South
sonicsuds_000319::4,2,4943.6860054299395,5621.257848376527,5561.576711042392,5517.147634343066,5505.109726162707,5746.052101061221,7649.7739391372015,6125.461538461538,8,True,South
sonoranexpress_000053::2,1,3614.515743394213,4271.096635680092,4211.556568046589,4017.1347390070473,4102.672148765865,4290.188847703208,4290.188847703208,2834.3076923076924,5,False,West
sparkyscw_000470::1,1,8272.186346193874,10398.377538759818,11679.526913516798,13586.471053419482,14823.7212790031,10879.516643491514,9854.54428264595,11357.115384615385,8,True,South
speedypetescw_000330::1,1,6709.251164295351,7624.053090017794,7531.492681999524,7454.76378535902,7429.126136164512,7792.111058220111,7792.111058220111,,0,False,South
splashautowash_000490::1,1,5955.85240289436,7535.707961990763,8993.199484618834,10772.830201244502,11962.054727617926,8036.425445883116,8036.425445883116,8603.026515151516,2,False,Midwest
splashbrothers_000419::1,1,7214.070388482632,8612.591764170313,8731.698700179622,8789.815379585742,8798.778463618248,8907.141012779577,8907.141012779577,21643.26923076923,2,False,South
splashfl_000574::1,1,7241.166689457204,8370.185794030558,8730.316431782752,9477.514497542325,10038.639583094407,8590.447874755462,8590.447874755462,24887.41452991453,2,False,South
splashfl_000574::2,1,7683.097139615981,9148.073131657538,9712.159508969564,10720.960169142609,11452.511482099955,9455.057752560971,9455.057752560971,13688.568376068377,2,False,South
splashfl_000574::4,1,7312.714091735076,8924.141363647914,9383.774645099857,10026.886182944823,10439.606273831438,9275.892704175278,9275.892704175278,15612.538461538465,2,False,South
splashzonecw_000335::3,2,6078.119064412763,7145.764520796859,7107.221411558649,7005.217056737656,6938.269139920977,7363.567656506316,7363.567656506316,5950.1461538461535,2,False,South
statestautowash_000383::1,1,6458.0274422201155,6762.251940401831,6726.683347857401,6509.549402985737,6620.357671384147,7038.447755808625,7038.447755808625,8503.692307692309,1,False,Midwest
statestautowash_000383::2,1,5451.8203158098495,5675.546605989577,5565.115259986298,5274.072053567261,5306.133696558897,5902.442597457195,5902.442597457195,5167.75,1,False,Midwest
statestautowash_000383::3,1,6729.272516143621,7086.431553851475,6921.877056332679,6481.8319449192895,6454.0762486301,7381.830946526605,7381.830946526605,7110.461538461538,1,False,Midwest
statestautowash_000383::4,1,5684.841841890382,5952.509241435201,5877.145208078225,5617.758568114408,5671.555538455614,6195.612234859987,6195.612234859987,4928.923076923077,1,False,Midwest
steelimage_000266::1,1,2446.897253698527,3019.9800452441636,3084.1653879076534,3084.704772418287,3211.565625239407,3060.3873905433657,6495.035090495215,2834.3076923076924,3,True,West
stevenscreek_000445::1,1,8464.40412005804,11101.860439973709,11300.51520542751,10933.972509717163,10998.01616212421,11381.620867271127,11381.620867271127,12302.615384615385,2,False,West
streetxpress_000577::1,1,10128.741521985452,12744.624421948558,13142.505534203252,13256.500338406797,13213.009221721297,13337.178169734532,8045.225400375227,14546.46153846154,7,True,South
sudsbucketcw_000442::1,1,3916.762813782203,4588.338366375518,4576.7163071642035,4539.223231955802,4514.457668775213,4724.186057656592,7243.788119971301,4089.153846153846,3,True,South
sudsdeluxe_000305::10,1,7007.870522259469,7490.208893307084,6769.247313044597,6002.931703981346,5646.595944757035,7535.905081031709,7535.905081031709,12012.076923076924,1,False,South
sudsdeluxe_000305::3,1,5795.143750902503,6851.574455214003,7871.806192766264,9668.636568004904,10940.831433272237,7069.799481023722,7069.799481023722,,0,False,South
sudsdeluxe_000305::4,1,7746.944811263689,8633.35526672275,8409.953823980215,8233.497281048194,8172.091997671602,8780.790522328249,8780.790522328249,12012.076923076924,1,False,South
sudsdeluxe_000305::5,1,6269.522422158939,7590.879457772949,7644.644518512795,7566.551042588816,7485.732515059702,7875.934809756068,8036.871334244456,8115.615384615385,9,True,South
sudsdeluxe_000305::6,1,7388.135270204351,8320.798085963557,7229.720087402562,5937.642083019382,5354.9442051694705,8485.362110035861,8485.362110035861,955.0,1,False,South
sudsdeluxe_000305::7,1,6909.407954805402,7475.101250052418,7234.324842076287,7125.613453015191,7127.786339438724,7544.887816412831,7544.887816412831,,0,False,South
sudsdeluxe_000305::8,1,7435.440759590473,9348.62736384135,9579.615037387171,9573.80453522982,9489.489667885053,9781.664593818525,8286.687419360633,10038.692307692309,8,True,South
sudsdeluxe_000305::9,1,7347.503390712508,9344.862866388705,9442.38775426487,9322.287093839088,9226.902496005485,9802.084768150826,7970.379976861359,10323.692307692309,5,True,South
sudsnvac_000604::1,1,6239.0063916873705,7693.105714168058,8598.986298681883,9384.743921953685,9887.389529392656,8179.597733000619,7494.057227752991,9162.63247863248,4,True,Midwest
sudstop_000639::1,2,8789.81249626357,11041.98436738056,12258.69879295044,14008.590789182692,15118.474230094773,11551.291969226537,8243.706332360505,12151.807692307691,4,True,South
sudstop_000639::10,1,4984.4206096075695,5993.052857879349,6391.326588423879,6974.169698194602,7336.544095494571,6208.1871939155435,6208.1871939155435,4660.467032967033,2,False,South
sudstop_000639::5,2,5927.8028882260905,6616.16692317409,6349.095892778691,6060.058439972694,5921.4019596608605,6731.753083467672,6731.753083467672,5469.692307692308,7,False,South
sudstop_000639::6,1,6446.267714844097,7206.701910426982,7012.736454006674,6841.017934330376,6772.1671256092695,7335.6530158222195,7335.6530158222195,6519.076923076923,2,False,South
sudstop_000639::7,1,7160.653223616537,8158.107943892501,8068.526152828078,7990.588857739112,7963.160605958048,8343.264050302416,8343.264050302416,,0,False,South
sudstop_000639::8,1,7261.066759973394,8227.925981984348,8115.467302030026,8024.693319233597,7994.961819282835,8403.444902757437,8403.444902757437,8123.7307692307695,2,False,South
sudstop_000639::9,3,7133.355308638683,8364.71175635983,8379.162353343732,8346.056616541675,8317.993071303901,8614.388645527364,8614.388645527364,,0,False,South
sudsyscarwash_000327::1,1,6246.329248963654,7466.642953626923,8415.891417781619,10014.345415367936,11107.278052946456,7724.258567354955,7724.258567354955,6163.153846153846,1,False,South
sunnydazecw_000529::1,1,6527.685448796835,7860.034158378749,7962.919247178596,7971.133318003252,7944.812803776645,8144.913233478985,8144.913233478985,,0,False,South
sunrisecw_000343::1,1,2611.971616116369,2912.2985189084916,2971.67699624634,2916.315699589992,2900.199835756202,3068.5891771579136,4809.74399532248,3212.5384615384614,3,True,Northeast
sunshineexp_000444::1,1,4954.088062232294,6611.31682941744,6742.899839579351,6504.750666097169,6510.794844892301,6799.325786182672,6799.325786182672,,0,False,West
superduck_000438::1,1,6741.088546849874,7936.866099548258,8217.410105210996,8716.565539184545,9070.969048301296,8181.630784801591,8181.630784801591,6899.714285714285,1,False,South
superduck_000438::2,1,5686.845245815778,6853.09169668658,6929.506042034723,6914.512814001605,6877.493404196396,7102.78964728128,7102.78964728128,3848.1153846153848,2,False,South
superduck_000438::4,1,6723.3821752441145,8574.661018879508,8853.302254495999,8899.810766636578,8840.800946120946,8999.515853963285,8752.707379501633,9167.846153846152,12,True,South
superduper_000580::1,1,3971.878649413367,5543.693566024354,5788.257902484494,5731.631980477939,5781.712845190443,5746.390091306774,8978.302981884952,5662.333333333333,7,True,West
superfineautospa_000443::1,1,5090.789380719697,7193.147377484279,7528.754006743639,7456.26878232232,7507.13175014688,7471.697708627351,5407.672048195949,9082.23076923077,11,True,West
superscrubcw_000402::1,1,4099.52483231857,5398.166333088358,5609.669090917748,5624.977054913715,5777.7369075548095,5538.203608158984,5538.203608158984,4642.25,3,False,West
supersplishsplash_000385::1,1,8641.302508959832,10522.724559470926,11080.84281602923,11780.330370761154,12179.636265797775,10932.133943355608,11162.328102418738,10671.346153846152,6,True,South
supersudsga_000350::1,1,6608.675619895821,7777.885483466139,7923.9870604853395,8105.014677343836,8207.085891984587,8016.997334152089,9051.568342915834,7886.192307692308,6,True,South
swishcw_000351::1,1,6360.423366866701,8003.3449276326355,8158.714858949316,8093.581045086011,7988.049774590773,8375.514317433855,7215.104862665654,8864.153846153846,13,True,South
texaspridecw_000612::1,1,9962.99098142454,12673.569036607463,13094.315337752363,13236.177303927485,13211.74656585892,13294.15702754952,9434.699979562689,14850.6,3,True,South
thegoodwash_000590::1,1,6444.454830669564,8029.163292365472,8248.676318463811,8307.965629738674,8281.573019351423,8384.319736930613,8384.319736930613,9238.423076923076,2,False,South
thoroughbredcw_000304::1,1,6215.423748683374,7589.171927932664,7732.996871561118,7760.515182928234,7735.126518943795,7889.272519940212,7889.272519940212,,0,False,South
thoroughbredcw_000304::10,2,6766.880726429642,7964.491756633734,7991.075044151937,7965.199859158975,7938.48620608787,8209.440609033933,8209.440609033933,,0,False,South
thoroughbredcw_000304::11,1,6478.144541662762,8047.109480457944,9033.276035078145,9872.615618760694,10389.456482955457,8563.443923765284,8563.443923765284,7643.307692307692,1,False,Midwest
thoroughbredcw_000304::12,1,5412.084173814634,6680.068922186051,7352.818913223132,8337.030517604204,8959.447858182413,6961.081785789418,8041.934538227161,7350.307692307692,3,True,South
thoroughbredcw_000304::13,1,7005.866984510042,8983.917035129405,9318.211494361734,9412.392760292876,9372.53875165801,9440.065026028546,8379.608765834219,10616.846153846154,3,True,South
thoroughbredcw_000304::15,1,6893.2868627610615,8189.879969513255,8748.318291152531,9623.471664579698,10185.925379962622,8460.426625000739,8460.426625000739,6879.346153846154,2,False,South
thoroughbredcw_000304::16,1,4798.50327178758,5676.3659476420435,6266.334114704194,7274.5558723760305,7963.740388109447,5857.915822106664,8030.230238261537,5295.307692307692,3,True,South
thoroughbredcw_000304::17,1,6808.903129700993,8027.990278882528,8874.036002678475,10335.843398617932,11340.449584030835,8278.312586980697,8278.312586980697,6420.538461538462,1,False,South
thoroughbredcw_000304::18,1,6738.325175320518,8063.576031815617,8740.062610838928,9805.953616344714,10498.7097254592,8343.902687206271,8343.902687206271,5857.923076923077,2,False,South
thoroughbredcw_000304::19,1,4886.290058157187,5583.064005203581,5747.966173422118,5648.76817036619,5671.557172349305,5880.381275543267,5880.381275543267,,0,False,Midwest
thoroughbredcw_000304::2,1,6133.549540343919,7473.249639553978,7608.221444459199,7632.3886116351905,7607.384036930685,7765.019801965258,7765.019801965258,,0,False,South
thoroughbredcw_000304::20,1,4750.5676831302435,6468.252963265703,6647.5930657591625,6455.5840810876725,6464.154252029136,6676.007301493306,6676.007301493306,,0,False,West
thoroughbredcw_000304::21,1,6515.167005890566,7729.277274706144,8101.947196651403,8064.393223410739,8092.527166990197,8179.6790166626,8179.6790166626,,0,False,Midwest
thoroughbredcw_000304::24,1,5234.043017135708,6439.894553762863,5818.7177376419795,4941.584524048948,4766.282659395589,6522.053293160666,6522.053293160666,,0,False,West
thoroughbredcw_000304::25,1,6169.525074983751,7700.578870940383,7156.7879215282455,6463.256688518572,6500.0989915253,7820.860957968936,7820.860957968936,8570.833333333334,1,False,West
thoroughbredcw_000304::4,1,6626.792076629299,7635.703099529254,7893.619069340223,7780.332587805072,7810.733904608835,8051.032122568244,8051.032122568244,,0,False,Midwest
thoroughbredcw_000304::5,1,4949.649871786119,5568.233975809227,5508.639437891697,5493.338128335886,5506.570545175563,5676.768096716608,5676.768096716608,1498.923076923077,1,False,South
thoroughbredcw_000304::6,1,6201.361985031224,7495.7470159337245,7605.982681215326,7619.152148126101,7594.058268079661,7774.244047891132,7774.244047891132,,0,False,South
thoroughbredcw_000304::7,1,6414.330970310394,7720.304741622794,7819.99053954421,7827.455239594033,7801.601865723797,7999.348198490988,7999.348198490988,,0,False,South
thoroughbredcw_000304::8,1,4862.209533965184,5429.10570964639,5566.957800529239,5902.2011349800605,6154.83564590144,5524.53781267685,5524.53781267685,3535.0,1,False,South
thoroughbredcw_000304::9,1,6324.47107970066,7686.323598924818,8146.32509825403,8170.764942700564,8196.627561240255,8158.243080819603,8158.243080819603,,0,False,Midwest
tigerwash_000588::1,1,6932.83129279294,8779.221830947137,9650.626788359476,10782.939396551978,11449.996382252786,9200.145274671986,9200.145274671986,,0,False,South
topmartcw_000591::1,1,7160.261783331268,8035.894848573061,7893.200932117848,7792.454540806589,7765.406789250566,8187.627628519324,8187.627628519324,,0,False,South
topwash_000333::1,1,6761.3504701798365,8431.403692160222,8648.542804754434,8688.63674211537,8646.674270584945,8806.060250811652,8332.595084286859,9272.307692307691,11,True,South
topwash_000333::3,1,7169.0272290461035,8867.030549691217,9058.390047372388,9074.968204411687,9023.33428569444,9244.315392870987,8880.085786937465,9555.384615384615,10,True,South
totalpackagecw_000206::3,1,5941.000119627461,7174.256748649037,7363.503207653771,7520.979521727316,7586.282156438061,7439.199604525675,7312.077338700005,8283.692307692309,4,True,South
towncenterauto_000471::1,1,6455.17848440063,7494.102277003403,7968.0532619597825,8222.342096439299,8473.053153277802,7909.304821972651,7909.304821972651,,0,False,Midwest
tridentexpcw_000630::1,1,7190.599100289374,8921.362042523177,9590.672852190375,10433.578802716504,10915.700712301794,9307.369452109358,8922.584298411653,9343.846153846154,3,True,South
trucarwash_000391::1,1,4634.283579684269,5437.7646388465355,5518.451467394676,5615.076282877519,5668.975512465372,5600.9347368432245,6912.826354952873,5536.164835164835,4,True,South
trueclean_000554::1,1,5666.158757813922,7940.677106290888,8247.104347210063,8080.77786527383,8095.119902224487,8236.722369352758,8737.053012861996,8212.76923076923,3,True,West
trushine_000114::5,1,6198.063253662255,7368.437666206594,7767.082338673241,8376.747373813883,8764.57377286495,7612.946665975073,7612.946665975073,5571.846153846154,2,False,South
trushine_000114::6,1,5582.786662052898,6795.95030937213,6888.233213044554,6866.524849214379,6818.197152323909,7059.809234740849,7059.809234740849,7485.692307692308,1,False,South
trushine_000114::7,1,6164.374643669912,7582.943558288031,8158.048663862323,8930.8679097417,9392.096369120029,7895.974340671161,7895.974340671161,5329.538461538461,2,False,South
trushine_000114::8,1,6366.62405733276,7807.124545115211,8273.497949032673,8845.434269653646,9165.99180778909,8123.672408813107,8123.672408813107,6408.923076923077,1,False,South
tsunamicarwash_000122::10,1,5488.987501082284,6433.805671328789,6931.885463149015,7252.753857030625,7518.221273485969,6798.486548514152,6798.486548514152,5982.423076923077,2,False,Midwest
tsunamicarwash_000122::11,1,4626.156823520726,5327.762881154631,5506.35918214158,5426.372372146986,5447.616938158951,5617.1898557445875,5617.1898557445875,,0,False,Midwest
tsunamicarwash_000122::16,1,4747.778223894248,5906.398370948042,6342.3932152703355,6436.117120436184,6472.482788664438,6286.470134874783,6330.906654544909,7313.2692307692305,4,True,Midwest
tsunamicarwash_000122::3,1,5531.397225423337,6670.495011159631,6837.588494981964,6548.358170469411,6402.076756137953,7073.395035835818,7073.395035835818,10442.692307692309,2,False,Midwest
tsunamicarwash_000122::5,1,5035.372067822437,6289.929998497399,6401.749176772963,6032.006271996394,5820.502953244258,6697.900677775517,6697.900677775517,9661.384615384615,1,False,Midwest
tsunamicarwash_000122::6,1,5919.265486915483,6751.371183546056,7161.609653474349,7390.269465917553,7645.077410333354,7109.276174914379,8882.402391001859,7560.923076923076,4,True,Midwest
tsunamicarwash_000122::7,1,6333.537386111285,7509.934560888516,7870.14289365368,7832.351309144501,7859.731477316581,7947.0480226524,7947.0480226524,,0,False,Midwest
tsunamicarwash_000122::8,1,5949.692766837656,7128.5687376023825,7576.29138305954,7677.665650877422,7772.642355628203,7553.158870880297,7553.158870880297,4414.307692307692,4,False,Midwest
tsunamicarwash_000122::9,1,5334.563316998661,6780.088226097249,7132.415593281308,6983.820013627493,6852.986819158508,7234.34258472936,7419.594654852064,8278.692307692309,3,True,Midwest
unclecharlies_000603::1,1,5022.985109432202,6078.341453429884,6154.0362289302875,6140.709823049508,6105.068308939631,6305.820113271232,6970.875543455994,6262.884615384615,4,True,South
ustop_000276::1,1,4221.428665205286,4634.407987745713,5148.829374776648,5823.981235846176,6421.1674456353985,4855.488733994223,4855.488733994223,2218.3846153846152,1,False,Midwest
ustop_000276::4,1,4180.766784381345,4525.946830255138,4650.149632886984,4669.145385271183,4811.24114177086,4732.814552072176,4732.814552072176,2343.846153846154,1,False,Midwest
varsitycarwash_000227::3,1,6371.053529306156,7942.353675509518,8661.04003841103,8996.960821051796,9174.051103827072,8455.505358459754,8455.505358459754,7867.153846153846,1,False,Midwest
vibecw_000482::1,1,8234.661442904979,10025.756425963977,10587.11803983236,11306.552618376722,11722.571780905117,10415.408321718318,9699.750455286814,10671.346153846152,8,True,South
vibecw_000482::2,1,8047.236423868431,9748.193304333974,10119.197610692649,10538.24813426937,10762.977425717536,10115.428759353345,9101.117496521128,10671.346153846152,8,True,South
vibecw_000482::4,1,8588.771090725304,10427.725547788838,10854.054063230848,11325.596559674354,11572.281027930603,10826.131316345036,8988.602416572458,11179.0,4,True,South
vicsexpress_000463::1,1,4704.997632839605,6500.5374432726285,6541.470540294173,6120.4608239084855,5977.399803035608,6726.457930240882,7703.756382383377,7164.076923076923,7,True,West
victorycarwash_000375::1,1,2187.439631008276,2514.381933433952,2405.0599298349784,2185.4113930164403,2179.3432651653015,2510.889581467095,2510.889581467095,,0,False,West
visioncw_000617::1,1,10058.143333463193,13055.636693286971,14119.142440860523,15161.297271946343,15655.56074461614,13753.778316732169,11128.7313056229,14534.628205128203,4,True,South
vortexcw_000500::1,1,5338.834869198863,6645.208083119655,7576.814339429784,9027.284765953378,9988.214779256476,6937.660631746416,6937.660631746416,3188.6923076923076,1,False,South
wash37135_000143::3,1,6595.253338969208,8018.510599620981,8156.100673212251,8178.847901874758,8152.01491626844,8327.499670436944,8327.499670436944,,0,False,South
wash37135_000143::4,1,6011.129345698772,7345.106194064402,7486.551628526605,7514.173832068766,7489.602914114269,7636.819718744084,7636.819718744084,,0,False,South
washashorecw_000139::3,1,6354.953781238084,7689.734109927995,7819.708936645897,7774.422777614753,7758.078514623515,7968.000497069675,7968.000497069675,,0,False,Unknown
washboxcw_000392::1,1,5682.477917435971,6756.838127392662,6809.115690285479,6800.25218085134,6777.605700861722,6981.376269524574,6981.376269524574,,0,False,South
washcity_000125::11,1,11154.917249844915,13952.884239806885,15153.594903276557,16695.991270588576,17592.728091759884,14582.712724913175,10524.360558146118,16091.777777777776,4,True,South
washcity_000125::9,2,8731.097788311554,11193.73651683292,11579.122339458729,11643.354182328332,11561.7364039152,11761.522811565164,7381.755304490149,13030.346153846152,10,True,South
washngoca_000606::1,1,5745.953370750826,6992.547342116727,6865.7669558212865,6398.479689547148,6390.909710076812,7066.244707479672,7066.244707479672,,0,False,West
washnroll_000485::1,2,7330.120143586181,9143.33608813787,10366.746475174195,12257.964879808424,13509.207148885327,9550.243503774684,9117.712280507823,10561.692307692309,3,True,South
washnroll_000485::2,2,7300.926816472312,9167.121727855209,10404.065942688483,12296.685807117105,13545.891630227066,9588.927706499917,9722.388956985133,9626.923076923078,4,True,South
washnroll_000485::3,2,6230.064438255359,7456.914932092556,7719.335127886739,8037.644473745885,8213.945857564528,7716.525386247607,9727.3084724512,7602.846153846154,9,True,South
washnroll_000485::4,2,9335.264527960591,11797.332617352316,12383.858646947048,12833.414639178596,12998.641215703588,12357.491258158769,9541.908795320936,13630.46153846154,5,True,South
washnroll_000485::6,1,4856.1151140371985,5539.231686515607,5492.068233318063,5458.744944167652,5451.051684127608,5666.630320271219,7500.649749394896,4995.461538461538,3,True,South
washrite_000380::1,1,7605.200758640939,9929.567267268949,10599.546862487286,11109.277255813791,11294.539708748009,10473.334055714911,8874.562902603268,11266.846153846154,3,True,South
washrite_000380::2,1,7350.655829819135,8757.566845584448,9094.531315515656,9518.214802066052,9759.104819980204,9052.729229693769,9052.729229693769,9715.423076923078,2,False,South
washrite_000380::3,1,7537.001849793174,9874.91132606992,10444.589960499394,10769.69823546436,10838.583191078274,10423.237680024691,8407.805373916912,11600.0,3,True,South
washrite_000380::4,1,7753.561500472698,10100.88279834643,10734.840612876733,11181.098140740483,11327.76800509134,10649.113823411511,8526.385753174653,11600.0,3,True,South
washrite_000380::5,1,5924.254246444531,7103.007584440322,7183.107402482288,7184.860902413161,7161.0682202004755,7353.201678769068,7353.201678769068,,0,False,South
washrite_000380::6,1,7084.74185002855,8651.248454884797,9310.79285921506,9566.049073359138,9726.29388167471,9187.649993347708,9187.649993347708,12997.6,1,False,Midwest
washrite_000380::7,1,6816.901783455148,7898.390317617272,8187.093616809667,8085.054574037371,8115.983348461942,8333.895661824508,8333.895661824508,,0,False,Midwest
washrite_000380::8,1,6668.749504300147,7703.419198574361,7973.351109569863,7865.783323912713,7896.2241017731985,8125.045405172545,8125.045405172545,,0,False,Midwest
washrite_000380::9,1,6896.917708157438,8454.99722851208,8756.383067359715,8437.425486384536,8246.800932877943,8983.445631824019,8983.445631824019,12162.615384615385,1,False,Midwest
washup_000294::1,1,6118.622488889817,6714.479396619673,6700.1035582277,6368.481301758008,6330.32852769654,7034.402564738876,7034.402564738876,12571.96153846154,2,False,Midwest
washup_000294::2,1,10060.848786663852,12603.650515989735,13185.722857835906,12857.03539969145,12613.800849346471,13425.634791792796,6823.390209211997,17119.846153846152,3,True,Midwest
washup_000294::3,1,7497.891232461466,8023.656164670782,8855.743790878525,10042.240039528644,11157.683755685226,8376.995052234519,8376.995052234519,7560.923076923076,2,False,Midwest
washup_000294::7,1,9065.749132418672,11501.548698920102,12406.782032838064,12585.517985808903,12607.49106969806,12269.59103885311,6943.585052217446,15058.384615384612,4,True,Midwest
washwizard_000252::3,1,8291.960492226961,9515.72347629898,9507.011406269923,9560.486972511992,9614.74341402175,9748.98949722966,9748.98949722966,9424.26923076923,2,False,South
waterscarwash_000245::4,1,9548.105573884195,12314.592916570937,12756.670581713235,12826.60986866633,12729.595107135005,12955.652989863838,9435.5901088317,12893.157692307694,4,True,South
waterscarwash_000245::5,1,9903.664038390129,12569.55204788832,13023.165831948798,13183.613077513568,13157.907944998216,13178.610609867754,9911.507091995943,14249.53846153846,3,True,South
waterscarwash_000245::6,2,2342.030915724381,2653.442891971978,2627.992355256952,2615.793081676307,2616.724068368357,2709.933783313694,5408.285118749802,2797.461538461538,4,True,South
waterscarwash_000245::7,1,7291.2994344215,8376.714895385901,8663.74059896428,9209.486346578087,9582.397314512682,8584.392090381923,8584.392090381923,8912.307692307691,1,False,South
waveswash_000587::1,1,5334.749254657429,6257.932695400454,6269.743682572007,6245.416431192955,6224.421672002004,6445.2875337314745,6445.2875337314745,,0,False,South
westchestercw_000036::10,2,7416.720114743609,7834.62592549487,7780.43275771489,7561.471070609457,7530.485479258808,8149.603889254911,8523.811984013857,7931.2692307692305,10,True,Northeast
wetrabbitexpcw_000325::1,1,5138.20269818185,6373.317116194407,6309.7321301063375,5925.917276321929,5921.746047501246,6464.94370379827,6464.94370379827,,0,False,West
wetrabbitexpcw_000325::3,1,7151.977974480506,8511.348923389016,8312.535797964621,7742.778776120951,7770.429796294677,8561.992625001478,8561.992625001478,16719.53846153846,1,False,West
wetrabbitexpcw_000325::4,1,7735.789643001784,9144.26698674219,8866.474290327018,8169.691388158567,8158.760956813243,9185.825336041566,9185.825336041566,7626.961538461539,2,False,West
whitecap_000597::1,1,5240.879439775983,6796.285787324933,7090.76204852737,7188.354699817223,7165.711005134276,7158.284958612428,7158.284958612428,,0,False,South
whitecap_000597::3,1,4620.369237550001,5351.209995335783,5392.398263021493,5465.581965323268,5514.555661625676,5494.619476313023,5726.0274544879385,6033.0,11,True,South
whitecap_000597::4,1,5985.805645330566,7333.770884692614,7772.975466292992,8316.557293444546,8623.091428779573,7629.636009363801,8249.411972719978,8109.615384615385,8,True,South
willyswash_000501::1,1,5913.777959718797,7090.712547216509,7170.786632653161,7172.586815790295,7148.835380828306,7340.537120634549,7340.537120634549,,0,False,South
woodys_000289::1,1,8257.912459592204,10359.292482793388,10685.187978900356,10797.268829251285,10776.855887698895,10833.799850106258,9063.989280135498,10186.132867132868,14,True,South
woodys_000289::10,1,8093.096216333521,10514.464239974364,10982.515297893087,11144.855031924477,11114.581649628324,11078.815217492487,9168.795682948252,13001.23076923077,13,True,South
woodys_000289::11,1,4977.466285187788,5998.181081014832,6078.866715816693,6086.273796930313,6066.337035704943,6216.716894856701,6296.019785948444,7202.7307692307695,4,True,South
woodys_000289::12,1,11154.917249844952,13952.884239806932,15153.59490327661,16695.991270588635,17592.728091759946,14582.712724913228,10524.360558146136,16091.777777777776,4,True,South
woodys_000289::13,1,11154.917249844915,13952.884239806885,15153.594903276557,16695.991270588576,17592.728091759884,14582.712724913175,10524.3605581461,16091.777777777776,4,True,South
woodys_000289::14,1,11154.917249844915,13952.884239806885,15153.594903276557,16695.991270588576,17592.728091759884,14582.712724913175,10524.360558146156,16091.777777777776,4,True,South
woodys_000289::15,1,10247.287649376269,12809.492480975096,13196.205225824428,13330.302095458215,13307.220954273436,13385.850902212607,9693.782545479147,12864.53846153846,15,True,South
woodys_000289::16,1,9511.462959589398,12339.308467869969,12883.026066429891,13072.852949119597,13038.751370671162,12997.658494463783,8934.032145544377,13277.055944055945,10,True,South
woodys_000289::18,1,7579.564032076152,9519.32398752254,10368.930028255318,11460.500550596553,12096.803572776133,9957.870796720312,8339.567463677238,10652.311965811963,6,True,South
woodys_000289::19,1,6298.371582354751,7769.289177493658,8283.263628116782,8935.43716470459,9313.201417792645,8095.027575254285,7692.495356227837,8461.076923076924,7,True,South
woodys_000289::20,1,8421.308546579085,10553.684840714204,11099.724637933812,11584.776830280316,11795.380344469077,11034.677121678636,9069.858847615746,11344.384615384615,8,True,South
woodys_000289::3,1,11065.400911075028,13827.36078826442,14090.531726496103,14006.36355785431,13848.00596525269,14448.415782156968,8554.413396920967,15354.307692307691,5,True,South
woodys_000289::5,1,9036.84473131143,11498.752373040266,12119.283868347082,12601.064581285487,12780.707471683438,12062.55721776531,10062.9805166192,12864.53846153846,7,True,South
woodys_000289::6,1,9320.025027272137,11889.28937225062,12402.831595371494,12666.008689193006,12702.454663193335,12479.051384062035,9202.762588345891,13190.0,5,True,South
woodys_000289::7,1,10288.9994754419,12937.195603296052,13870.905649815577,14947.942353797644,15533.217219452808,13536.634446882366,8509.623333432963,14152.884615384615,6,True,South
woodys_000289::9,1,7865.86311949042,9929.323282316003,10308.526286198252,10506.95244724538,10537.222759642522,10398.273390347877,9128.078882262944,10669.846153846152,8,True,South
wowcarwash_000158::3,1,7101.418778990711,8622.605672669899,9403.759013719498,10588.444533148666,11348.302328710646,8952.207685579266,8952.207685579266,7270.647435897436,2,False,South
yamatogas_000504::1,1,2504.090867934596,2758.8156798725336,2675.200358536238,2613.057857260602,2593.3211301686083,2797.74745334054,4864.953799706526,2882.6923076923076,3,True,South
zakscw_000456::1,1,5945.831254702396,7471.628715686099,8035.669205591982,8140.206207453083,8162.581241929791,7961.771989553381,7961.771989553381,,0,False,Midwest
zelocw_000544::1,1,5073.101130376137,6781.748870200822,7261.575324948047,7622.746427481513,8029.048370276246,6976.754875408546,6976.754875408546,6410.868131868132,2,False,West
zippycarwash_000145::10,1,6891.031496001208,8435.657873388252,8895.932396762653,9434.226347863792,9725.46555871182,8774.293368648488,7703.504085418044,9652.615384615385,3,True,South
zippycarwash_000145::11,1,7625.982863419798,8514.199286643157,8775.115015214482,9461.259812034015,9991.749739064631,8663.625908400874,8663.625908400874,8590.384615384615,1,False,South
zippycarwash_000145::12,1,6523.303469822466,7651.9177679071,7666.251309079486,7636.457313656231,7610.785808816069,7880.945797825141,7880.945797825141,,0,False,South
zippycarwash_000145::13,1,6392.127419400359,7150.086579060401,7012.345440913678,6917.9594441840645,6893.887190903134,7279.028022210247,7279.028022210247,,0,False,South
zippycarwash_000145::14,1,6383.425363544274,7472.659625992288,7784.018130253204,7713.890134355627,7742.247737560917,7894.9588755293325,7894.9588755293325,,0,False,Midwest
zippycarwash_000145::15,1,6645.816523230602,7514.9533346401695,7379.229249691904,7254.061065875037,7203.223034450602,7671.265108016162,7671.265108016162,7426.346153846154,2,False,South
zippycarwash_000145::16,1,5600.324322931374,6573.93957744401,6520.469329333973,6392.600105352205,6309.219064470434,6771.848955335095,6771.848955335095,5809.846153846154,1,False,South
zippycarwash_000145::9,1,5322.15430129761,6180.661406469353,6182.534418639495,6176.1596262674875,6173.161613949415,6350.424644488631,7336.487540965637,6899.714285714285,3,True,South
zips_000468::1,1,4501.433921961739,5329.290157352021,5451.694850882487,5597.438540888227,5677.543715590845,5500.791671081727,6225.416241152244,5599.5,10,True,South
zips_000468::10,3,7534.332013776818,8642.852833317384,8574.33914962489,8503.391090009161,8474.347813403367,8853.864878488355,8853.864878488355,,0,False,South
zips_000468::11,4,7990.22242079876,8995.813923707494,10127.323179449715,12354.407327932033,14000.697563658265,9172.944408906216,9172.944408906216,12223.7,1,False,South
zips_000468::12,3,7933.580988344801,9047.564584673204,9122.537858075078,9329.589398686105,9482.536209045447,9255.138554167712,9255.138554167712,19498.64957264957,2,False,South
zips_000468::14,1,7126.438169794344,7957.666102418995,7798.080255336743,7690.265311493659,7663.470664912278,8097.632262485655,8097.632262485655,,0,False,South
zips_000468::15,1,6469.761579887049,6924.647784430522,6649.012181398667,6494.973717482713,6471.581068777862,6969.465233580396,6969.465233580396,,0,False,South
zips_000468::17,1,6771.457033046911,7399.056483622539,7413.233450073825,7731.264439432388,8025.862110896577,7487.536142047104,7487.536142047104,,0,False,South
zips_000468::18,1,5059.757057052554,5918.725144131976,6305.81637391547,6955.365400945552,7384.383200605299,6091.859656401526,6091.859656401526,2962.6923076923076,2,False,South
zips_000468::3,1,7815.444343152737,9434.708535279564,10128.60898031256,11172.040859554703,11837.81095211515,9782.39363128348,9068.802964609817,10649.923076923076,3,True,South
zips_000468::4,2,6725.068687760395,8137.640197650537,8676.245601711315,9443.46854354448,9915.955816358206,8442.091787315774,8442.091787315774,9871.473076923075,2,False,South
zips_000468::5,1,5870.580618633862,6432.423433396342,6915.297697598532,7971.17338821878,8760.665604348927,6513.999459482995,6513.999459482995,3289.923076923077,1,False,South
zips_000468::7,3,8775.102005698138,11052.107019945695,11437.456125898005,11596.935203268804,11594.500386128078,11568.410806950817,8286.093414436094,12688.653846153846,8,True,South
zips_000468::8,1,9400.477629794766,11897.914410383148,12377.913708431435,12649.58466997379,12705.271008834026,12466.971889469223,10324.293602514,13030.346153846152,6,True,South
zips_000468::9,1,8085.314840574071,9279.599899605464,9342.971651040769,9486.070879332045,9589.056595572476,9507.332464848992,9507.332464848992,8303.923076923076,2,False,South
bluewave_000567::39,1,7022.042297581938,8665.472202556304,8806.006220731462,8760.648394901316,8676.053600833611,9029.599565764496,7208.605996262921,9536.076923076924,15,True,South
bluewave_000567::4,1,8832.475421915879,9915.24262298041,9119.93871858686,8136.502741170269,7645.351801973246,10103.135091417122,10103.135091417122,15539.53846153846,2,False,South
bluewave_000567::40,1,7022.042297581914,8665.472202556275,8806.006220731431,8760.648394901285,8676.053600833582,9029.599565764463,7208.605996262921,9536.076923076924,15,True,South
bluewave_000567::41,1,7022.042297581938,8665.472202556304,8806.006220731462,8760.648394901316,8676.053600833611,9029.599565764496,7208.605996262921,9536.076923076924,15,True,South
bluewave_000567::42,1,7022.0422975819265,8665.47220255629,8806.006220731446,8760.6483949013,8676.053600833598,9029.59956576448,7208.605996262921,9536.076923076924,15,True,South
bluewave_000567::43,1,7022.042297581938,8665.472202556304,8806.006220731462,8760.648394901316,8676.053600833611,9029.599565764496,7208.605996262895,9536.076923076924,15,True,South
bluewave_000567::44,1,7022.042297581938,8665.472202556304,8806.006220731462,8760.648394901316,8676.053600833611,9029.599565764496,7208.605996262921,9536.076923076924,15,True,South
bluewave_000567::45,1,7022.0422975819265,8665.47220255629,8806.006220731446,8760.6483949013,8676.053600833598,9029.59956576448,7208.605996262921,9536.076923076924,15,True,South
bluewave_000567::46,1,7022.042297581938,8665.472202556304,8806.006220731462,8760.648394901316,8676.053600833611,9029.599565764496,7208.605996262921,9536.076923076924,15,True,South
bluewave_000567::47,1,7022.042297581938,8665.472202556304,8806.006220731462,8760.648394901316,8676.053600833611,9029.599565764496,7208.605996262921,9536.076923076924,15,True,South
bluewave_000567::48,1,4007.9906542154417,4915.065576967605,4860.237485070104,4578.727544984512,4594.957278452742,4974.493248747201,4974.493248747201,3381.3846153846152,2,False,West
bluewave_000567::5,1,10228.324863304768,13754.729816172932,14368.187303583109,14411.726056971032,14239.847157103171,14595.901655448735,9990.122394307373,16211.615384615385,9,True,South
bluewave_000567::6,1,7462.315870566704,8883.924311051582,8691.393998866308,8297.856882086566,8052.921535598231,9181.738927711856,9181.738927711856,8692.384615384615,2,False,South
bluewave_000567::65,1,10125.104003575403,13702.65300514527,14389.09136553561,14509.818928824256,14373.518042455578,14559.135318813636,9411.438485609688,16740.423076923078,10,True,South
bluewave_000567::66,1,10066.797327169616,13597.25326955248,14267.0779956822,14381.751578348294,14246.539233460817,14441.534144818865,9049.080015059904,16995.990384615383,10,True,South
bluewave_000567::7,1,7554.522093183869,9417.017048830125,9287.088322378764,8905.41587819212,8681.441800097522,9834.671815004243,8408.143053096233,10323.692307692309,3,True,South
bluewave_000567::9,1,6414.935430111805,7260.824412389623,6700.345240583377,5988.719632314802,5629.7699606247215,7413.611977176948,7413.611977176948,5705.7692307692305,3,False,South
bluewavecw_000511::1,1,3464.729181862795,4188.1262201103555,4121.863140366233,3872.4996476054034,3892.557296085323,4226.520794982949,4226.520794982949,3462.5555555555557,1,False,West
bluewaveexp_000379::1,1,6762.681296600597,8168.803341526863,8286.650611319279,8299.995755031814,8272.647375133745,8471.020067881476,8471.020067881476,,0,False,South
bluewavefl_000622::1,1,6182.326642882413,7696.636589978602,7904.283376175183,7959.494524071092,7933.860661454356,8035.71695851279,9099.660842372146,7984.384615384615,3,True,South
bobbyswash_000599::1,1,5048.314930633626,6444.641001797886,6580.869207500495,6217.680518837832,6000.1059526149365,6879.891233625734,6879.891233625734,,0,False,Midwest
bocagas_000342::1,1,3392.085982486356,3786.3348895586496,3891.8052082870695,4141.410685149537,4326.050689327488,3852.5715597351223,5098.487423162213,4099.615384615385,3,True,South
braseltonexpress_000339::1,1,5644.1802355922155,6944.314943744663,7785.851962108878,9113.624582316945,9999.461257193036,7231.279758674539,9906.964120725925,6629.833333333333,3,True,South
braseltonexpress_000339::3,1,6629.776503889271,8008.116095491191,8399.089310312937,8880.563432387036,9148.977342508091,8304.352735308968,8304.352735308968,7911.461538461538,1,False,South
bubblebay_000613::1,1,5943.161326330005,7441.365676979458,7674.68745962271,7687.269717679924,7672.778483482183,7764.735954803071,7764.735954803071,,0,False,Unknown
bubbledown_000358::1,1,6871.934664369881,8717.430987881471,9030.143765740364,9140.362603748888,9122.362707662276,9138.862098854574,9612.710681576824,8673.692307692309,10,True,South
bubbledown_000358::3,1,7281.0139695430435,9295.326910776066,9646.43894417535,9764.40898776185,9739.271027714249,9758.02308784314,9418.18056494222,9687.53846153846,13,True,South
bubbledown_000358::4,1,9052.78684253512,11940.403225613169,12712.335121100366,13214.69468529917,13355.21560272149,12620.826475572358,10335.416383953503,13001.23076923077,9,True,South
bubbledown_000358::5,1,6494.783141543946,8104.427984359293,8336.069453651997,8406.476967654062,8384.763512234838,8465.804679140034,9104.90725960658,8448.153846153846,3,True,South
bubbleupcw_000341::1,1,5795.857557810351,7211.463457771143,8120.650523728279,9529.17565477508,10464.15961936624,7528.238229167067,7528.238229167067,11864.576923076922,2,False,South
buckyscw_000301::1,1,6365.427662563919,8518.725899011182,8545.225104839485,8041.426013230862,7925.921006962243,8765.414165765362,8034.875537141518,9224.384615384615,6,True,West
buffitautowash_000111::2,1,4877.765737489152,5452.4339322853075,5345.701055135818,5272.978326727375,5254.620424208544,5549.806330258194,5549.806330258194,2717.923076923077,1,False,South
busterscw_000595::1,1,4154.1932294832095,5027.69190078981,5620.348493428766,6085.445780607337,6363.19852416317,5393.513617906328,5393.513617906328,2232.8076923076924,2,False,Northeast
cadillacexpresscw_000080::5,1,6778.551065982839,8376.712141681712,8532.874446751544,8516.195718230143,8449.279134980725,8731.428614545632,8827.12315618831,8489.884615384615,8,True,South
cadillacexpresscw_000080::6,1,7815.967590041201,9806.844600181284,9941.3761907323,9796.818221982105,9636.54663343566,10256.494712918206,7905.159221687947,11164.115384615385,12,True,South
cadillacexpresscw_000080::7,1,7639.358957170968,9544.671301208567,9662.37428558288,9511.247043054853,9350.210149112494,9973.02618121304,7988.793652392453,10367.153846153846,7,True,South
cadillacexpresscw_000080::8,1,7349.815689216375,9585.13717906373,9948.115111515675,9985.056897188077,9888.82476124416,10107.627859304152,8016.411093502567,10367.153846153846,9,True,South
cajunclean_000175::2,1,7230.418635191261,8313.750853856796,8334.785645286765,8403.888575344194,8458.03180787316,8521.609248194563,8521.609248194563,10781.384615384615,1,False,South
caliberocala_000153::10,1,7735.980758934449,9767.485640433895,10087.208553917548,10182.780404164643,10150.734659346266,10229.273252371542,9675.631043552125,10490.346153846154,10,True,South
caliberocala_000153::11,1,7543.495331763038,9496.735121293765,9784.105647350794,9852.712254060383,9809.876715017675,9939.426852853258,8762.73682147761,10428.076923076924,3,True,South
caliberocala_000153::12,1,7690.773909102565,8714.203292522461,8595.2624724557,8499.739930964364,8468.695840423068,8899.931488921799,8899.931488921799,11366.03846153846,2,False,South
caliberocala_000153::13,1,8342.140004967308,10701.38192544032,11134.877400311472,11298.727314854834,11281.16001018826,11245.605692705962,7788.884302604104,12997.53846153846,11,True,South
caliberocala_000153::14,1,7653.9257299385645,8489.6290540126,8442.925677094065,8580.927756628847,8723.199043223718,8624.30041109827,8624.30041109827,6515.384615384615,2,False,South
caliberocala_000153::15,1,4612.429782637919,5459.255341285504,5545.694614343781,5627.800299503991,5667.121296753998,5634.589520402896,6663.448050338297,6028.2307692307695,12,True,South
caliberocala_000153::16,1,6642.714886674373,8366.031108854224,8720.749870095478,8952.953282919216,9019.803531009386,8756.770204516968,8362.896885866292,9167.846153846152,12,True,South
caliberocala_000153::17,1,5351.957479869737,6399.612755380192,6300.052448300737,6052.118718690393,5888.848861810664,6620.910181343347,6394.246775709088,7490.384615384615,3,True,South
caliberocala_000153::18,1,4666.163133831082,5708.679928679931,5821.536112637176,5844.29145277565,5825.1962271264465,5937.047811121105,7791.38372087872,5720.7692307692305,3,True,South
caliberocala_000153::19,1,6834.968375026813,8268.357797106413,8392.802827641475,8408.583282866364,8380.90448470996,8577.16286476543,8577.16286476543,,0,False,South
caliberocala_000153::20,1,6839.020746698653,7778.0021619871295,7686.48055042848,7609.482644476574,7583.328928617539,7951.090324171269,7951.090324171269,,0,False,South
caliberocala_000153::21,1,4852.796307404895,5787.712881801136,5836.824096343521,5827.336364001792,5804.864178440363,5984.247106216611,8533.75100831763,5517.923076923077,3,True,South
caliberocala_000153::22,1,7322.280104636605,8561.931449256712,8775.336190798364,9102.301899517648,9306.378407326423,8811.548252618293,8811.548252618293,7119.5,2,False,South
caliberocala_000153::23,1,5522.539760562956,6708.791994760715,6840.8399388717635,6892.753089160825,6890.601429407423,6966.011368549693,8180.42103660043,7474.5,6,True,South
caliberocala_000153::24,1,5793.5762054185325,6611.88404227675,6818.122323169867,6743.5358522255265,6799.923269862604,6962.922216247151,6962.922216247151,5260.456043956044,2,False,Midwest
caliberocala_000153::9,1,5456.167721128672,6495.047192173332,6563.144954278119,6578.708706796944,6570.911453232849,6712.6478613819045,6712.6478613819045,3733.2307692307695,2,False,South
cantonautowash_000594::1,1,5768.764455628015,6769.25909593055,7643.679322871695,8683.322486533172,9476.27810389466,7153.951482796615,7153.951482796615,8603.026515151516,2,False,Midwest
capitolcw_000542::1,1,5432.782094214696,6506.150945906018,6849.584640851949,6838.5245070131905,6861.502882276021,6893.268288177416,6893.268288177416,,0,False,Midwest
carolinacarwash_000283::3,1,5979.752394828042,6920.672218780198,7108.012404041172,7448.269997603053,7677.305231176729,7104.917916834211,7104.917916834211,6269.2307692307695,1,False,South
carolinacarwash_000283::8,1,7000.201632240517,8715.179581751765,8950.351318941313,9012.777445635646,8983.660928988682,9099.209987031509,9099.209987031509,,0,False,South
carolinacarwash_000283::9,2,8357.776572762155,10454.264063289227,11020.11496000624,11561.158820152908,11812.973548222117,10926.193997155804,9237.147995245256,11771.0,7,True,South
carrollclean_000464::1,1,7153.896936339824,8770.813206799092,10049.248289486428,12111.65249314706,13501.12892831678,9126.034660280198,9126.034660280198,,0,False,South
carusoscarcare_000515::1,1,2834.9654778448926,3280.7187158905367,3437.5362802789464,3461.9446325187637,3516.920731001555,3461.0746624008716,4738.19892678805,3652.153846153846,3,True,Midwest
carwashcafe_000425::1,1,3493.3548689167696,4060.816207584905,3979.246684856862,3847.401552169359,3770.2131512415167,4173.330520891218,4173.330520891218,5469.692307692308,13,False,South
carwashcompanymv_000620::1,1,4862.99000367282,5189.2119558641925,4932.907268861737,4752.12233914614,4697.705122127723,5218.59279851147,5218.59279851147,5932.335664335664,2,False,South
cascadecw_000441::3,1,6381.639170602411,7946.033250563436,8160.842116220057,8217.931462916518,8191.384803592925,8296.392150496304,8296.392150496304,,0,False,South
centurycarwash_000236::4,1,8269.170312983739,9802.199991876074,9985.436005050658,10171.319041675644,10264.043419242416,10120.611388962496,9526.287885233713,10843.26923076923,4,True,South
centurycarwash_000236::5,1,7541.090178767827,8646.35895359796,8687.533054149766,8806.901263007323,8896.576316228771,8856.395058729628,8856.395058729628,7739.796703296703,2,False,South
centurycarwash_000236::6,1,7131.910802823416,8066.639981139025,7951.802246541003,7863.176116437873,7836.040731952558,8234.939467950217,8234.939467950217,,0,False,South
centurycarwash_000236::7,1,7301.840942596081,8259.005385682814,8141.502861244381,8050.795733546492,8023.013291895939,8431.359825149508,8431.359825149508,,0,False,South
centurycarwash_000236::8,1,7685.895196296078,8789.932519939835,8553.785678798813,8241.89843833032,8074.294703182132,8997.840066547034,8997.840066547034,10743.153846153846,2,False,South
centurycarwash_000236::9,1,8824.905776306767,10576.419333055084,10554.903197102543,10339.37852529498,10175.267361665785,10947.911080431088,9007.063193873104,11944.0,3,True,South
championcarwash_000085::10,1,4806.754448515975,5606.89284259541,5602.654695019782,5575.3230465059,5556.690190118313,5767.012946374442,7162.858524165705,6730.615384615385,8,True,South
championcarwash_000085::9,1,3976.783662710785,4797.615443782797,4838.233859561052,4805.286599208268,4765.442109288282,4973.677205467528,6607.96090960785,4606.423076923077,4,True,South
championxpresscw_000216::10,2,5205.310301860682,7164.61797779876,7393.054409866577,7204.5012158230975,7215.557981887278,7408.757102879379,7408.757102879379,,0,False,West
championxpresscw_000216::11,1,5413.330562070293,7230.431052274865,7376.795548831507,7118.337003624387,7125.076310565247,7437.203416721772,7437.203416721772,,0,False,West
championxpresscw_000216::12,1,4963.9091775589195,6635.780358417157,6839.349844105544,6748.3241068017915,6847.719004760103,6826.5890850063215,8004.290067454841,7127.923076923077,7,True,West
championxpresscw_000216::14,1,4623.612420219192,5926.066516396215,5987.384009512561,5792.691244509195,5856.574904503447,6049.341960416547,6369.881226855432,7127.923076923077,11,True,West
championxpresscw_000216::15,1,4728.571299623146,6193.472228997775,6352.766297768242,6266.798568331132,6385.000828730056,6347.943187204752,7008.225546260091,6858.846153846154,12,True,West
championxpresscw_000216::16,1,4582.102265770827,6179.112683655593,6455.113182645468,6500.564781228381,6668.790532067884,6366.728206335503,7141.450478718621,7296.576923076924,12,True,West
championxpresscw_000216::17,1,4569.575158775462,5945.492146301981,6079.312611346287,5965.620491071514,6063.748919311217,6086.279196534514,6786.410363285343,7027.5,10,True,West
championxpresscw_000216::18,1,4632.305088331696,5958.445659215402,6021.044891356697,5814.141261279517,5865.887256774408,6086.4914724521395,6479.693287767144,7127.923076923077,11,True,West
championxpresscw_000216::21,1,4787.910107595405,5728.851157107144,6216.3192862875685,7037.602259200292,7603.926335124838,5927.840889218045,7100.777266756347,6269.846153846154,4,True,South
championxpresscw_000216::22,1,7078.77972868508,8439.080352725752,8290.656035681453,7829.262699209136,7927.064806467664,8492.377617593458,8492.377617593458,16212.615384615385,1,False,West
championxpresscw_000216::23,1,4949.611551170332,6258.862339175549,6404.590877448719,6300.269226196266,6454.061042838149,6372.657062068914,6372.657062068914,2589.3076923076924,1,False,West
championxpresscw_000216::24,1,6242.221734605846,7410.815962548769,7770.739734366497,7736.535816736475,7763.448876378109,7843.361147794173,7843.361147794173,,0,False,Midwest
championxpresscw_000216::25,1,6939.7566490491945,8142.244787137978,9265.032439068003,10633.168472332416,11668.02776235184,8604.817885076103,8604.817885076103,,0,False,Midwest
championxpresscw_000216::26,1,5923.633568584769,7096.170917032389,7471.8075244889105,7460.475638770434,7485.512810514454,7518.67886658209,7518.67886658209,,0,False,Midwest
championxpresscw_000216::27,1,5146.925995996763,6299.998226984186,7239.794754058417,8340.330639942635,9118.518492135589,6692.530224332483,6692.530224332483,3462.8571428571427,1,False,Midwest
championxpresscw_000216::28,1,4702.314321844576,5819.331797325775,6506.822992984647,7580.836398797179,8297.6862664526,6067.695810763221,6820.541466048822,6429.692307692308,3,True,South
championxpresscw_000216::29,1,3855.921641199981,5189.6818237515845,5491.050575512253,5774.757683714612,6130.98280492526,5345.3939568419055,5345.3939568419055,4465.5,1,False,West
championxpresscw_000216::30,1,5701.861942180342,7288.576142439152,7098.132058736879,6456.319978031649,6291.219854219734,7436.437355549941,7436.437355549941,,0,False,West
championxpresscw_000216::31,1,4365.126289829482,5856.325593309815,6095.343826260618,6107.116927927022,6250.955045247499,6028.605670088419,6398.805496206516,6589.7692307692305,11,True,West
championxpresscw_000216::32,1,5433.541657609513,7325.918930233181,7501.158136387337,7261.107634751875,7269.350412801129,7548.10043120402,7548.10043120402,,0,False,West
championxpresscw_000216::33,1,5257.150281474435,7036.33827881746,7184.4824334699515,6937.5856078051365,6944.443715312792,7240.246482829335,7240.246482829335,,0,False,West
championxpresscw_000216::34,1,4453.485511944042,5957.721731431028,6135.712084266713,6037.744216336294,6114.475653196337,6129.824502942807,5982.654611126486,6990.165384615385,10,True,West
championxpresscw_000216::35,1,5003.556108148594,5927.977651418173,5895.846139452556,5790.991111750533,5719.332209189317,6119.767731503591,6119.767731503591,4650.692307692308,2,False,South
championxpresscw_000216::36,1,5057.247439580396,6837.468951861877,7095.313712929613,7052.843019338997,7173.393215968758,7048.302268263973,7993.478232155981,7597.807692307692,10,True,West
championxpresscw_000216::37,1,4639.666191064272,5643.20556744638,6013.452699692345,6575.896895343222,7017.851891958494,5853.698899984769,7319.3906408484445,5769.0,3,True,Unknown
championxpresscw_000216::38,1,5898.849209137016,7050.068137677149,7415.335778055877,7398.598210247613,7423.660282159563,7467.7008781729455,7467.7008781729455,,0,False,Midwest
championxpresscw_000216::39,1,5457.534538351573,7132.892874591099,6813.368483486548,6017.815078435732,5753.956893440674,7307.891849820738,7307.891849820738,,0,False,West
championxpresscw_000216::40,1,3859.9448692880433,5226.090205274096,5120.766996828548,4661.536307818007,4505.741020499906,5388.588253437593,5388.588253437593,4312.615384615385,1,False,West
championxpresscw_000216::41,1,5447.3091962056,7482.67111187886,7715.509107528985,7513.937160807824,7525.183445680948,7734.947306303161,7734.947306303161,,0,False,West
championxpresscw_000216::42,1,6157.835807247233,7561.963198525976,7454.291788862217,6972.791528995833,6966.150370464216,7655.512605461017,7655.512605461017,,0,False,West
championxpresscw_000216::43,1,4889.354961052111,6573.4870556642245,6791.273075843954,6714.380056075118,6814.188509149495,6769.416354993166,7843.806834031801,7296.576923076924,8,True,West
championxpresscw_000216::44,1,4666.999532458146,6346.85169486532,6617.626860548483,6621.741702296388,6755.651470041968,6549.3236045830545,7111.581992795017,7296.576923076924,12,True,West
championxpresscw_000216::45,1,4588.445967944165,5632.207171592603,6145.195102243171,6971.9668457468215,7543.8061017102045,5861.877566091501,7273.422004195517,5769.0,3,True,South
championxpresscw_000216::46,1,5621.325038213462,6819.6768283216325,7222.054633096369,7239.75976009548,7262.842530627669,7236.839559957884,7236.839559957884,,0,False,Midwest
championxpresscw_000216::47,1,5406.4148907212175,7233.0938182906675,7384.19305701037,7129.430552016694,7136.418089594383,7442.145069765184,7442.145069765184,,0,False,West
championxpresscw_000216::48,1,5700.88459964571,7110.547890566187,7622.794963592766,7705.324102958298,7727.198241586565,7570.411949842854,7570.411949842854,,0,False,Midwest
championxpresscw_000216::49,1,5768.162444587096,7508.79121198376,8043.263017866225,8587.35251833435,9207.473003950894,7687.321064114541,7687.321064114541,11237.208333333332,2,False,West
championxpresscw_000216::50,1,4538.279637151407,5529.098967863945,5853.084551543874,5908.0106028275995,5958.5725271417095,5870.309163635003,5870.309163635003,6319.846153846154,1,False,Midwest
championxpresscw_000216::52,1,5782.3136658161575,6527.844102154584,5974.302170573942,4839.615501355368,4343.288569532261,6864.721856207943,6864.721856207943,9371.23076923077,1,False,Midwest
championxpresscw_000216::54,1,4591.631680963796,6141.878506124311,6353.172730501387,6308.001248564735,6425.137459167835,6319.180858414208,6907.503561204996,6589.7692307692305,11,True,West
championxpresscw_000216::55,1,5644.708894138673,7297.838629281879,7796.309142804889,8317.233792575424,8930.960464934002,7461.809894501384,7461.809894501384,8017.638888888889,2,False,West
championxpresscw_000216::6,1,5486.13480736677,7403.692047500427,7583.465961268499,7343.033114172045,7351.503804375668,7629.490770060569,7629.490770060569,,0,False,West
championxpresscw_000216::7,1,5394.594888174067,7087.977327254518,7185.267037697614,6894.488368383542,6898.6698183827,7268.938969322023,7268.938969322023,,0,False,West
championxpresscw_000216::9,1,6004.809446217553,7932.527267002733,8511.056139358085,9077.39780587284,9701.22974987717,8143.102286686202,8143.102286686202,,0,False,West
champscarwash_000290::1,1,5016.443580148485,5404.47033971055,4454.070302465633,3402.792119981461,2948.406420702607,5448.912983650822,5448.912983650822,3720.4615384615386,1,False,South
charliescw_000634::1,2,4679.4666387008065,5490.594201260348,5486.725646589609,5443.260282418168,5411.273791233065,5655.303789461875,5655.303789461875,6842.6923076923085,2,False,South
circlek_000060::2,2,1110.5725923759355,1229.554871056646,1199.162552754563,1178.9788437382306,1173.9793370676423,1248.470669756024,5560.832354596379,911.2307692307692,3,True,South
circlek_000060::3,1,5561.912696102911,6238.28275290415,6132.073064213501,5984.326683898849,5968.459536734146,6357.572193455975,6357.572193455975,,0,False,Unknown
circlek_000060::4,1,985.1936731105384,1087.371146563067,943.2961025391523,764.2309229387819,677.3494924821524,1103.2260885889968,4869.5930777446,911.2307692307692,3,True,South
classicautowash_000387::1,1,5647.342713139002,7335.796393821725,8059.410081773281,8183.871622835856,8172.122517994485,7981.500814033268,7981.500814033268,,0,False,Northeast
classicexpcw_000556::1,1,4879.145697914383,5729.725532180389,6140.998913570466,6374.2060195319755,6573.21314779289,6055.921576659653,7498.907269116533,6168.527972027972,4,True,Midwest
classictouchcw_000410::1,1,5975.662275239197,7283.037848077513,7450.320378063413,7557.459442246327,7590.726458869616,7567.890498647728,7567.890498647728,8404.23076923077,1,False,South
clean_000473::1,1,8694.92746737542,10571.298236749008,10754.41583822425,10787.25929520354,10753.581735023636,10978.658415253762,8829.61298960909,11437.46153846154,5,True,South
clean_000473::2,1,8694.927467375406,10571.298236748988,10754.415838224231,10787.259295203516,10753.581735023616,10978.658415253742,8829.61298960909,11437.46153846154,5,True,South
clean_000473::4,1,6759.735530102541,7825.294442894072,7794.797767014661,7744.446549760366,7718.168180783515,8034.096220666628,8034.096220666628,,0,False,South
cleancarwash_000496::1,1,2674.0601094816766,2872.6915090541643,2735.6804568804323,2631.4254079500693,2596.1981610754565,2894.1292861391103,4677.68821123053,2882.6923076923076,3,True,South
clearwater_000397::1,1,6328.293838023635,7857.351674448924,8060.637045993136,8113.051049672745,8086.778634618619,8198.673884102283,7078.9682798778895,8998.076923076922,14,True,South
clearwater_000397::10,1,6727.418222848971,8314.824321933493,8538.781026847058,8665.875197486157,8697.488907714165,8667.221906234648,8619.54427358077,8586.0,7,True,South
clearwater_000397::11,1,6304.637691572355,7843.294467779747,8052.518469522946,8107.633526605882,8081.428545061698,8187.543180212606,6838.24322267516,8998.076923076922,14,True,South
clearwater_000397::12,2,8328.247729254288,10266.839255507975,10915.878711872734,11711.59816369386,12159.660196055229,10695.807292576215,9196.944705852491,11357.115384615385,8,True,South
clearwater_000397::13,2,6798.672382892771,8374.381699815733,8849.675285436837,9394.213134461868,9685.670063374995,8722.688535576357,7868.388568210056,9215.576923076922,8,True,South
clearwater_000397::14,2,7592.7763971817985,9207.682324955724,9719.30902817144,10384.06260090969,10769.612140946288,9556.924993208186,9049.549178895142,9726.692307692309,4,True,South
clearwater_000397::15,1,7007.890208113491,7415.848100878365,7243.548279171639,7326.010207268834,7467.818990055366,7441.133855805462,7441.133855805462,10727.115384615385,2,False,South
clearwater_000397::17,2,7188.245054667071,7884.587755078311,7661.633695225933,7526.261966683291,7499.677202369045,7986.776771770883,7986.776771770883,,0,False,South
clearwater_000397::2,2,6608.228853057175,7448.338346713793,7330.598056724641,7243.611329810469,7218.54931890477,7597.149757059648,7597.149757059648,,0,False,South
clearwater_000397::3,2,7092.376175653568,8748.36704322298,9085.099752546406,9379.68480132758,9508.216133729817,9115.071423872729,8926.021950837863,9138.73076923077,8,True,South
clearwater_000397::5,1,7113.839215232735,9059.608862656967,9277.10909569359,9232.651362916851,9124.546438090198,9505.56385568616,7594.582250992963,9536.076923076924,13,True,South
clearwater_000397::6,2,6723.881768748074,8493.176094381472,8664.979690369873,8608.180758271148,8506.487054177158,8895.527994648166,8078.867499902471,9179.26923076923,12,True,South
clearwater_000397::7,2,5512.225411222566,6685.786149361024,6948.449593709287,7226.99645027009,7367.87325345799,6939.650491147783,6939.650491147783,7158.333333333333,1,False,South
clearwater_000397::8,2,5412.56727584898,6116.996542708919,6387.265125170678,6985.178789767407,7428.859700161861,6243.362397998322,6243.362397998322,8402.8,1,False,South
clearwater_000397::9,2,7405.885259154299,8977.124123155047,9250.96815021496,9508.292169497256,9628.26157241659,9316.695518087572,8912.424964746522,9215.576923076922,6,True,South
coastlineexpress_000307::1,2,7241.014560788342,8739.172886126007,9901.228333871251,11822.024454398374,13126.383894948684,9060.729573939758,9060.729573939758,,0,False,South
cocopahcw_000495::1,1,5364.452686557572,6719.421801699816,6680.114732904613,6297.917229624946,6294.975381663803,6829.0739807993405,6829.0739807993405,,0,False,West
colonialcw_000420::1,1,7502.411053111922,8879.665129410221,9040.19313991653,9206.073993370694,9290.028027947124,9164.812984290082,9376.69563070864,8839.0,5,True,South
colonialcw_000420::3,2,5249.346781517425,5920.801265367739,5842.628498060653,5795.461848516901,5788.454311036832,6040.13712697888,8072.616477039601,6315.7692307692305,7,True,South
colonialcw_000420::4,2,5745.16342533064,6420.230321610584,6308.65862350209,6246.759460066223,6239.6756952719115,6534.426216213073,8974.288762648917,6315.7692307692305,7,True,South
colonialcw_000420::5,2,6807.696195179506,8110.967492759839,8242.844379707029,8339.574504130669,8375.6419580497,8384.405066672685,8362.20651159985,8478.884615384615,8,True,South
colonialcw_000420::6,2,7154.495311170717,8127.589769762824,8030.724356987736,7953.240632866655,7928.762491572869,8306.13750757622,9712.811279297215,7987.653846153846,8,True,South
conyerscw_000407::1,1,6619.68543612019,8354.120750388074,8965.806880830543,9647.337094282566,10006.437105245694,8748.195732764398,7111.54330169216,9924.46153846154,6,True,South
cosmicexpress_000633::1,1,7157.676751414935,8926.727696034117,10361.071174915374,12619.276818449658,14128.037234199375,9323.648543955474,9323.648543955474,,0,False,South
crownamerica_000361::1,1,5113.99650011418,7337.419332620285,7675.522889403927,7565.261978475196,7576.0912793144735,7641.063421601067,7661.153418491212,8178.384615384615,11,True,West
cruisercw_000635::1,1,3541.738503563067,4670.882727961133,4870.343233948269,4874.852755000705,5019.611646846685,4793.40448970576,4793.40448970576,1371.923076923077,1,False,West
crystalclean_000481::1,1,4601.2784340573635,5709.83498056207,6042.9210844169,6404.97545718175,6591.534733866374,5957.126694209117,7425.910447204705,5757.0,5,True,South
cudahycw_000277::1,1,6208.429408954581,8670.49900634713,9576.69342403343,10461.186860787962,11208.045336457571,8988.438350350085,7543.833471032494,10229.923076923076,5,True,West
detricks_000422::1,2,7318.4452126504975,8428.729865309951,8556.279677182676,8803.140448346941,8970.30836970458,8642.895546595308,8642.895546595308,13076.846153846154,1,False,South
detricks_000422::2,2,7671.934954292683,8776.981229030484,9265.679754369885,10153.99459091926,10757.384490174867,8985.338265383181,8985.338265383181,8796.884615384615,2,False,South
detricks_000422::4,1,6351.96419548014,7680.183897163486,7871.163231143412,8014.461109799485,8067.44113128986,7966.102914667866,9703.10017057208,7843.285714285715,5,True,South
dickys_000583::1,1,7882.387179959041,9361.583631608146,9810.273346663264,9823.739149577124,9903.3896314513,9908.453706506172,9908.453706506172,15411.76923076923,1,False,Midwest
dickys_000583::3,1,7737.093810561583,9188.400176268966,9913.25002969647,10406.84637084087,10795.223929255242,9725.071730554762,9725.071730554762,16945.46153846154,1,False,Midwest
dickys_000583::4,1,6475.68100439601,7505.510952334211,7781.090041108674,7684.981043756288,7714.342119524869,7919.685712160499,7919.685712160499,,0,False,Midwest
dickys_000583::6,1,6423.938351947168,7565.884768495419,7903.768242882391,7848.412038250644,7876.587812682803,7999.535505454669,7999.535505454669,,0,False,Midwest
dinoclean_000636::1,1,8191.348824641696,9940.697582739536,10346.176821723378,10820.101218945729,11081.487782402715,10319.429809669133,10424.474050474271,10671.346153846152,8,True,South
dinodashcw_000486::1,1,7120.319197831063,9005.336569777879,9138.77671391555,8917.740704105812,9082.49624612678,9169.374890663008,9169.374890663008,16937.615384615383,1,False,West
dinodashcw_000486::2,1,7917.603349073695,10162.22336108304,10710.690453897178,11098.592975144222,11691.65205476292,10376.371351641488,10376.371351641488,9243.384615384615,1,False,West
dirtydogs_000082::10,1,4451.164665531774,5362.706429584566,5504.259333973089,5630.682371173981,5686.7978352739,5557.793086687274,5457.040980273854,7449.923076923077,13,True,South
dirtydogs_000082::11,1,7475.465739487161,9382.526757073214,9654.663947939973,9717.68795037424,9675.502023131246,9813.38816560171,9611.984750438658,9986.23076923077,12,True,South
dirtydogs_000082::12,1,5642.094292202258,6628.661550574732,6556.104451698525,6398.625652687656,6297.863811282698,6829.60846722063,6829.60846722063,5253.0,13,False,South
dirtydogs_000082::13,1,7741.569200580913,9045.144339709916,9046.531782017277,9004.463632771452,8974.109294795855,9307.117102688033,9307.117102688033,,0,False,South
dirtydogs_000082::7,1,4789.9338536319,5846.436463419544,5911.76647673848,5865.0822410040155,5805.391796189418,6077.111551388192,7621.86905393507,5722.285714285715,5,True,South
dirtydogs_000082::8,1,5948.587814379239,7433.190054165248,7427.493124553278,7159.245734871053,6948.627354914563,7767.008945861147,6974.013844427435,8645.0,5,True,South
dirtydogs_000082::9,1,8512.550383642842,10969.023492753571,11685.450028151605,12290.44412252,12538.835250577353,11537.82046275747,9573.788205130457,11774.632867132868,12,True,South
dixhillscw_000517::1,1,2961.9564557476574,3156.1311521772423,3149.6940583812197,3068.0126404989883,3055.8536908931687,3290.0014799068613,5063.420772772861,3413.846153846154,4,True,Northeast
doubles_000498::1,1,6000.627688552372,7453.135667050837,7647.056021082134,7697.273678019799,7672.369503840411,7777.504292946382,7777.504292946382,,0,False,South
dripautospa_000581::1,1,8093.349754629949,10393.73422185706,11549.634908789776,12230.88209729385,12548.060477476924,11103.223481423563,8500.5877537744,12996.923076923076,3,True,Midwest
dripcw_000575::1,2,6087.772238298802,7425.745475008208,7883.051153494088,7915.576755583142,7940.257444663114,7885.131857735028,7885.131857735028,,0,False,Midwest
dripcw_000575::2,1,5776.876549759422,7317.4137521265,7896.566923340812,8017.436016234672,8038.716302790981,7804.628852472372,7804.628852472372,,0,False,Midwest
drivethruexp_000568::1,1,6549.850951042275,9208.105880743287,9610.342689782025,9486.476246205622,9540.263607587496,9556.520427137066,8027.375403672017,10074.884615384615,10,True,West
edgeexpcarwash_000258::3,1,7080.999837569058,8536.888495695888,8739.02314037739,8905.101086148543,8973.601751596936,8848.825008083562,8848.825008083562,10253.692307692309,1,False,South
edgeexpress_000446::1,1,6497.26042205481,7813.464300124288,8436.780393344989,9415.69997242464,10057.097178523782,8094.289426079306,8094.289426079306,13743.384615384615,1,False,South
edgeexpress_000446::2,1,5293.2428285784645,6274.886150028732,6389.335094800642,6503.373234339495,6559.590911766929,6478.795790474775,6478.795790474775,2427.3076923076924,1,False,South
edgeexpress_000446::4,1,6037.292055678675,7092.17626272743,7198.763081264443,7318.933358788374,7384.22343029538,7306.982542639549,7306.982542639549,8119.7692307692305,1,False,South
edgeexpress_000446::5,1,7227.273997186147,8661.198891357533,8729.617429361295,8688.808488960573,8634.324174623971,8965.299679445152,8965.299679445152,12379.23076923077,1,False,South
edgeexpress_000446::6,1,8234.661813796172,10143.663045217196,11079.3270122057,12450.739150153991,13323.636296139315,10565.668705974149,8292.322354209417,11771.0,7,True,South
edgeexpress_000446::7,2,7617.244043413891,9476.03998624808,10332.878991912974,11486.025881510735,12176.073960100564,9891.90412030877,9526.902249988532,10649.923076923076,7,True,South
edgeexpress_000446::8,2,6549.817153045243,7995.803804077587,8618.24686525059,9492.296091962517,10026.00515949346,8311.591736094933,8311.591736094933,14836.636363636364,1,False,South
edgeexpress_000446::9,1,7265.866452883026,8480.44944913954,8477.873544355458,8436.724781362946,8408.26332303561,8723.885040896888,8723.885040896888,,0,False,South
eightmile_000525::1,1,4546.671430412317,6044.59451211568,6175.238856580854,5982.773616484563,6007.629377452174,6212.22291464502,6212.22291464502,11435.115384615385,2,False,West
elitecare_000384::1,1,6032.23826128718,7675.438968965021,8298.720550556116,8436.416969761362,8458.364874031848,8190.735372557398,8190.735372557398,,0,False,Midwest
elksedge_000551::1,1,6791.582645581296,8379.67570524644,8574.78430378742,8621.153323639455,8593.140384410653,8731.46834202881,8731.46834202881,,0,False,South
emmonscw_000437::1,1,4618.799596354186,5454.618340561071,5384.204983056928,5225.701050623337,5123.319085359486,5626.853453735671,5626.853453735671,2932.923076923077,1,False,South
encinocw_000505::1,1,8622.380003793767,13231.103334487094,14279.853317920146,14619.039585893815,14846.303418028474,13926.833734378995,10042.241401696016,16868.571428571428,5,True,West
eugeneoil_000271::1,1,6869.851765949047,8484.784307190128,8384.70153171606,7861.230343285067,7854.866988385369,8599.504415087655,8599.504415087655,,0,False,West
evanstoncw_000480::1,1,5678.036624361092,6153.545912925813,6349.90745922286,6483.09219250783,6767.013102245805,6435.769983489773,6435.769983489773,,0,False,Midwest
expressonvaghn_000523::1,1,5569.5532086326675,6631.082925910166,7367.361274284311,8610.152800338125,9457.486670851838,6853.4967650809685,6853.4967650809685,5581.928571428572,2,False,South
expressprocw_000601::1,1,5631.1800150787385,7032.370943917529,7523.215518283546,8092.19646223365,8399.86938599578,7347.226598183212,7985.664020098239,7911.461538461538,5,True,South
expresstunnelcw_000348::1,1,5456.411152642633,6253.733338215773,6201.726719411415,6149.319809406046,6128.303526772931,6405.047073587521,6405.047073587521,,0,False,South
expresswash_000431::1,1,10113.47888432042,12871.020176688153,13359.15998780572,13546.290941634768,13529.84848714542,13502.634078166688,10726.196136533696,14249.53846153846,3,True,South
expresswash_000431::3,1,8917.95020883435,11496.591845465204,12065.455985424318,12388.024097070607,12452.700073178528,12093.899028987302,9907.33401311028,13562.615384615385,5,True,South
expresswash_000431::4,1,8859.562973695165,11733.074656939089,12427.823434138636,12789.736595149416,12841.71454036865,12412.016930171592,10032.711314415012,13587.384615384615,9,True,South
fastnfuriouscw_000519::1,1,6612.794701831885,7814.58166760867,7854.277070143941,7834.882611918492,7808.679368416738,8062.5818204781235,8062.5818204781235,,0,False,South
fasttrack_000411::1,1,6412.133614107671,7880.266713226268,8048.764350352042,8093.418436379784,8072.159418235779,8203.834267718352,7267.585120974967,8925.538461538461,7,True,South
feelgoodcw_000632::1,1,6647.812844437256,7903.851967796892,8290.73004999474,8890.423748144287,9278.636909750114,8166.306017402697,8476.219135313535,8467.384615384615,3,True,South
fivestar_000150::5,1,6914.836127176818,8475.626377443303,8649.793723770961,8686.489381209482,8658.142748470798,8818.402914036875,8818.402914036875,,0,False,South
fivestar_000150::6,1,5053.489641174683,5695.321420878458,5984.245331677989,6577.135238345851,6996.749983718113,5808.950689336585,5808.950689336585,11171.73717948718,2,False,South
fivestar_000150::7,1,6910.136849837026,8325.880031341994,8437.119559396257,8446.814095888687,8418.93488567953,8628.913400136002,8628.913400136002,,0,False,South
flexwash_000565::1,1,5327.342738594533,6569.081659617167,7007.264407727274,7059.281584528112,7080.319345661713,6984.508103705703,6984.508103705703,,0,False,Midwest
floriscarwash_000233::3,1,8077.772315953148,10161.50768162077,10449.864147944609,10498.580809292727,10438.789220446468,10633.400906839965,6680.92351483632,13030.346153846152,10,True,South
foamworks_000377::10,1,6487.077985571825,7798.185364587574,7894.780071560091,7900.5162603639155,7874.399797375926,8077.737913501775,8077.737913501775,,0,False,South
foamworks_000377::3,1,4239.480902329912,5112.036280038481,5321.279873503733,5571.246811959424,5708.579241895949,5299.042636693088,7308.8065504817105,4923.076923076923,4,True,South
foamworks_000377::5,1,6783.69065859586,8129.2992716611725,8219.210049139858,8220.440898818275,8193.209501642496,8414.651161093625,8414.651161093625,,0,False,South
foamworks_000377::6,1,5273.4440925616445,6269.320405589807,6558.598851730374,6954.228611082827,7204.485688546253,6477.380443849067,6477.380443849067,5077.555555555556,1,False,South
foamworks_000377::7,1,4123.966163599184,5110.279398172293,5345.311435471322,5565.516373413299,5666.608281510026,5329.929639811074,6162.325428437106,5837.115384615385,4,True,South
foamworks_000377::8,1,4347.629739622268,5312.458243553702,5514.73682224174,5711.158845108326,5804.482208254997,5523.447218582479,6330.072481453258,5757.0,5,True,South
foamworks_000377::9,1,4117.986682079149,4924.221596921889,5050.499353888738,5185.261585021764,5254.633226383913,5094.531838720628,6507.7460572884365,5003.192307692308,4,True,South
foothillscw_000461::1,1,5012.003993888003,5889.209497635914,5708.759819003687,5270.659659391936,5277.428210211206,5908.58182925063,5908.58182925063,3594.8076923076924,2,False,West
fordroadcw_000592::1,1,4415.809104297137,5330.162455146143,5792.275800497846,6072.813428413804,6264.739317307053,5652.749611707802,9119.821641292096,4644.384615384615,3,True,Midwest
frankiescw_000573::1,1,6194.9049651265605,7323.247929097968,6965.489781747002,6234.910222996118,6121.294668605539,7356.61783056885,7356.61783056885,2834.3076923076924,1,False,West
fullertoncw_000623::1,1,6243.082237919371,9038.551476785073,9533.682401627497,9495.799102220031,9556.403825056494,9426.577563359602,7603.872941732873,10074.884615384615,10,True,West
gallocw_000541::1,1,8248.837494985322,9314.214671127827,9702.563755187151,10485.30755928761,11049.75939344983,9504.552484962633,9504.552484962633,11486.25,2,False,South
gallocw_000541::3,1,7854.118315108558,9258.898422103694,9743.978303461712,10519.416994268391,11020.83544390338,9547.250309738423,9547.250309738423,11412.307692307691,2,False,South
gateexpress_000618::1,1,6942.600380122473,7779.416153416986,7460.508953449623,7102.629447553863,6927.147399717681,7923.188951775322,7923.188951775322,6173.163461538461,2,False,South
gateexpress_000618::10,1,6516.128174885671,7992.998751178201,8363.82532372944,8748.059949253913,8938.860303604417,8317.677904305934,7132.869870581924,9171.375,19,True,South
gateexpress_000618::11,1,6279.9796925837,7806.95099553433,8232.791506853135,8665.498576502408,8877.111995446954,8148.29810336285,7928.916124693743,8349.833333333334,21,True,South
gateexpress_000618::12,1,5977.499729789582,7613.175156240057,8300.442855682908,9119.844614488373,9573.707984780624,7988.091386360544,7848.101751089611,8349.833333333334,11,True,South
gateexpress_000618::13,1,6869.350882535228,8438.831232621249,8813.986431590925,9190.623175649152,9373.567892307046,8784.554820611029,8171.271101033561,8573.608974358975,24,True,South
gateexpress_000618::14,1,6609.802584352193,8209.223093531486,8661.708834724854,9133.715187372298,9369.780557990032,8566.371885958177,8373.60164683379,8797.384615384615,13,True,South
gateexpress_000618::15,1,6461.570408050829,8088.66793086096,8581.639844588659,9092.8632150985,9347.07835705848,8455.244390245278,8074.608992618608,8984.379807692309,18,True,South
gateexpress_000618::17,1,7929.901097674269,9143.033888054366,9384.289277731436,9837.390866700358,10144.7857408872,9377.86014968127,9377.86014968127,11914.061538461538,2,False,South
gateexpress_000618::18,1,6560.396128867488,7939.013648452269,8073.65352160199,8113.319930090322,8101.009531216129,8236.184503600905,9189.382835569511,8063.576923076924,4,True,South
gateexpress_000618::19,1,5992.49491385079,7323.106428579061,7626.854079650184,7927.91150341007,8072.533865047331,7614.126928920429,7358.55327298796,8112.879807692308,22,True,South
gateexpress_000618::2,1,7722.086762458184,9910.914068730995,10318.178064296144,10473.923418703062,10459.43883100977,10416.043159551198,9768.411367927793,10602.923076923076,11,True,South
gateexpress_000618::20,1,6687.623733255765,8291.429710353432,8670.016151139773,9011.992017816036,9163.210594996024,8648.819557137318,8068.24522650429,9171.375,23,True,South
gateexpress_000618::21,1,6074.453306256702,7453.156647311927,7729.194854527566,7966.739007926001,8067.358000156043,7756.360175360529,7724.283984967748,8112.879807692308,24,True,South
gateexpress_000618::3,1,9911.770086069426,12393.182356133437,12573.915063574348,12410.553801945622,12217.400094301382,12951.520074972104,8940.152540771041,13654.083333333334,3,True,South
gateexpress_000618::4,1,8498.054057824485,10613.972831631552,10812.52988741148,10742.004761461596,10616.821115856705,11089.500100056845,9279.523948602618,11219.615384615385,7,True,South
gateexpress_000618::5,1,8360.874589711446,10604.016792171067,10900.592056484546,10907.109935910275,10809.793111995708,11116.150836181663,9173.96780677768,11219.615384615385,13,True,South
gateexpress_000618::6,1,5035.793867783909,6029.763916783032,6241.7031460048065,6494.0692124568595,6632.027075159352,6240.239631767017,8142.999138893415,6450.0,15,True,South
gateexpress_000618::7,1,7768.9806842568,9653.570586932934,10138.149584023053,10605.791978244406,10825.342794985285,10074.636287078943,8576.650041785144,9998.53846153846,15,True,South
gateexpress_000618::8,1,6279.91375746878,7869.910912707889,8310.308976218721,8735.636170003478,8935.343618767345,8228.553287462286,6726.983368736535,8573.608974358975,28,True,South
gateexpress_000618::9,1,5393.9468123093,6505.106365626525,6747.152607413943,7015.949044066406,7156.402793981233,6743.310288188875,8063.999287826608,7054.384615384615,19,True,South
genesis_000221::6,1,4696.385770261126,5782.338082272118,6174.271932270239,6681.981304177475,6979.507400506182,6022.251049030231,8011.1848763163825,5661.636363636364,5,True,South
glacierexpress_000240::3,1,5575.593340099185,6702.8250501127595,6218.847131193866,5318.411574810937,5062.436479187382,6756.727648922224,6756.727648922224,8406.870192307691,2,False,West
gocleancw_000426::1,1,3569.458071113016,4199.6088639617265,4217.044953637452,4210.173256020926,4200.273713147707,4328.384235317997,7136.756434915413,4126.5,4,True,South
gocleancw_000426::2,1,3861.201773441615,4651.836456487646,4658.717295753101,4582.858846620244,4519.863924463068,4821.041333691316,5815.71589238216,5237.115384615385,4,True,South
gocleancw_000426::3,1,7042.452787781109,8108.73788417844,8057.842163738347,7997.1716479592915,7969.930670470756,8314.242873511916,8314.242873511916,,0,False,South
grandprix::2,1,4039.51664563827,5417.201023256141,5561.176027662227,5422.116741072725,5456.457749351746,5576.142621059224,5576.142621059224,10915.115384615385,2,False,West
grantspass_000460::1,1,5136.183278986882,6688.682269586207,6756.59214643162,6462.837282252361,6465.528447403755,6848.203008164386,6848.203008164386,,0,False,West
greatnorthaw_000297::1,1,6126.542186591066,7033.055559716288,7257.43893596698,7143.987396372578,7172.301006073661,7412.064464443938,7412.064464443938,,0,False,Midwest
greenwayaw_000607::1,1,5099.717487694222,6503.467419592843,7536.534610133789,8639.173857918862,9341.69460639246,6941.863147254414,6941.863147254414,10049.76923076923,1,False,Midwest
grimescene_000454::1,1,4721.851234619352,5787.992195630788,5907.073314905498,5932.195469874117,5912.8376775799725,6022.153974561484,6022.153974561484,,0,False,South
gwatzillacw_000494::1,1,8580.720716979846,10977.85051157353,11867.952630210684,12830.175983109702,13325.33148520937,11529.520539643188,9534.341789464224,12531.923076923076,3,True,South
haffners_000014::15,1,4244.3680792881605,5002.87854183199,5184.3000725668,5401.410373747305,5570.852550928424,5155.137133660472,6082.0236892834555,4884.076923076923,7,True,Unknown
halloffamecw_000586::1,1,7927.8726861605055,9605.434003505008,9721.94369281476,9686.400481145094,9620.880819365348,9967.725698223168,9967.725698223168,7993.846153846154,2,False,South
happycarwash_000373::1,1,5289.322760356369,6546.809471970485,6354.5021083909205,5791.150423831224,5685.676756593846,6638.148920928003,6638.148920928003,11595.0,7,False,West
happycarwash_000394::1,1,4827.041965851523,6387.779611605963,6493.657325299952,6246.343847258846,6251.067687546252,6559.428819082479,6559.428819082479,,0,False,West
happycarwash_000394::3,1,7528.260569743526,9297.3281487512,9187.950564454806,8615.090768619772,8608.679547497883,9422.906166221985,9422.906166221985,,0,False,West
highway80cw_000598::1,1,4607.835820608382,5557.184859130809,5544.146190605109,5418.7004746383145,5322.937640979692,5760.708546174514,7565.911625642969,6368.6,11,True,South
huzzyscw_000571::1,1,6569.1849633376105,7709.787591375709,8579.046700896162,9563.319625759732,10335.77952503575,8148.100315504102,8148.100315504102,4324.416666666667,1,False,Midwest
ikocarwash_000359::1,1,4296.251342543889,4844.626893162623,4760.2200996866,4690.526637328235,4665.997809132235,4941.975476135814,4941.975476135814,6821.2307692307695,13,False,South
imperialcw_000484::1,1,5941.5178525632255,7464.595066432906,7658.177462782655,7673.284661581234,7618.644028687541,7809.059013777192,7835.296917106984,8518.038461538461,4,True,South
internationalautospa_000316::1,1,5381.331551151766,6280.332399209645,6562.8303515179805,7049.517295681908,7375.309960295912,6460.475441294945,6742.718649304877,6649.384615384615,3,True,South
intracoastalcw_000313::1,1,7181.634271706669,8219.542025076551,8506.772360863062,9043.613498540935,9405.071163222565,8415.539095324828,8415.539095324828,,0,False,South
jallocw_000405::1,2,5737.699854152121,7039.864788262831,7282.9180496011395,7476.393614464977,7551.859125996896,7326.230247462119,8798.226257561928,7246.846153846154,3,True,South
jammincw_000186::3,1,8513.320095630375,10637.534477591786,10943.079384892852,11033.449630561016,11002.001545501984,11115.149303264096,9010.544936051105,11619.713286713286,6,True,South
jetexpress_000303::1,1,6765.443380688504,8001.160929620702,8044.472289405002,8025.789605343914,7998.962227975554,8256.58408019672,8256.58408019672,,0,False,South
jimwood_000518::1,1,5309.512233521761,7238.855160078299,7443.249057737234,7231.35189199067,7241.136698877012,7473.0960170286335,7473.0960170286335,,0,False,West
jjexpresscw_000427::1,1,5407.154973130021,7196.127188174872,7331.548330720957,7066.014926243758,7072.184179589065,7397.095535277158,7397.095535277158,,0,False,West
jjscarwash_000042::4,1,6671.892742454079,8163.608521290608,8260.177553200505,8197.375615874877,8113.937639821444,8490.435065140548,8077.835555514452,8565.807692307691,6,True,South
joescw_000659::1,1,6229.4526721068105,7323.214696857547,7512.444845032332,7759.9672588518915,7912.318061182824,7546.312907108811,7546.312907108811,6380.7692307692305,1,False,South
joespremiumcw_000369::1,1,4514.653159808943,6320.102746397177,6562.115838599936,6428.5933098823,6440.473237083695,6554.524676292904,6554.524676292904,,0,False,West
johnsautospa_000372::1,1,5816.075759283375,6470.366250766143,6595.771817109585,6939.7394755190135,7201.860935528178,6577.984152646134,6577.984152646134,,0,False,South
johnsautospa_000372::2,2,5919.325662469942,6902.939152287775,7177.494323004296,7103.683750670029,7130.188431050022,7289.53167597606,7289.53167597606,,0,False,Midwest
jupitercw_000637::1,2,6620.560962882493,7684.819387736165,8131.891877766793,8946.697763034359,9511.451790505487,7894.98532798245,7894.98532798245,4802.615384615385,2,False,South
kentoncw_000450::1,1,6325.421731068407,7437.194864856632,7763.110406424993,7704.396648810604,7732.24033881264,7861.798128516466,7861.798128516466,,0,False,Midwest
kindcw_000508::1,1,6664.18826763616,7870.468305987787,8232.580003060262,8182.338722206209,8211.39740854711,8324.431701650918,8324.431701650918,,0,False,Midwest
kingscw_000295::1,1,6610.313577404254,8228.122000025394,8449.475283237245,8508.115175189057,8480.625490659068,8590.310163020811,8590.310163020811,,0,False,South
kiwicw_000382::1,1,7530.2234576267,8902.264470912825,8949.004108966043,8927.579115897517,8897.729587412892,9185.637922677104,9185.637922677104,,0,False,South
kiwicw_000382::3,1,6928.482662216683,8035.1563088460125,8010.229848833933,7961.341025830018,7934.361478239487,8253.153361289387,8253.153361289387,,0,False,South
lakecharlestoyota_000582::1,1,6525.890173851331,7268.316462954983,7113.99827639267,7011.755392599902,6987.277113381842,7391.341549906005,7391.341549906005,,0,False,South
lakeeffect_000492::1,1,3217.29319905494,3938.7128310302105,4216.711385327119,4236.510795200961,4227.738509121014,4235.336372576605,4235.336372576605,,0,False,Northeast
lakehavasuexp_000487::1,1,5292.760575787028,6728.246468685473,6730.255643467256,6381.061894914036,6380.288037255013,6857.509799227935,6857.509799227935,,0,False,West
lakesedge_000550::1,1,5697.856196731717,7160.785692124179,8368.083341102665,10264.424271399204,11533.63207973326,7491.75805214563,7491.75805214563,,0,False,South
launchcw_000311::1,1,6860.219840503601,8210.663953702087,9002.33341808819,10323.944392077296,11224.78952658397,8496.396363800048,8496.396363800048,6132.384615384615,2,False,South
launchcw_000311::3,2,6796.298336098157,8048.421102253856,8760.104329189051,9982.263268435016,10823.074050964138,8307.964336008275,8307.964336008275,11005.653846153846,2,False,South
licketysplitexp_000558::1,1,5260.72519324445,7039.417010067078,7186.956290090265,6939.409019462423,6946.234968082415,7243.099284523791,7243.099284523791,,0,False,West
liquidsunshine_000493::1,1,6588.51807646015,8151.11228596869,8575.602240476923,9012.706603963446,9228.706324574434,8498.419051838955,7169.5644645249085,8760.604166666668,26,True,South
lonestarsuds_000315::2,1,7062.032911884977,7901.408939224565,7750.144398243461,7646.316876828903,7619.762661093038,8044.407386236362,8044.407386236362,15255.923076923078,2,False,South
lonestarsuds_000315::4,1,7745.950677049862,9076.255761509432,9025.814508669902,8892.489845681797,8804.493906165999,9345.509107446744,9345.509107446744,13543.807692307691,2,False,South
luvcarwash_000457::1,1,4673.119761482807,5650.783889349001,5730.460455989884,5733.56508138799,5710.3477599499265,5861.270012684654,8278.012427811771,5619.346153846154,4,True,South
luvcarwash_000457::10,1,7853.731353515291,10722.411694010008,10629.755126035883,9815.621877649915,9546.54800726045,11072.066122929,6382.589667604878,13897.807692307691,6,True,West
luvcarwash_000457::11,1,2635.920221986911,3357.137637736836,3398.0764297979204,3291.327044541394,3331.983984083241,3422.8626164696193,5536.735149181525,3502.9166666666665,5,True,West
luvcarwash_000457::12,2,6565.770174070279,7695.303023651338,7714.479727736906,7696.292710495589,7678.1764607484865,7924.057967124949,7924.057967124949,9327.96153846154,2,False,South
luvcarwash_000457::13,2,6886.826728599558,8103.632948750076,8129.800603977241,8103.085881675557,8075.90504483302,8352.365768314097,8352.365768314097,,0,False,South
luvcarwash_000457::15,2,6141.986394770766,7666.724872087726,7968.56270580093,8175.865194391755,8241.177288408884,8009.165699126779,6894.248796533593,8797.384615384615,29,True,South
luvcarwash_000457::16,1,8244.826447813553,10405.82744377059,10716.739102594696,10775.927602656362,10716.643660311156,10896.856775589857,8764.444632986195,11370.53846153846,3,True,South
luvcarwash_000457::17,1,8343.971619229571,10514.6833325508,10739.346310225284,10670.321330003266,10537.214681725509,11007.15128964236,9401.90559838935,11370.53846153846,3,True,South
luvcarwash_000457::18,1,9984.747052920138,12515.095677372934,12810.841320676029,12799.784622648353,12689.027008574143,13085.959227996584,9044.570351976728,13654.083333333334,3,True,South
luvcarwash_000457::19,1,7684.511193116713,9607.37298034696,9964.386236470173,10179.221138898598,10231.309445526187,10039.985123171586,9649.836832685982,9753.46153846154,16,True,South
luvcarwash_000457::2,1,8608.738360908332,11611.43379733085,11552.961409857466,10735.085615212944,10492.494617949998,11964.4067548702,7860.225755431453,14390.46153846154,7,True,West
luvcarwash_000457::20,1,8024.217963734671,10109.71108160139,10340.37465091554,10296.614563985391,10181.711121678954,10582.748886508767,9758.175627069097,10769.307692307691,3,True,South
luvcarwash_000457::21,1,5076.158235462531,5816.406511485377,5743.537646619614,5658.3168401653975,5616.911937032991,5956.7611950959645,5956.7611950959645,5253.0,13,False,South
luvcarwash_000457::22,2,5640.49736671791,6724.104776312671,6872.718292425251,7019.068543985836,7090.027065667509,6951.699500709363,7104.433681635725,7054.384615384615,23,True,South
luvcarwash_000457::23,2,5443.242670002086,6498.881439904874,6678.02531367222,6873.830754592652,6975.457088355372,6721.240732624636,8064.942956344859,6801.615384615385,13,True,South
luvcarwash_000457::24,2,6760.287136372323,8522.137545008974,8797.347102441277,8880.794883799008,8854.344764362297,8921.99663047021,7649.483702449229,9355.914529914531,18,True,South
luvcarwash_000457::25,1,5109.622983477199,6140.540316194835,6368.431302595153,6634.069472630891,6777.357507819453,6360.241494378958,7423.445931222572,6801.615384615385,17,True,South
luvcarwash_000457::26,1,4625.117858800909,5033.219098651176,4781.609570509499,4551.57301598123,4454.889744755722,5088.009327307148,5088.009327307148,5253.0,13,False,South
luvcarwash_000457::27,1,7320.89423124522,8394.633090999863,8327.823594395823,8260.16352412468,8233.118353330306,8598.740230929308,8598.740230929308,,0,False,South
luvcarwash_000457::28,1,7741.384416470119,10406.483361809054,10528.199241457847,10032.76404611674,9955.278250174157,10716.399423929195,7556.521656243823,11595.0,5,True,West
luvcarwash_000457::29,1,9620.854236058023,13706.50577605425,14306.845725824309,14073.229150175854,14092.782110541992,14256.9671722536,8044.232699134388,16129.384615384615,5,True,West
luvcarwash_000457::3,1,7782.486942953379,10605.324892144048,10611.812231343736,9921.95321884643,9715.982965670784,10947.571969236791,6701.006223788065,13405.153846153846,7,True,West
luvcarwash_000457::30,1,5417.245158712534,6948.320086572763,6866.876877864107,6389.769719103562,6306.963561462352,7093.836293525516,7093.836293525516,2973.6153846153848,7,False,West
luvcarwash_000457::31,1,5463.165583212743,6835.5288250743615,6633.961080932978,6035.040213969974,5906.5179872529925,6945.58761666948,6945.58761666948,9456.692307692309,6,False,West
luvcarwash_000457::32,1,6728.902522408053,8511.05750753467,8370.405407106913,7745.467868697033,7639.424984561018,8666.240846794855,8666.240846794855,15939.76923076923,1,False,West
luvcarwash_000457::33,1,6336.32777873382,7766.949762379238,7650.281963886407,7150.806810341586,7143.666541992384,7860.174997337864,7860.174997337864,13885.25,1,False,West
luvcarwash_000457::34,1,6310.556259677037,7917.143705235833,8235.701333670828,8439.776679869721,8496.322191526679,8279.959574865657,7127.209402766641,9203.444444444443,17,True,South
luvcarwash_000457::35,1,5688.026807468105,6995.105258467662,7308.172408951593,7616.860647362722,7764.393158482232,7283.433251223257,6700.03204689927,8112.879807692308,22,True,South
luvcarwash_000457::36,1,6042.447645829344,7532.363246539183,7871.759515299843,8156.079719380611,8272.6592058409,7866.479475913858,6514.176775347727,9171.375,31,True,South
luvcarwash_000457::37,2,5108.912814043963,6171.006232196948,6182.572422643621,6076.749291021191,5988.104964432491,6399.2709881253595,8115.949953561283,6368.6,9,True,South
luvcarwash_000457::38,1,7110.513805536452,8324.799377687448,8333.477038066789,8298.017749230603,8270.084926356965,8570.074431762474,8570.074431762474,,0,False,South
luvcarwash_000457::39,1,4857.197701554881,5959.345659328279,5976.3732209698455,5844.80421332332,5734.07583855089,6201.714166581506,7612.697963808381,6246.453846153847,8,True,South
luvcarwash_000457::4,1,6776.679805638713,9109.046599760874,8968.951495431504,8221.38027680041,7981.264637159501,9380.210196529277,5958.742885721383,11770.615384615385,5,True,West
luvcarwash_000457::40,2,6622.941081861765,8488.740428895579,8809.642417405705,8902.340563420548,8866.8046902238,8918.82177156769,9427.65103726596,8573.608974358975,12,True,South
luvcarwash_000457::41,1,6793.994311857888,8433.066567542013,8651.685409139685,8711.456702795535,8685.450402708093,8798.818200839434,7909.982711146037,9171.375,19,True,South
luvcarwash_000457::42,1,11154.917249844935,13952.884239806905,14789.322906092086,15647.022326246268,16069.300118395257,14582.7127249132,10524.360558146118,16091.777777777776,4,True,South
luvcarwash_000457::43,1,4900.000700788104,5943.0745755892285,6194.112086094195,6491.401617963323,6655.97052622994,6168.703708787214,7726.673470398966,6246.453846153847,8,True,South
luvcarwash_000457::44,1,6743.392532040729,7960.066903235024,8917.77162247515,9851.194246156394,10465.124586239986,8494.28413378178,8494.28413378178,8502.0,1,False,Northeast
luvcarwash_000457::45,1,4756.893611265614,5807.049427496411,5839.759785943653,5746.0221891505935,5659.713181664221,6036.391511963248,6932.971738112737,6124.307692307692,7,True,South
luvcarwash_000457::46,1,6218.255468418927,6984.099050147003,7108.7796078038555,6926.270821627962,6853.187774808295,7371.241980111557,7371.241980111557,12249.0,1,False,Northeast
luvcarwash_000457::47,1,6321.840110798337,7099.755241297676,7069.951453010045,6652.472662655743,6446.499635118936,7493.144065411875,7493.144065411875,,0,False,Northeast
luvcarwash_000457::48,2,4779.2492791949535,5880.991288086868,5957.573072105435,5906.2095466423825,5838.682281313326,6124.212304816228,7095.672050020613,6116.2692307692305,6,True,South
luvcarwash_000457::49,2,4766.348152471445,5824.961038344442,5881.617284276729,5819.553480975555,5750.374954255884,6056.506849915366,7016.914688691698,6124.307692307692,7,True,South
luvcarwash_000457::5,1,8094.907469762208,10801.464425948445,10591.60949820142,9663.38185395371,9367.253721436482,11108.383953179658,7785.386264067501,13080.53846153846,6,True,West
luvcarwash_000457::50,2,4766.348152471454,5824.961038344453,5881.617284276738,5819.553480975565,5750.374954255894,6056.506849915377,7016.914688691711,6124.307692307692,7,True,South
luvcarwash_000457::51,1,9113.534637433748,12955.914810480652,13455.294155892092,13352.72810221859,13501.411667956876,13471.40232932245,8110.09445247682,16283.223214285714,4,True,West
luvcarwash_000457::52,1,6743.713642227206,8767.713361036725,8435.928759342505,7545.608257810753,7273.6372146649,8974.083213845412,8974.083213845412,,0,False,West
luvcarwash_000457::53,1,5545.957354460352,6585.78642712973,6768.612468393068,6992.339212985313,7116.955864741936,6802.537339233307,7314.995982927829,7054.384615384615,23,True,South
luvcarwash_000457::54,1,7770.802878450544,9739.359558566715,10027.970868074435,10108.722552822068,10075.705149156747,10183.443419471389,10264.810225013896,10207.26923076923,10,True,South
luvcarwash_000457::55,1,9775.620561223015,14493.60290947766,15294.030670205144,15309.003466664226,15433.13377549994,15174.005593116535,9102.548757330622,18610.131868131863,4,True,West
luvcarwash_000457::56,1,9799.01411705003,14486.996316939774,15404.970267283526,15567.018812454948,15770.766485589407,15160.203280186632,8742.643041277755,20351.69230769231,5,True,West
luvcarwash_000457::57,1,10428.412012206398,14964.284011695188,15526.91816376764,15240.511874910835,15251.89973904944,15583.875936679491,8844.594494472183,20508.666666666668,3,True,West
luvcarwash_000457::58,1,6946.191632061097,8781.131475127828,8314.6890715568,7296.22768570434,6990.997198389203,8940.307823426816,8940.307823426816,19860.416666666668,2,False,West
luvcarwash_000457::59,1,9691.044779687398,14271.876315653715,15153.63696656574,15370.8765202442,15641.117456763566,14925.805753108423,9140.10194706914,18610.131868131863,4,True,West
luvcarwash_000457::6,1,8447.33699898182,11455.19151076008,11199.030123016004,10115.903564544677,9718.849197260648,11814.679986172096,8181.028663838827,13897.807692307691,4,True,West
luvcarwash_000457::61,1,10255.204627970015,15148.723401130432,16335.037300525946,16920.21117620696,17410.36253495941,15850.55489971475,9041.43511073888,20351.69230769231,5,True,West
luvcarwash_000457::62,1,8260.732966436388,10387.28372009268,10662.55742586071,10686.988322583142,10611.693550324197,10868.663120704954,9790.850968912737,11219.615384615385,13,True,South
luvcarwash_000457::63,1,7570.627064607717,9716.94364749242,10087.46780619952,10192.352032776576,10149.537288241556,10212.280625828624,9124.912962664355,10241.653846153846,12,True,South
luvcarwash_000457::7,1,8054.992595638476,11010.28001567864,11035.65139713826,10337.29216181346,10128.40122833464,11371.692940304363,7533.501689765193,13405.153846153846,7,True,West
luvcarwash_000457::9,2,6908.675461851416,8147.947433759284,8182.314112292173,8159.000398978326,8131.675420481086,8402.574732439922,8402.574732439922,,0,False,South
magicbrush_000533::1,1,3129.8350253741114,3780.791564022531,3671.620719566424,3449.4658335794243,3499.0813730583704,3814.936817954219,3814.936817954219,,0,False,West
magicbrush_000533::2,2,3070.9573225429976,3684.473512909202,3480.827830546937,3049.878112359226,2949.1204796118477,3712.5922183938033,3712.5922183938033,2009.076923076923,1,False,West
magicbrush_000533::3,1,3070.957322543003,3684.473512909208,3480.8278305469435,3049.878112359231,2949.1204796118527,3712.5922183938096,3712.5922183938096,2009.076923076923,1,False,West
magicbrush_000533::4,1,5626.618262833867,7613.570145275528,7759.42226307292,7454.376899336319,7423.329161419114,7849.487329285761,7849.487329285761,5756.076923076924,2,False,West
magicbrush_000533::6,1,3965.515216321168,5099.828801365994,5192.327495189613,5058.748925649881,5129.0812457436,5209.242856669284,5568.532127974585,5834.384615384615,3,True,West
magiccitycw_000357::1,1,5256.291682384965,5805.975691379127,5876.242072472931,5703.131643127788,5729.225060469468,6087.967993995444,6087.967993995444,,0,False,Midwest
magictunnel_000072::14,1,6317.202775368912,7353.68280414208,7451.218325745723,7122.860560436923,7013.053725595991,7763.752362243188,7763.752362243188,10644.96153846154,2,False,Midwest
magictunnel_000072::15,1,6423.712885808346,7933.7057693142015,8121.700941198578,8167.042140934958,8140.521887508886,8268.61656520289,8268.61656520289,,0,False,South
magnolia_000414::1,2,7764.855118078172,9566.601123857768,10573.884943694497,12029.662013607662,12936.10378092601,9964.985267757544,8962.861746701059,10355.384615384615,3,True,South
magnolia_000414::10,1,5663.964003077604,6807.609928661681,6891.467761218083,6896.26976795146,6873.470524796248,7051.389185861327,7051.389185861327,,0,False,South
magnolia_000414::11,1,6123.811203843431,7278.794583317719,7654.637058736625,8220.700533268762,8576.864949539406,7519.99843896816,7519.99843896816,6966.692307692308,1,False,South
magnolia_000414::12,1,6253.0852634494695,7488.090175402351,7568.731935907326,7569.016080331229,7544.024240718721,7749.6535489324915,8869.51138437109,7883.307692307692,3,True,South
magnolia_000414::13,1,6750.323096920606,8252.87283252954,8413.689138358935,8445.557262334774,8417.95072968424,8581.70237883563,8581.70237883563,,0,False,South
magnolia_000414::14,1,3455.5272240916424,4016.954955165003,3901.678025836255,3719.058363702065,3613.172846446359,4128.2814045500545,6479.20228202162,4126.5,4,True,South
magnolia_000414::16,2,7165.7788368895235,8609.644745124304,8714.420008770694,8719.929341431654,8691.094221468864,8917.233815719146,8917.233815719146,,0,False,South
magnolia_000414::17,2,7250.14233605918,8511.295866283623,8884.863439211795,9444.313675111933,9791.484874188436,8767.704972046715,8767.704972046715,7866.5,2,False,South
magnolia_000414::18,1,6184.139755712787,6846.39454979977,6552.126586020174,6249.0025161425265,6108.794689842634,6951.6464314557,6951.6464314557,4349.115384615385,2,False,South
magnolia_000414::19,2,5764.1579077858405,6922.658950321369,6897.835013058295,6737.066834480655,6617.061362227643,7169.275500375629,7169.275500375629,6407.538461538462,2,False,South
magnolia_000414::2,2,7742.409016163217,9751.943139306995,10351.069693077152,10940.127849265577,11220.353769343792,10207.622428949362,9323.333767321705,10925.53846153846,3,True,South
magnolia_000414::20,1,6311.732125079164,7970.619439656089,8448.892295654527,8903.25931789143,9113.408603970072,8347.771983574139,7662.800841129703,9203.444444444443,25,True,South
magnolia_000414::21,1,7130.768933189199,8912.244740010561,9258.895668831035,9485.99471268898,9551.854994314275,9312.907740762392,8907.922727709254,9171.375,19,True,South
magnolia_000414::22,1,6019.96343398804,7021.91983014057,7017.884633460373,6982.9753286537525,6959.407818077204,7222.416870407972,7222.416870407972,,0,False,South
magnolia_000414::23,1,4652.546557073331,5614.537568240773,5615.075525344281,5506.9015420318865,5420.203996867378,5820.97735544741,7096.777542350045,6124.307692307692,11,True,South
magnolia_000414::24,1,6061.989801729887,7387.110966038873,7442.29220300485,7348.200769774121,7253.880039541834,7675.765533234478,8011.559661027746,8088.461538461538,5,True,South
magnolia_000414::25,2,7722.463404212825,9422.447108613302,9688.543612732728,9873.63079760958,9934.563501251929,9793.43163432293,8930.874630484579,10083.0,4,True,South
magnolia_000414::26,1,6648.273886950296,8178.591403381382,8560.666847051307,8948.805333195283,9138.77432665194,8516.302429168312,7563.065046681031,9187.409722222224,22,True,South
magnolia_000414::27,1,6233.707191841018,7609.215447538172,7752.468467658481,7779.64038157056,7754.18413321541,7909.572917587539,7909.572917587539,,0,False,South
magnolia_000414::28,1,11154.917249844952,13952.884239806932,15153.59490327661,16695.991270588635,17592.728091759946,14582.712724913228,10524.360558146136,16091.777777777776,4,True,South
magnolia_000414::3,2,5483.847862263442,6411.267443638128,6802.544581910505,7499.894314366654,7982.791805604596,6597.940950189808,6597.940950189808,4304.153846153846,1,False,South
magnolia_000414::39,2,7125.522325585823,8402.556710480869,8815.526355144428,9471.128696567836,9893.731683706475,8664.86460184173,8664.86460184173,8471.76923076923,1,False,South
magnolia_000414::4,1,6122.928630352234,7654.918919647343,7687.495396885977,7496.855794771818,7339.652104131409,7999.585328563192,7999.585328563192,,0,False,South
magnolia_000414::40,2,7030.303509610178,8251.718520650316,8269.383498835205,8238.226236174196,8210.543685268134,8499.94178357759,8499.94178357759,,0,False,South
magnolia_000414::41,1,7615.012418112528,8497.399263258018,8561.30081542546,8875.860814852656,9135.568148670523,8645.361893699357,8645.361893699357,7836.326923076923,2,False,South
magnolia_000414::42,1,7007.617945026975,8512.712170160818,8655.785410492854,8678.615062473218,8650.126617948934,8839.058246849478,8839.058246849478,,0,False,South
magnolia_000414::43,1,6932.651481900927,8325.284118545009,8424.79267249914,8429.324766048945,8401.441008696363,8621.69748217525,8621.69748217525,,0,False,South
magnolia_000414::44,1,5329.007693427556,6345.650934191406,6586.274800072094,6908.652783053035,7097.855659280195,6558.722375120478,7705.618107412131,6752.192307692308,14,True,South
magnolia_000414::45,1,7758.753862372691,8986.266047353709,8993.86643653467,9026.04553292845,9055.494339145458,9227.154441467568,9227.154441467568,8885.76923076923,1,False,South
magnolia_000414::46,1,4536.398166608139,4920.314724610267,5007.391527605731,4950.5816607846,5050.9557467833165,5146.554230159596,5146.554230159596,3255.4615384615386,1,False,Midwest
magnolia_000414::47,1,6445.757327023167,7802.94915925257,7922.674466816044,7938.5727919811825,7912.453250983152,8095.658364826522,8095.658364826522,,0,False,South
magnolia_000414::48,1,5380.3643770587305,6372.067787853616,6716.61432844365,7253.358497135049,7596.768972602785,6577.660605108822,6577.660605108822,6048.675,2,False,South
magnolia_000414::49,1,3495.6967078362436,4127.7466226395,4071.239037775766,3944.610384068131,3862.8971001011546,4257.9552438982155,6746.625450003016,4239.692307692308,4,True,South
magnolia_000414::5,1,6658.653838315334,8189.630083458375,8369.563518054269,8410.147495609388,8382.76387206197,8527.393508549181,8527.393508549181,,0,False,South
magnolia_000414::50,1,6920.6859561519495,8330.712459308865,8438.68529392623,8446.918673984432,8419.021423230408,8632.046708001992,8632.046708001992,,0,False,South
magnolia_000414::51,1,6866.633483116079,8381.984714435564,8539.862739042,8569.82790320062,8541.786436830562,8712.888739893577,8712.888739893577,,0,False,South
magnolia_000414::52,1,4654.948302488112,5552.064704379005,5643.033108144521,5707.611816568875,5730.626279464312,5740.67303670543,7058.975420027708,5707.307692307692,3,True,South
magnolia_000414::53,1,5109.200713720851,6045.5547635359335,6551.989028056064,7409.62721122028,7991.868158408425,6239.312762012674,6239.312762012674,4062.0993589743593,2,False,South
magnolia_000414::54,1,6351.116612788696,7696.751044611833,6458.05445286116,4694.270548088302,3851.4897087711174,7987.459188771603,7987.459188771603,14836.636363636364,1,False,South
magnolia_000414::55,2,6017.075638473528,7383.222592958798,7538.908096894538,7582.383105747919,7564.5942568251885,7683.690143959821,8882.220719268578,7843.285714285715,3,True,South
magnolia_000414::56,1,6017.075638473537,7383.222592958809,7538.90809689455,7582.383105747933,7564.594256825203,7683.690143959835,8882.220719268595,7843.285714285715,3,True,South
magnolia_000414::57,1,8222.137399601075,9400.250710843657,9682.645650857588,10260.859955792595,10667.026699362328,9621.853773121298,9621.853773121298,11412.307692307691,2,False,South
magnolia_000414::58,1,5169.764552626725,6065.278785560066,6428.320960970045,7050.49003592897,7470.8234613028035,6247.081309350508,8025.893689290276,6163.153846153846,3,True,South
magnolia_000414::59,1,6100.658371032822,7487.5336809142145,7645.494232293764,7679.716155372706,7654.676473954842,7792.655568289373,7792.655568289373,,0,False,South
magnolia_000414::60,1,6185.563074272407,7893.685374339627,8178.604417975236,8259.14282454867,8226.306354317663,8285.908316102063,7027.076988981195,9355.914529914531,14,True,South
magnolia_000414::61,1,7142.109037227143,8216.227601839548,8161.843714117855,8099.568393451064,8072.338067069098,8422.649774638447,8422.649774638447,6508.692307692308,1,False,South
magnolia_000414::62,1,7777.882774563986,9297.124147265198,10168.249122344345,11550.3244771862,12450.91726039716,9617.827214157202,9617.827214157202,13833.557692307691,2,False,South
magnolia_000414::63,1,6860.029744145105,8220.154673289428,8401.212031658186,8555.234775723464,8621.119179401652,8508.545874221069,9246.630100464872,8411.692307692309,4,True,South
magnolia_000414::64,2,3198.814571783732,3504.931663980176,3754.2431909664374,4311.553502498389,4726.92908215288,3549.374719721621,7007.791163125411,3289.923076923077,3,True,South
magnolia_000414::65,1,6090.975814873781,6864.778387140356,6901.511486684019,7054.031736514149,7177.72411727411,7001.791314792879,7001.791314792879,2851.269230769231,2,False,South
magnolia_000414::66,2,7318.4452126504975,8428.729865309951,8556.279677182676,8803.140448346941,8970.30836970458,8642.895546595308,8642.895546595308,13076.846153846154,1,False,South
magnolia_000414::67,2,7671.934954292669,8776.981229030467,9265.679754369865,10153.994590919245,10757.384490174849,8985.338265383165,8985.338265383165,8796.884615384615,2,False,South
magnolia_000414::68,1,6686.954665098206,8068.335298412308,8652.1417294062,9646.499670555671,10355.050069129182,8364.69934791785,8364.69934791785,,0,False,South
magnolia_000414::7,1,4921.287512647844,5983.684248438218,6006.9403259798755,5905.181272991186,5815.727015716532,6214.352392328676,7947.907389941864,5722.285714285715,5,True,South
magnolia_000414::70,1,6648.313301746029,8284.480942957622,8709.427935682545,9111.15218041774,9296.137163749,8651.237020454933,7298.614857348369,9339.879807692309,20,True,South
magnolia_000414::8,1,6813.792585305154,8119.637251370262,8189.996588451565,8182.664350624306,8155.454467203741,8393.705576647371,8393.705576647371,,0,False,South
magnolia_000414::9,1,4987.3973808010605,5925.56891631904,6408.51485748275,7237.374066930214,7811.37505685122,6121.33184598794,6121.33184598794,,0,False,South
magnuscarwash_000376::1,1,3341.589751629062,3981.0961508211744,3880.667008025705,3599.356744338645,3602.0501981464445,4005.692732847111,4005.692732847111,1632.2307692307693,1,False,West
mainstreet_000067::3,1,5333.155249187977,6173.248580053868,5939.14926219987,5592.831941661854,5398.776669001495,6337.822995638871,6337.822995638871,5043.153846153846,2,False,South
martintowncw_000477::1,1,5573.287948909216,6926.3328359594825,7221.780952073924,7453.060036486991,7548.492093893693,7228.692983731216,7228.692983731216,,0,False,South
megashine_000539::1,1,4577.436644742498,5619.059527255505,6250.368908309432,6779.663242817366,7121.466090074372,5971.213949952648,5971.213949952648,2466.3076923076924,3,False,Midwest
midtowncw_000328::1,1,6527.648432316659,7976.4270477067985,8130.103678165357,8160.132533407649,8133.449756208243,8293.255238047326,8293.255238047326,8612.76923076923,1,False,South
midtowncw_000328::3,1,5296.212831064456,6301.525189082197,6630.571640570114,7106.894608686182,7397.861397688259,6511.89294561811,6511.89294561811,2064.6923076923076,1,False,South
mojoxpresswash_000048::2,1,6522.5417843566565,7599.575737244756,7591.464811285165,7552.0352857934995,7526.526912388713,7814.459410301522,7814.459410301522,,0,False,South
monkeyshinecw_000417::1,1,11119.274960173474,14941.427893773993,15576.653297607614,15572.0261137556,15902.588137320256,15385.325206637515,9437.27792306156,19691.92307692308,3,True,West
monstercw_000412::1,1,5451.957157457324,6894.165815202586,6881.15816758478,6511.150329582561,6509.566389241895,7019.526770210439,7019.526770210439,,0,False,West
moonstone_000312::1,1,5422.358985286839,6047.925203733133,5876.17212597952,5721.912551094684,5659.084487402618,6152.52975783906,6152.52975783906,6767.192307692308,2,False,South
mountainedge_000549::1,1,6336.8821982441395,8035.973809369679,8312.819694240228,8396.800125504978,8369.986252130739,8423.847509423387,8423.847509423387,,0,False,South
mountainexp_000478::1,1,6141.525563279113,7075.811618695214,7244.843357789244,7571.571895907934,7795.970255385357,7256.236522266126,7256.236522266126,6269.2307692307695,1,False,South
mountainexp_000478::2,1,7467.213180975764,8547.622692173321,8629.240838325135,8819.435311933275,8954.665946136573,8751.750909169989,8751.750909169989,10248.153846153846,2,False,South
moyoka_000134::3,1,5254.769841803063,5610.3740163750845,5269.361721153322,4975.4509236822405,4858.660667560475,5642.9727017097475,5642.9727017097475,5741.115384615385,14,False,South
mrcleancw_000329::11,1,6796.464281776137,8421.132372179338,8838.104878388167,9256.039212426644,9459.443310616698,8782.900923064055,8460.572212731975,9063.384615384615,13,True,South
mrcleancw_000329::15,1,7293.892060603411,8995.95183521584,9348.54756676928,9657.260872103743,9791.146575347717,9372.805712742978,8823.841749834917,9557.96153846154,4,True,South
mrcleancw_000329::16,1,7444.88082235062,9142.806744714975,9391.791097673064,9526.835415013553,9551.980040753897,9516.659170003755,8956.460456587609,9838.46153846154,13,True,South
mrcleancw_000329::18,1,6145.9960028697,7433.703642946365,7545.083395586314,7559.049363074247,7534.16433640772,7711.053032684145,7711.053032684145,,0,False,South
mrcleancw_000329::3,1,7876.152772735572,9148.32471076742,8761.845841535345,8173.943314907072,7841.690029583256,9400.016108979193,9400.016108979193,10608.23076923077,2,False,South
mrcleancw_000329::4,1,6768.825402914753,8072.705596112824,8145.502919092131,8139.465593282006,8112.414571090368,8346.79092507075,8346.79092507075,,0,False,South
mrdcarwash_000205::3,1,6071.783829322598,7255.036429519859,7630.09257987433,7612.294100684354,7638.104466947374,7684.587830917571,7684.587830917571,,0,False,Midwest
mrsuds_000654::1,1,2803.3391535206606,3252.2194414761475,3164.151337091282,3029.434102407305,2952.4693053260494,3340.727487226257,3340.727487226257,5253.0,13,False,South
napcowash_000528::1,1,4878.800517318642,5784.312670706563,6238.345053383811,6975.24505194657,7459.639080988382,5972.4566828024335,7526.639417150411,5737.538461538462,3,True,South
naplescw_000547::1,1,6394.4928905525485,7514.399160314439,7534.372566081459,7507.71072894333,7482.503878170519,7742.630544987657,7742.630544987657,9476.76923076923,1,False,South
nationwideexp_000560::1,1,6323.05691090101,6779.362217749789,6518.803245100485,6282.119765867876,6263.088049036724,6835.999121057838,6835.999121057838,,0,False,Unknown
nationwideexp_000560::3,1,7781.467544125434,8291.461975063183,7947.747267713586,7645.139997741805,7621.554832909034,8348.13740897332,8348.13740897332,,0,False,Unknown
newdaycw_000610::1,1,6690.741444437259,8321.301143102408,9408.696635963508,11096.228350287973,12214.682159490048,8685.993724707172,8685.993724707172,,0,False,South
oasisautospa_000475::1,1,8437.250998057943,10457.273045396434,10961.479082565018,11470.736935638051,11722.937441182085,10907.237897037592,9500.233602510105,11357.115384615385,8,True,South
obxpress_000458::1,1,5866.40038622191,6936.001367811546,7392.540838500186,8159.829770730376,8678.333624218661,7156.959197807152,7156.959197807152,,0,False,South
oceansexp_000393::1,1,5110.929702552179,6880.355341655692,6966.217859539091,6635.611505616918,6580.3211194323185,7087.081164274083,7087.081164274083,7944.384615384615,2,False,West
olliewash_000159::3,1,7283.378361292831,8327.880760256898,8246.237083546963,8167.084914994837,8135.741020063295,8524.429259908547,8524.429259908547,13283.53846153846,1,False,South
orbitcw_000611::1,1,6451.176203582527,8209.848045891411,8758.4800477687,9295.511161808055,9550.912587456956,8612.65736154204,8630.754488924176,8685.576923076922,12,True,South
orcaexpresscw_000424::1,1,5142.228134593764,6378.3101817255265,6314.675381075191,5930.559834153782,5926.385337455716,6470.008552601422,6470.008552601422,,0,False,West
ottosexpresscw_000299::3,1,7404.883849378576,8346.128070721941,7609.786238076798,6691.3787663723715,6237.191302873895,8512.839742603937,8512.839742603937,8152.36217948718,2,False,South
ottosexpresscw_000299::4,1,4839.462562400514,5553.597766866773,4688.064926303068,3544.6757214052323,3001.520735276636,5689.713914746683,5689.713914746683,4656.2307692307695,1,False,South
overflowexpress_000089::3,1,7439.635802388246,8532.681499686858,8625.090203441905,8833.128222951043,8980.248942756034,8740.618137041152,8740.618137041152,11423.307692307691,1,False,South
papabear_000353::1,1,8027.786453419591,9176.795006036877,9409.597704250766,9905.169372392951,10257.90510981158,9392.814975253154,9392.814975253154,19810.53846153846,1,False,South
papabear_000353::3,1,5566.906182720221,6395.530806537099,6355.787024950059,6316.0441180476655,6301.089149511648,6554.067638134251,8453.823396531237,6315.7692307692305,3,True,South
papabear_000353::4,1,7919.1177819419245,9062.686075036869,9210.302974235734,9544.278384694975,9784.078429214527,9278.557010005392,9278.557010005392,17556.46153846154,1,False,South
papabear_000353::5,1,4803.82690549706,5532.893267901068,5501.148058788806,5463.532504289465,5447.04260560833,5673.547230065644,6825.9256468518015,5935.153846153846,7,True,South
paradisebay_000076::2,2,5108.912814043954,6171.006232196938,6182.572422643611,6076.74929102118,5988.10496443248,6399.270988125349,8115.981537153152,6368.6,9,True,South
patsnustar_000483::1,1,10098.704323085412,12617.32266573615,12906.289411283751,12905.827897453944,12805.886548342603,13183.558212787724,8831.821139415448,13539.307692307691,3,True,South
pelicanauto_000399::1,1,5701.023566361844,6538.757877971802,6382.860114961327,6173.698515354695,6060.453154358743,6698.135947733407,7973.723008319044,6613.7692307692305,5,True,South
pelicancw_000512::1,1,7119.5140363221435,8443.432195494328,8499.27408913536,8484.021878808366,8455.717251475464,8718.679409775123,8718.679409775123,,0,False,South
peppyscw_000491::1,1,6242.061468067535,7613.080525920462,7898.961485179042,8180.40476522956,8315.574771616215,7912.102840653336,7912.102840653336,,0,False,South
peppyscw_000491::3,1,6490.0568533682335,7661.432642191118,7696.855630454923,7676.302615191827,7650.610948766305,7902.605656704854,7902.605656704854,,0,False,South
piratescove_000559::1,1,6887.267520486922,8253.261744766329,8158.834904280838,7904.372452080451,7737.347564766705,8542.92667518752,8542.92667518752,9816.319230769232,2,False,South
presidentialcw_000589::1,1,6948.074733690796,8655.2123026481,8781.38636034534,8697.829999885771,8589.577403364898,9037.735884213136,8245.158084906405,9382.153846153848,14,True,South
presidentialcw_000589::2,1,6852.861420949944,8672.7806877472,8806.739134844418,8654.63103565881,8486.838055282095,9087.429248291612,7484.506219241989,9614.153846153846,9,True,South
pridec_000401::1,1,6473.614196034333,7624.550098659463,7965.131572401354,7909.400096471439,7937.792496843163,8061.584309706277,8061.584309706277,,0,False,Midwest
purecw_000503::1,1,7208.17620153664,8421.054977681566,8421.962855664604,8382.628283737735,8354.368094964502,8664.736319402013,8664.736319402013,,0,False,South
quickandcleancw_000262::2,1,6926.660816192502,8472.110089167974,8693.590962042237,8818.996604670023,8846.17884541706,8810.530800211907,8694.17584537198,9228.46153846154,3,True,South
quickjetcw_000314::1,1,5743.461731579816,7100.679716732518,7130.18289588001,6970.29255084155,6833.950226795889,7402.080620063011,7402.080620063011,7060.846153846154,1,False,South
racerclassiccw_000389::1,1,5484.5340462502645,6711.74761447429,6598.926085380125,6297.8226329198515,6106.764660796262,6980.676855909475,6717.504006659383,8152.384615384615,7,True,South
racerclassiccw_000389::2,1,5651.405258220623,6846.211429450356,6863.18441106183,6747.342456273095,6649.067232286498,7104.1844863327615,8700.36564090341,7118.076923076923,4,True,South
racerclassiccw_000389::3,1,4691.9857694485045,5835.214711386583,5917.874118701074,5880.477177132651,5827.7806754658095,6090.898938717334,7499.287063495806,5753.217948717949,6,True,South
racerclassiccw_000389::4,1,6100.87064918012,7189.283237376396,7352.44822486433,7553.541298374079,7666.729019643904,7412.503582062044,7412.503582062044,,0,False,South
racerclassiccw_000389::5,1,4851.388608230233,5994.982265701566,5962.9805673029905,5765.969128349555,5626.928627192535,6248.795411364161,6654.8202898503705,7118.076923076923,6,True,South
racerclassiccw_000389::7,1,6825.559546047357,7821.268008843316,7755.4781164757005,7689.605973120701,7663.321419705459,8010.088674754525,8010.088674754525,,0,False,South
racerclassiccw_000389::8,1,4635.467323382879,5756.975421861857,5764.63709453518,5627.617941242198,5524.007511135188,6007.398297187293,6069.6254593144595,7118.076923076923,6,True,South
racersedge_000279::2,2,5593.185929637639,7157.373380024779,7455.853320496248,7582.46027075429,7583.871660719065,7517.425518961575,7517.425518961575,2831.6923076923076,1,False,South
racewaycw_000646::1,1,5799.345253498374,6815.1069885926545,7112.015475049673,7057.006434637708,7082.562422614022,7203.725068158955,7203.725068158955,,0,False,Midwest
radiantcw_000133::4,1,10060.603262831994,12877.474996900184,14775.831580357908,17612.632626627663,19469.973744854695,13526.023175010609,9516.49912799143,14764.272727272728,5,True,South
radiantcw_000133::5,1,7292.623822255435,8663.671450300613,8604.974297653602,8411.728983037345,8277.622026070396,8949.710449429534,8949.710449429534,7131.3108974358975,2,False,South
radiantcw_000133::6,1,8465.998208018898,11191.07709029116,11973.43938310216,12533.551039623691,12718.506469760663,11834.155816415236,10802.386362715495,11344.384615384615,12,True,South
radiantcw_000133::7,1,7282.902552530293,8415.763378700505,9204.201754726611,10645.029820651169,11653.583058666549,8636.563535684507,8636.563535684507,11395.323863636364,2,False,South
radiantcw_000133::8,1,12115.909268783527,15728.122877802278,16433.77592755125,16691.86727100582,16656.987373998585,16569.499135689945,9948.857980470808,19183.30769230769,9,True,South
ranchocw_000526::1,1,4923.082013856644,6468.984651146246,6557.989891438764,6292.776482268621,6296.603888012384,6634.24260942512,6634.24260942512,,0,False,West
revexpress_000340::1,1,7257.358190200768,9235.999323793929,9626.259805650536,9826.66469938057,9854.882515239302,9689.199592726647,9019.118620099109,9659.53846153846,9,True,South
ridethru_000552::1,1,7117.293852809659,9761.246184518895,10048.678339783148,9772.155769163695,9780.122610448938,10087.573576689434,7480.559662275885,11257.307692307691,8,True,West
riflecw_000534::1,1,5081.956819546392,6985.477183508144,7204.6304516949085,7017.899080374379,7028.491883781182,7221.831294300254,7221.831294300254,,0,False,West
rinsemyride_000430::1,2,3745.049186812366,4432.891346984427,4298.661740252496,3958.780468593569,3951.1186106781656,4454.286455908455,4454.286455908455,2231.230769230769,7,False,West
rinsemyride_000430::2,1,3530.5510466687415,4160.651112164621,3991.3397615478166,3615.4772320247353,3576.5125529657694,4176.9002274062395,4176.9002274062395,2018.1153846153848,6,False,West
rinsemyride_000430::4,1,3154.7684413552274,3862.576962984245,3808.6664445577903,3568.8463890639396,3571.342899090976,3908.0355209994186,3908.0355209994186,2857.769230769231,7,False,West
riptideneuse_000337::1,1,9404.22214857463,12061.62593214692,12694.933332744078,13111.120516654051,13234.09912056221,12674.532452772166,9121.36965710786,13474.060897435897,4,True,South
riptideneuse_000337::10,1,7582.825733675425,9466.65704746434,10094.523183792588,10801.443552201034,11175.700342207849,9889.81656354484,8510.278028632158,11771.0,7,True,South
riptideneuse_000337::11,1,7241.014560788331,8739.172886125993,9775.857271806068,11470.283390418846,12610.864824698025,9060.729573939743,9060.729573939743,,0,False,South
