key,n_excluded,pred_y1,pred_y2,pred_y3,pred_y4,pred_y5,plateau,model_plateau,anchor_level,n_local_mature,proxy_used,region,mature,mean_y1,mean_y2,mean_y3,mean_y4,mean_y5,size_y1,size_y2,size_y3,size_y4,size_y5,open_idx,open_year,cal,ramp1,ramp2,ramp3,ramp4,ramp5,cal_y1,cal_y2,cal_y3,cal_y4,cal_y5
000004_cliff::3,1,3713.799574414989,4838.603653613203,4896.910635563182,4696.8171099698775,4706.272060911552,4954.4274061024535,4954.4274061024535,5517.961538461539,2,False,West,3568.0,1511.3333333333333,2374.1666666666665,3592.3333333333335,3764.1666666666665,4319.0,12.0,12.0,12.0,12.0,2.0,24269,2022,3698.151574694485,0.7495920860280723,0.9766221718484385,0.9883908339299862,0.9480040224597351,0.9499124066516256,2723.4594689726973,3798.3186917250096,3850.1067240312345,3667.8577074972495,
000004_cliff::4,1,3755.204218860601,4753.866713954944,4793.951999958546,4613.894970925658,4658.795111626389,4841.34486759752,4841.34486759752,5737.2307692307695,2,False,West,2538.5,163.33333333333334,2626.8333333333335,2740.75,2839.1666666666665,3529.5,12.0,12.0,12.0,12.0,2.0,24269,2022,3682.2559354491264,0.7756531132482806,0.9819310220537986,0.990210805275169,0.9530192740050075,0.9622935855710442,2835.4866620317352,3893.236418720403,3859.917744649142,3722.211094243216,
192616splash::11,1,6469.1606154353,7590.993386828209,7488.662424236248,7289.144941407413,7165.410351099915,7818.830074301338,7818.830074301338,7062.846153846154,1,False,South,14870.5,7250.916666666667,10446.0,13450.083333333334,14455.5,16235.0,12.0,12.0,12.0,12.0,5.0,24266,2022,7325.084402776639,0.827382172775172,0.9708605142575006,0.9577727553959416,0.9322551931861424,0.9164299879915462,6016.790503103719,7517.425381593645,7499.446770999858,7164.69431975931,
192616splash::12,1,8215.471564863887,10329.023736927124,11117.624296718384,12034.521064232234,12531.473990479251,10807.395992461745,10169.09977363795,11194.0,4,True,South,27293.0,10114.916666666666,19317.416666666668,25525.75,27394.85714285714,,12.0,12.0,12.0,7.0,,24276,2022,12074.407572534676,0.7601712355681471,0.9557365848472389,1.0287051852706264,1.1135449346564539,1.15952760491242,9061.334946116409,12299.023815343955,13377.884538235583,,
192616splash::13,1,9025.069064375675,11547.231638991814,12915.555341783866,14740.136585952823,15833.690301643242,12127.716204868517,9195.805417247298,13048.076923076924,3,True,South,13605.0,6398.083333333333,9474.833333333334,12920.75,13366.90909090909,,12.0,12.0,12.0,11.0,,24272,2022,11460.861033580726,0.7441688865338617,0.9521357066680308,1.0649618711063737,1.2154090957401842,1.3055788933523205,8338.456361535198,11461.72472980781,13349.180990129433,14573.28037394064,
192616splash::14,1,4964.583069795652,5999.015523738639,5851.5807115364805,5533.616519197821,5336.9361011042465,6221.474809924141,6221.474809924141,7282.615384615385,1,False,South,4231.5,2221.0,3661.6666666666665,3972.6666666666665,4129.3,,12.0,12.0,12.0,10.0,,24273,2022,5439.913082639987,0.7979752745886607,0.9642433196336908,0.9405455925341647,0.8894380654520874,0.8578249151778404,4316.177064247377,5590.429817763104,5546.9839920881495,5095.195118657469,
192616splash::15,1,5074.815374126704,6369.51573684308,6711.370204145528,7043.456934534974,7203.406368880956,6662.030066152751,6662.030066152751,4059.153846153846,1,False,South,6596.0,5954.083333333333,7315.5,6442.416666666667,6095.9,,12.0,12.0,12.0,10.0,,24273,2022,5699.64188053953,0.7617520971437697,0.9560923132431021,1.007406171617786,1.0572538497417039,1.0812629629936275,4297.0892785852975,5730.961740386268,6047.996450983621,6399.127322394036,
192616splash::16,1,7898.988651098807,9999.405766966704,10522.976960624312,10954.75281819526,11129.0574355865,10478.087328180682,10026.27121358772,11203.153846153846,3,True,South,13544.0,6240.083333333333,10747.583333333334,13409.0,14051.0,,12.0,12.0,12.0,4.0,,24279,2023,12276.976022422454,0.7538578753638155,0.9543159408562505,1.0042841437599876,1.0454916508218626,1.062126806831915,9099.216981417736,12507.202534533662,13199.396962031846,,
192616splash::17,1,5619.355535430409,6845.110948883506,7149.476660602835,7485.704024635219,7660.932875721184,7111.972879136604,7111.972879136604,5095.307692307692,1,False,South,5471.5,2534.0,4174.333333333333,5018.416666666667,5701.571428571428,,12.0,12.0,12.0,7.0,,24276,2022,6408.30404701286,0.7901261198443434,0.9624770883145585,1.0052733302142154,1.052549574056304,1.0771881453871945,4974.514992162807,6576.227555748925,6984.130877593862,,
192616splash::18,1,6244.135660712203,7564.968149470184,7683.606476389927,7700.14909534866,7674.827601664339,7850.193494789538,7850.193494789538,,0,False,South,10974.5,5779.25,8812.166666666666,10330.083333333334,10990.285714285714,,12.0,12.0,12.0,7.0,,24276,2022,7615.404847778471,0.7954116882414002,0.9636664566919696,0.978779246841472,0.9808865348936344,0.9776609464159584,6032.184005356082,7654.026918463953,8038.410610654738,,
192616splash::19,1,11413.25750106872,14529.65417374308,15150.578022416326,15472.558231151745,15520.780960753087,15243.665949329885,9498.430425608416,19006.07692307692,3,True,South,11985.5,7101.583333333333,10443.083333333334,11733.25,,,12.0,12.0,12.0,,,24283,2023,13078.733857703959,0.7487213075257956,0.9531601008602401,0.9938933372573905,1.01501556663487,1.0181790267737654,9638.109997417576,12886.560883547105,13634.623452409629,,
192616splash::20,1,7705.449322953074,8921.118563406017,8959.245809191958,9123.31780754729,9276.622660092136,9159.41638283131,9159.41638283131,11493.03846153846,2,False,South,5793.5,4113.166666666667,5937.25,5785.181818181818,,,12.0,12.0,11.0,,,24284,2023,10299.939077674448,0.8412598577128128,0.9739832965916948,0.978145924885066,0.9960588563970424,1.012796260412456,8602.227421888994,10801.945715336486,10665.340464821336,,
192616splash::21,1,7706.501199734874,8790.835448645346,8496.15006800465,8138.724224445992,7959.711088364839,8993.081610340552,8993.081610340552,9815.884615384615,2,False,South,8994.0,7007.833333333333,8880.583333333334,9395.222222222223,,,12.0,12.0,9.0,,,24286,2023,9551.582344826125,0.8569366468190032,0.9775109166736954,0.9447429075074206,0.9049983728700748,0.885092722745059,8125.875009059914,9869.532802448955,,,
192616splash::22,1,4935.788338219233,5901.137640509133,6015.830849827003,6361.092407300433,6700.435744995092,6104.996409957719,6104.996409957719,,0,False,South,2565.0,2636.6666666666665,2710.1666666666665,2138.5,,,12.0,12.0,2.0,,,24293,2024,5437.69740714632,0.8084834137115269,0.9666078805360022,0.985394658056591,1.0419485909811512,1.097533117966485,4340.113347916659,5601.8563569361,,,
5017238goclean::1,1,5608.381531708404,6511.91219928388,6498.288154493559,6466.2771757620385,6447.963723277931,6690.490556459262,6690.490556459262,6419.884615384615,2,False,South,2715.0,2886.5833333333335,2930.4166666666665,2928.4166666666665,1954.0,,12.0,12.0,12.0,1.0,,24282,2023,6113.427247612227,0.8382616318460911,0.9733086302613527,0.9712723005370446,0.9664877517119042,0.9637505155810757,5010.2712890909015,6249.844295130095,6347.166141437059,,
5017238goclean::2,1,4907.104022885485,6070.276127359214,6186.14710389441,6170.116982108659,6118.955803569184,6328.772676289402,6328.772676289402,5626.192307692308,2,False,South,4048.0,3654.4166666666665,4470.75,4333.666666666667,2984.0,,12.0,12.0,12.0,1.0,,24282,2023,5552.841879439377,0.7753642410431071,0.9591553430416866,0.9774639444817895,0.974931048673127,0.9668471466029597,4280.937938294169,5676.3721097966245,5845.83746764737,,
5024577greens::3,1,4871.455712438151,5519.7305798831185,5270.427505065093,4943.248034905371,4769.71010300657,5637.3788621946,5637.3788621946,3214.923076923077,1,False,South,1651.5,1194.6363636363637,1715.8333333333333,1870.0,,,11.0,12.0,6.0,,,24289,2024,4332.545271030613,0.8641348810361347,0.979130676651794,0.9349074514770763,0.8768699347237047,0.8460864915418774,3705.4230152015266,4461.325188941466,,,
5025495monkey::2,1,6075.328643721684,7222.790455781825,7038.156881374914,6675.568659027449,6451.831886247211,7462.529905294396,7462.529905294396,11314.192307692309,2,False,South,1328.5,986.8333333333334,1181.3333333333333,1503.0,,,12.0,12.0,8.0,,,24287,2023,7367.081351941913,0.8141111286417033,0.9678742393591636,0.9431328209996982,0.8945449792156108,0.8645636222737103,5896.608507480206,7611.863527450755,,,
acesamericacw_000175::3,2,6331.66551920562,9113.50407450814,9547.497821487788,9421.28951232028,9436.868381149854,9495.646362681824,7851.490771629779,10074.884615384615,10,True,West,8683.0,6798.75,7623.5,8563.363636363636,,,12.0,12.0,11.0,,,24264,2021,8388.742982914851,0.6667966852777137,0.9597560530818087,1.005460550743522,0.9921693745194883,0.9938100073141972,5495.428187080457,8584.224598116334,9224.975894624497,,
adore_000584::1,1,5336.9483706144765,6330.2584628956565,6382.323710630809,6316.233141171718,6302.101554072971,6531.701300376788,6531.701300376788,,0,False,Unknown,2615.0,2383.75,2495.9166666666665,2673.5714285714284,,,12.0,12.0,7.0,,,24288,2023,5153.408346422595,0.8170839610051687,0.9691592085710485,0.9771303703466412,0.967011939264179,0.9648484007848657,4193.250990628235,5209.066838051791,,,
advanceautodetailing_000566::1,1,5141.8101588281415,7709.287494607673,8195.32811507717,8189.695687689303,8214.91682938691,8085.524683982001,8262.753372412248,8178.384615384615,11,True,West,11042.0,4201.666666666667,10053.0,10602.818181818182,,,12.0,12.0,11.0,,,24284,2023,8655.7807934215,0.6359278290269069,0.9534678077083011,1.013580248083677,1.0128836417893414,1.0160029374050696,5417.763757517538,8531.349952936522,9202.420095719372,,
aladdincw_000434::1,1,4560.012755021139,5484.73042970631,5807.144648447553,6239.724590460693,6508.529553462619,5682.086584412127,5682.086584412127,2705.0,1,False,South,2449.0,2278.6666666666665,2855.1666666666665,2811.6666666666665,2319.4444444444443,,12.0,12.0,12.0,9.0,,24274,2022,4678.645897724664,0.8025243345518153,0.9652669575209869,1.0220091795817583,1.0981396530595564,1.1454470917985837,3727.5586463436453,4862.766793832699,5176.5165637491555,,
allwashedup_000264::2,1,6767.568064426749,7863.149235272326,8212.39884001794,8164.3853572281805,8142.285780648555,8362.121641285132,8362.121641285132,,0,False,Northeast,9553.0,7363.416666666667,8470.333333333334,8719.666666666666,9138.333333333334,9456.833333333334,12.0,12.0,12.0,12.0,12.0,24254,2021,10246.793950947902,0.8093123198560259,0.9403294489822656,0.9820951179987641,0.976353335607952,0.9737105162939497,8232.850945537117,10185.156232428015,10852.60492932148,10648.096106317538,10525.186793369703
allwashedup_000264::4,1,6033.26782148983,7105.616447818673,7470.358830720893,7447.879319033342,7429.004328600426,7578.77801819336,7578.77801819336,,0,False,Northeast,7905.5,4905.083333333333,6072.916666666667,6546.333333333333,7664.5,8409.888888888889,12.0,12.0,12.0,12.0,9.0,24262,2021,9050.138806712386,0.796073959021701,0.9375675644228091,0.9856943708850952,0.9827282579268336,0.9802377521503608,7112.5212745126655,9043.247455515468,9620.32967169801,9316.776656535498,
allwashedup_000264::5,1,5162.857712755726,5912.613165922124,6231.690234982815,6359.689239922959,6460.8884537643,6267.783971050301,6267.783971050301,7746.153846153846,1,False,Northeast,8884.5,7241.666666666667,7939.833333333333,8785.083333333334,9281.625,,12.0,12.0,12.0,8.0,,24275,2022,6233.420463073435,0.8237134107687791,0.9433339108736607,0.9942413879874935,1.014663120059203,1.03080905206783,5053.689352705299,6078.5128921790065,6674.964237213782,,
allwashedup_000264::6,1,6285.76194475214,7678.058684323467,8211.611101708932,8246.645022716726,8229.357807274837,8252.49847253961,8252.49847253961,,0,False,Northeast,11179.0,7167.75,9668.833333333334,11572.7,,,12.0,12.0,10.0,,,24285,2023,9838.4130365921,0.7616798676992388,0.9303920152027164,0.9950454555106273,0.9992907057368915,0.9971959200790192,7462.548111246498,9614.460087826972,10707.085913945586,,
allwashedup_000264::7,1,6484.974490833203,7738.033942104903,8186.141974267266,8183.320378614054,8163.900300384293,8276.36682010204,8276.36682010204,,0,False,Northeast,12902.0,8055.333333333333,11623.333333333334,13752.25,,,12.0,12.0,8.0,,,24287,2023,10149.546482816775,0.7835532947962365,0.9349554110277463,0.9890984960193365,0.9887575740043337,0.986411124329992,7813.154175271072,9897.096006282909,,,
allwashedup_000264::8,1,6256.348401208342,7535.6170806932605,8007.2167282982,8019.451998137109,8001.324980601173,8075.819497286543,8075.819497286543,,0,False,Northeast,8165.0,5659.916666666667,8294.916666666666,,,,12.0,12.0,,,,24295,2024,10051.898392182968,0.7747013666304033,0.9331086564311164,0.9915051631588109,0.9930202130980795,0.9907756090003744,7742.839716335867,10012.831436643379,,,
alohacw_000323::1,1,4376.778266912128,5107.165822914393,4919.436374228644,4500.785000501421,4489.828842940945,5116.466435080926,5116.466435080926,6507.2307692307695,1,False,West,4553.5,3415.0833333333335,8275.5,4183.833333333333,5174.416666666667,4895.75,12.0,12.0,12.0,12.0,12.0,24258,2021,3857.789245346405,0.855429879672982,0.9981822196462067,0.9614909892692053,0.8796666718346668,0.8775253194580822,3281.260956473347,4044.6617024575953,4021.3216848660427,3586.8458161071035,3445.3008296001876
alohacw_000323::2,1,4933.548390513676,5762.604261699939,5561.0777631442115,5103.547261618783,5099.135066088402,5774.318019814346,5774.318019814346,11051.346153846152,2,False,West,5930.0,7816.0,7190.416666666667,6643.833333333333,6413.916666666667,7817.666666666667,12.0,12.0,12.0,12.0,3.0,24268,2022,5236.896967791832,0.8543949906438124,0.9979714040559922,0.9630709192083967,0.8838355012845084,0.883071394507701,4428.390111839515,5570.045297089303,5312.4107915505165,4856.190255027736,
alpineshell_000609::1,1,3690.5279263305624,4610.805631627882,5230.777113346069,6095.388882778242,6927.147954797631,4683.701706938042,4683.701706938042,,0,False,West,2160.0,2288.0,2103.8333333333335,2226.8,,,12.0,12.0,5.0,,,24290,2024,3263.417161693667,0.7879511030481989,0.9844362259017951,1.1168040666632626,1.3014041593957715,1.4789899930083799,2528.1043651341806,3378.6273505726754,,,
altontowncw_000530::1,1,5888.7093693692295,6676.550325912306,6605.393591760872,6565.744977806793,6561.808549524815,6819.916629194117,6819.916629194117,2991.4615384615386,3,False,South,7492.0,2910.9166666666665,5746.333333333333,6870.416666666667,6408.0,,12.0,12.0,12.0,2.0,,24281,2023,6047.757755409497,0.8634576769107917,0.9789782909268859,0.9685446246490854,0.9627309738216904,0.9621537778681318,5130.34603153188,6320.3924415057045,6341.27600984098,,
americanpride_000238::4,1,7482.786051332639,9239.621220188392,9762.2305401247,10322.19360011352,10609.010611835723,9629.169757624735,9579.146317203722,10589.23076923077,8,True,South,17049.0,9575.166666666666,15387.5,17546.75,18737.666666666668,17887.333333333332,12.0,12.0,12.0,12.0,12.0,24256,2021,10654.677906848861,0.7770956624175713,0.959544950681975,1.0138185104063204,1.07197129762304,1.101757563619139,8245.261357663503,10900.564109927314,11563.961003207274,11933.879972902852,12383.35474961641
americanpride_000238::5,1,8620.747466408373,10851.689230970152,11478.946899604658,12069.91363815236,12340.929498762507,11357.26188072282,10054.715084971494,12075.115384615385,6,True,South,10719.5,7431.583333333333,8924.75,10929.666666666666,11363.666666666666,,12.0,12.0,12.0,9.0,,24274,2022,12315.783894518645,0.7590515704353659,0.9554846357280184,1.0107142918918142,1.0627485537371606,1.0866113354055267,9201.091008264591,12273.149219723915,13056.540900426098,,
americanpride_000238::6,1,8054.433878484743,9922.112889211674,10261.249590863845,10506.702675265158,10591.387560351272,10335.008310918573,10311.052268649308,10589.23076923077,8,True,South,15640.0,11563.583333333334,16955.25,16979.14285714286,,,12.0,12.0,7.0,,,24288,2023,12266.37214075258,0.7793350170773948,0.9600488544096584,0.9928632161836963,1.0166128907864735,1.02480687404594,9490.441676786893,12173.485509480543,,,
anchorcw_000452::1,1,4449.194545409032,5624.09478487642,6063.935943896554,6153.178595993179,6169.659577874035,5997.142240964278,5997.142240964278,,0,False,Midwest,4277.5,2649.9166666666665,2863.25,4122.083333333333,4370.375,,12.0,12.0,12.0,8.0,,24272,2022,4434.176296498148,0.741885779366415,0.9377957965479444,1.0111375885794458,1.0260184515823343,1.0287665908157646,3265.8489972793827,4477.515143347445,4853.844353766964,,
annascw_000502::1,1,5909.966079569375,7689.358826008577,7605.697698639825,7052.498593969033,6926.433870501632,7871.416961833179,7969.146160095442,8212.76923076923,7,True,West,2118.5,2770.4166666666665,3056.0833333333335,2446.8333333333335,2173.1428571428573,,12.0,12.0,12.0,7.0,,24276,2022,8368.829403419213,0.7508134949813406,0.976870983114303,0.9662425120557366,0.895963030311454,0.8799475245799366,6203.141749857005,8641.747625475846,8560.266279401332,,
aquabreeze_000406::1,1,5996.25841719969,7195.510213469497,7298.561834620348,7338.418606841947,7336.795427095694,7450.438739233872,9312.29519709676,7620.692307692308,4,True,South,15505.0,7236.0,12370.083333333334,14782.0,15796.857142857143,,12.0,12.0,12.0,7.0,,24276,2022,9151.4276160198,0.8048195048733847,0.9657834209921188,0.9796150388011725,0.9849646260693308,0.9847467624235692,7200.85800845525,9419.659301003032,9582.932021688017,,
aquawave_000292::3,1,6370.378039733896,8006.419438554104,8223.413468079603,8254.24155859341,8204.22171523983,8376.577796151989,7375.698716118216,9063.384615384615,13,True,South,8399.5,4045.9166666666665,7592.5,8780.0,6611.0,,12.0,12.0,12.0,1.0,,24282,2023,7859.231426472156,0.7604988808986295,0.9558103122055492,0.9817151667662245,0.9853954394580114,0.9794240458207962,5915.504732059226,7890.157352530562,8309.908866085247,,
arcowash_000251::1,1,5273.662521246967,6614.98743827844,6580.187037792199,6207.085055700787,6204.39346122394,6724.768671702287,6724.768671702287,,0,False,West,1806.0,2360.75,2538.1666666666665,2341.5,2051.8333333333335,1940.3333333333333,12.0,12.0,12.0,12.0,12.0,24258,2021,6127.743048274499,0.784214711122845,0.9836750914740302,0.9785001327230057,0.9230183756089776,0.9226181247441154,4724.530625650846,6424.196561144026,6557.899405961906,5999.240016258668,5963.9566267231885
atlanticcitycw_000331::1,1,6298.677420111527,7835.508210079064,8449.239660679894,8514.452081349877,8498.353966291039,8453.092205881334,8453.092205881334,,0,False,Northeast,12320.0,8974.583333333334,12287.583333333334,13330.083333333334,12196.75,12312.714285714286,12.0,12.0,12.0,12.0,7.0,24264,2021,10184.28226604226,0.745132936764744,0.9269398723259425,0.9995442442709,1.007258867403085,1.0053544619302996,7460.833119574528,9928.007692151523,11036.148853899034,10762.712730444748,
autobahnauto_000404::1,1,4120.327977536194,5359.8106482919275,6184.746298844381,7314.833668268246,8319.31727534431,5486.507745408134,5486.507745408134,2228.0,1,False,West,7720.5,5181.583333333333,6251.0,7764.833333333333,7852.5,7778.2,12.0,12.0,12.0,12.0,5.0,24266,2022,4065.385293617216,0.7509928298168635,0.9769075151270417,1.1272646619373918,1.3332403794363195,1.5163228890558047,2999.498979741355,4239.667119476985,4827.107337479525,5670.583657130061,
autobahnauto_000404::3,1,4327.506232450373,5410.446833768878,5402.183199684448,5139.747190803327,5167.07001654475,5496.74198378505,5496.74198378505,7205.461538461538,1,False,West,2686.0,35.333333333333336,896.8333333333334,2732.9166666666665,2259.375,,12.0,12.0,12.0,8.0,,24275,2022,4317.258139528958,0.7872856767183489,0.9843006729675986,0.9827973034973183,0.9350533836161803,0.940024114609562,3384.7763935191397,4530.844138130547,4542.323383191149,,
autobrite_000360::1,1,7052.593774932779,8493.627518962761,8605.460861475602,8614.625351908015,8586.18351980722,8801.839072451452,8801.839072451452,,0,False,South,7533.0,2684.5833333333335,4653.916666666667,6956.916666666667,7888.666666666667,8379.0,12.0,12.0,12.0,12.0,3.0,24268,2022,9163.894205210814,0.8012636582968699,0.9649832778182289,0.9776889568919196,0.9787301586631605,0.9754988075936081,7227.057262012201,9222.955242480586,9437.134137908057,9524.38505309074,
autosoak_000459::1,1,5523.757216957921,6328.529383862787,6383.011520958069,6056.611498026769,5951.2216444555625,6667.871776218998,6667.871776218998,9335.423076923076,2,False,Midwest,7088.0,4774.0,5339.416666666667,5941.25,7343.875,,12.0,12.0,12.0,8.0,,24275,2022,5268.9477229997,0.8284138331301498,0.9491078407406577,0.9572786842907081,0.9083275295766347,0.8925219086666645,4333.285761291558,5169.456961427688,5460.405716902058,,
autosportcw_000436::1,1,7229.575997173911,8430.21708978926,8302.090802424915,8065.390046241435,7923.536134555093,8670.275752665042,8670.275752665042,10890.846153846154,2,False,South,7026.5,4550.583333333333,7158.416666666667,7534.5,7678.6,,12.0,12.0,12.0,10.0,,24273,2022,9280.30822166062,0.833834609579944,0.9723124535223698,0.9575348050346661,0.9302345480490999,0.9138736022461086,7682.249636140654,9715.923222430793,9513.12155450873,9057.432095340639,
autosudsexp_000435::1,1,6565.902239187174,8257.096354476436,9310.340498138692,10045.031654610006,10449.055435180366,8927.29177421472,8927.29177421472,9308.692307692309,1,False,Northeast,8146.5,6735.25,7574.0,8718.666666666666,8046.333333333333,,12.0,12.0,12.0,9.0,,24274,2022,10746.745833560008,0.7354864616559188,0.9249273534809231,1.0429076066529333,1.1252048111190593,1.1704619608559288,7803.089373737803,10507.133625432978,12133.481916746865,,
bashamagical_000650::1,2,4920.08078228684,6208.193373689947,6785.82146831563,7049.823485861437,7171.72054477104,6618.61461116438,6618.61461116438,3059.2307692307695,4,False,Midwest,10195.5,10075.916666666666,10168.0,,,,12.0,12.0,,,,24295,2024,4949.90647236732,0.7433701871668994,0.9379898571549811,1.025263120301521,1.0651509265956787,1.0835682338526966,3597.485383979718,4948.365103942724,,,
beachbumexp_000488::1,1,4833.72005353537,5827.137498716177,5760.779902160371,5462.848371892019,5526.2359088601925,5877.324014913048,5877.324014913048,3502.9166666666665,5,False,West,5868.0,2998.6666666666665,4719.75,6327.166666666667,5581.818181818182,,12.0,12.0,12.0,11.0,,24272,2022,4619.345849810706,0.8224355235937904,0.991460992099546,0.9801705482874589,0.9294788509244438,0.9402639525807989,3777.462804495832,4810.497422454785,4847.1694755304925,4569.797294308625,
bigdans_000378::1,1,7125.204505585851,8096.682596354064,8098.916606564325,8238.727515857661,8372.084452983332,8275.149006140931,8275.149006140931,6814.692307692308,1,False,South,20886.0,16755.583333333332,21317.666666666668,21851.916666666668,21884.5,20980.333333333332,12.0,12.0,12.0,12.0,9.0,24262,2021,8084.332745299947,0.8610363995014815,0.978433450605611,0.9787034167667765,0.9955986906995582,1.011714042462615,6889.359395787417,8430.2814226623,8532.724490387354,8431.512679428633,
bigdans_000378::10,1,5459.31962604012,6677.434889115026,7026.297926894152,7439.430751170768,7666.334124913391,6944.179332001049,7821.720058525432,7494.038461538462,4,True,South,13321.0,13118.416666666666,14321.666666666666,14165.583333333334,14241.0,,12.0,12.0,12.0,8.0,,24275,2022,7445.156159580833,0.7861720392043722,0.9615873337750974,1.0118255291182752,1.0713189270454808,1.103994260284209,5722.533060967142,7529.092955094558,7901.637668600905,,
bigdans_000378::11,1,7178.669517423732,8443.188333136279,8542.749660622361,8689.552643381829,8788.931297896434,8701.404707816278,8701.404707816278,8669.923076923076,1,False,South,15777.5,14586.166666666666,17052.166666666668,17591.166666666668,16371.916666666666,14493.0,12.0,12.0,12.0,12.0,2.0,24269,2022,8855.588095886367,0.8250012220412289,0.9703247483193087,0.98176673163456,0.9986379136665366,1.0100589034781398,7264.2345214607385,9161.737402791025,9203.693281987044,9347.1998950851,
bigdans_000378::12,1,5717.071202361095,6830.108224827719,6958.491366641647,7066.393338246686,7112.441440993663,7064.831603783712,8502.323976120928,7710.923076923077,7,True,South,16430.5,13728.25,16019.083333333334,16588.583333333332,15878.25,,12.0,12.0,12.0,8.0,,24275,2022,8224.911281227765,0.8092296494794303,0.9667757998888067,0.98494794453627,1.0002210575637978,1.006738991087127,6587.4321957093825,8362.518785743667,8659.615618533184,,
bigdans_000378::13,1,7787.6317260585565,9712.771996508402,10822.407253152009,12455.355651198031,13498.82979892407,10144.734182011252,8268.39169346471,10652.311965811963,4,True,South,18425.0,15941.416666666666,17738.583333333332,17738.166666666668,20283.5,,12.0,12.0,12.0,4.0,,24279,2023,9493.528635904808,0.7676526152718388,0.9574200587464567,1.0668004758904786,1.2277656001360782,1.330624297959461,7164.989134901691,9607.930242683042,10907.910062528797,,
bigdans_000378::14,1,6400.873956191567,7285.263502131747,7202.032690062489,7131.010260889758,7106.514781668993,7448.789600793478,7448.789600793478,,0,False,South,6655.5,6402.583333333333,6906.583333333333,6955.333333333333,8203.75,,12.0,12.0,12.0,4.0,,24279,2023,7350.752675585092,0.8593173252617738,0.9780466213404241,0.9668728848637765,0.9573381237845853,0.9540496057120443,6280.630381165046,7674.815861988021,7773.283503587438,,
bigdans_000378::15,1,10465.45236360621,13359.23688957667,13899.225652597966,14134.827687137033,14138.762263508446,14023.883804314071,9022.28775013029,15408.875,7,True,South,12608.0,10106.75,13273.666666666666,12893.375,,,12.0,12.0,8.0,,,24287,2023,12985.496901152703,0.7462592039151661,0.9526060737516279,0.9911110107973259,1.0079110668892473,1.0081916294228732,9590.945493187286,13183.736655361177,,,
bigdans_000378::16,1,5243.937796552541,6442.393226540582,6954.284371559475,7623.298289670401,8013.641081759291,6706.406353493567,6706.406353493567,,0,False,South,8419.0,7211.083333333333,8022.833333333333,8515.666666666666,,,12.0,12.0,9.0,,,24286,2023,6175.880243139768,0.7819296237277387,0.9606326975973574,1.0369613776738686,1.1367188159869253,1.1949232807201948,4747.769984022052,6239.306844611876,,,
bigdans_000378::17,1,7647.4308201467,9240.610711560248,9386.24153767267,9421.950365887637,9402.838074971016,9583.215849612294,9077.715011319611,9785.192307692309,8,True,South,10536.5,8073.416666666667,10083.916666666666,11064.222222222223,,,12.0,12.0,9.0,,,24286,2023,10603.522416240803,0.7980025640825038,0.9642494603660726,0.9794459067779848,0.9831720910542591,0.9811777405964851,8313.15086108691,10914.809493867204,,,
bigdans_000378::19,1,7683.988586054845,9677.829047094476,10840.388183766949,12515.643715242692,13574.1323394507,10129.92437813315,8071.932751092039,10652.311965811963,4,True,South,14962.0,10929.833333333334,14329.416666666666,15869.25,,,12.0,12.0,8.0,,,24287,2023,9356.41743037119,0.758543528976564,0.9553703152992351,1.070135153937322,1.235512057943833,1.3400033240872313,7067.726142721024,9530.696852836485,,,
bigdans_000378::21,1,9415.213007791748,12031.570640292255,12578.104481710863,12893.20352237789,12960.340114387662,12633.078082420929,9272.839149936006,13030.346153846152,6,True,South,14503.0,15590.916666666666,15207.166666666666,14512.0,,,12.0,12.0,3.0,,,24292,2024,11954.091975670572,0.7452825785105471,0.9523863116966182,0.9956484397269291,1.0205908202466452,1.0259051697323174,8768.86826919611,11874.080384191677,,,
bigdans_000378::22,1,4750.281062486345,5619.761403914422,5699.862892299146,5774.481891249728,5809.948834925121,5799.607456145327,6838.717842175275,6741.461538461539,12,True,South,10260.0,9594.75,10146.166666666666,12268.5,,,12.0,12.0,4.0,,,24291,2024,6248.646552036242,0.8190694108879552,0.9689899612015399,0.9828014974116066,0.9956677128433966,1.0017831170226592,5081.041766334751,6259.083002333913,,,
bigdans_000378::23,1,5235.242296435986,6107.352139110969,6544.2042148307055,7338.80129537974,7897.213647636009,6281.92274802327,6281.92274802327,5263.221153846154,2,False,South,6225.0,6902.333333333333,6798.916666666667,7106.6,,,12.0,12.0,5.0,,,24290,2024,5837.146097064115,0.8333821516801296,0.9722106406088433,1.0417517816324575,1.168241251882481,1.2571332002006905,4829.374184725291,6110.500146741636,,,
bigdans_000378::29,1,9511.073506788824,12086.93697249139,12471.645696820886,12538.266718046329,12459.381030662087,12676.1473120003,9613.67471710315,13562.615384615385,5,True,South,11102.0,9369.583333333334,11423.583333333334,11906.0,,,12.0,12.0,2.0,,,24293,2024,12772.652959299821,0.7503126362206952,0.9535181845866438,0.98386721058489,0.9891228312072832,0.9828996716428972,9461.027251864714,12873.888596599876,,,
bigdans_000378::3,1,4528.666794692183,5388.139605201914,5514.621484638988,5653.973160297025,5727.114117327673,5567.980027114261,6595.297024229342,5599.5,10,True,South,12911.0,8607.833333333334,11064.916666666666,12635.666666666666,13114.333333333334,14619.333333333334,12.0,12.0,12.0,12.0,3.0,24268,2022,5662.293699381716,0.8133410631214626,0.9677009577914103,0.9904168940593474,1.0154442244339967,1.0285802192964917,4502.585791528683,5839.829442690932,6079.8873290748015,6032.518848419393,
bigdans_000378::4,1,7020.835277422298,8195.703800828012,8193.758134872769,8154.230429610136,8126.724917068215,8431.27167434384,8431.27167434384,,0,False,South,16583.5,14067.416666666666,16699.666666666668,16955.083333333332,17186.083333333332,19277.666666666668,12.0,12.0,12.0,12.0,3.0,24268,2022,8582.858334248336,0.8327136817078892,0.972060220259222,0.9718294524663678,0.9671412266815297,0.9638789059303648,7106.332134109703,8763.124669336132,8785.800805178143,8673.213232791884,
bigdans_000378::5,1,9502.84828578379,12103.468880831895,12559.5548579,12725.16105668329,12702.562522679977,12699.574350893248,8732.713285779602,12864.53846153846,11,True,South,16273.5,14579.333333333334,19141.416666666668,18644.5,17158.11111111111,,12.0,12.0,12.0,9.0,,24274,2022,11649.336613935377,0.7482808496739412,0.9530609882197016,0.9889744735434066,1.002014768769651,1.0002352970032038,8627.380942131367,11832.826257344212,12472.367853198266,,
bigdans_000378::6,1,4483.889072928498,5400.520699351034,5533.321454521926,5643.918811172113,5689.925468850575,5596.599360478126,6974.161119908684,5166.0,9,True,South,12888.0,7678.583333333333,10860.5,12874.25,13597.25,10634.0,12.0,12.0,12.0,12.0,1.0,24270,2022,5818.61918734375,0.8011810001253032,0.9649646779235702,0.9886935079893241,1.008455036290099,1.0166755028118497,4583.251759896489,5904.885283402396,6158.680776893675,6223.888709189784,
bigdans_000378::7,1,12337.837840936802,15458.426040058515,15941.141109706095,16111.911081342616,16085.57798103783,16162.154707403624,8894.493566490812,18744.53846153846,8,True,South,8992.0,8222.25,9073.666666666666,9070.5,9421.0,,12.0,12.0,12.0,4.0,,24279,2023,13889.286173325552,0.7633782787195469,0.9564582396292283,0.9863252393199599,0.9968912792278871,0.9952619729391208,10416.7188039366,14181.511962920482,14773.81004796144,,
bigdans_000378::8,1,6925.379283850401,8665.083667325593,9594.963570453703,10915.779025240116,11740.440996336894,9056.824314086463,8684.956627924039,9099.846153846154,7,True,South,20780.0,15123.75,20741.833333333332,20261.666666666668,21442.0,,12.0,12.0,12.0,11.0,,24272,2022,9419.988912442923,0.76465867545637,0.9567463568712954,1.0594180959798734,1.2052545844642633,1.2963087931468968,7173.112265521759,9609.273011678077,10467.800702514014,11911.855193378846,
bigdans_000378::9,1,7048.8115511616825,8247.326526252747,7629.563223659926,6714.924448708373,6221.320459474028,8489.037093310137,8489.037093310137,9122.346153846152,2,False,South,12540.0,8987.666666666666,11499.333333333334,13046.166666666666,12694.416666666666,,12.0,12.0,12.0,12.0,,24271,2022,8513.415025240236,0.8303428850271561,0.9715267392048657,0.8987548457848621,0.7910113214136066,0.7328652697697359,6957.724971459499,8626.384473688611,8099.933781823148,7045.374717253346,
bigpeachcw_000300::1,1,6863.893092040712,8281.150003350709,8396.438311937014,8408.126619726892,8380.399781157832,8585.170589353795,8585.170589353795,,0,False,South,11148.5,7891.333333333333,12110.416666666666,12795.666666666666,13444.75,11827.666666666666,12.0,12.0,12.0,12.0,12.0,24257,2021,8959.03652033608,0.7995057314938405,0.9645877058773774,0.9780164790609028,0.9793779322397567,0.9761483122478786,7110.972289923814,8933.229725307201,9229.2589413062,9239.846746752473,8289.054327256466
bigpeachcw_000300::10,1,7577.9641153232415,9062.317505151052,9466.74680326282,10016.28118633526,10342.244716114566,9375.919397592988,9375.919397592988,9561.252136752137,2,False,South,9497.0,7031.5,9535.75,11181.75,,,12.0,12.0,4.0,,,24291,2024,10795.753927802594,0.808236909253793,0.9665524116469638,1.0096873065795713,1.0682985594891812,1.1030645931928187,8662.39042489605,11235.54675248074,,,
bigpeachcw_000300::12,1,4107.044306213656,5000.64521668825,5262.571675249922,5580.603630591021,5757.179932573244,5195.064218697087,7068.049649281539,4923.076923076923,4,True,South,7013.5,6146.666666666667,7157.916666666667,6315.0,,,12.0,12.0,6.0,,,24289,2024,5731.015069437339,0.7905666096354234,0.9625762081421205,1.0129945374515055,1.0742126363917455,1.1082018797482995,4472.85622535845,5831.312662188829,,,
bigpeachcw_000300::13,1,6719.66922157028,7952.234703838669,7997.525130039222,7979.944702847609,7953.28262427961,8207.35895838431,8207.35895838431,,0,False,South,9256.5,8183.5,9260.916666666666,,,,12.0,12.0,,,,24295,2024,8571.362074243278,0.8187370938255033,0.9689151826014608,0.9744334530256253,0.9722914208224823,0.9690428631922885,6861.059939944406,8851.200988421288,,,
bigpeachcw_000300::3,1,6789.574958955524,8231.19024281877,8319.565690963587,8286.592952416422,8230.939183508806,8542.813838251808,8542.813838251808,,0,False,South,8906.5,7328.333333333333,10127.833333333334,9688.666666666666,9114.375,,12.0,12.0,12.0,8.0,,24275,2022,8759.060178395282,0.7947703283143221,0.9635221366948564,0.9738671412587042,0.9700074365792549,0.963492748332343,6921.767575101935,8864.476280019739,9247.8829043335,,
bigpeachcw_000300::4,1,4125.541400152793,5073.190192231904,5395.178038389372,5791.993831824067,6015.088392389619,5282.211334872573,6109.356588281825,5837.115384615385,4,True,South,3364.0,2561.5,3674.4166666666665,2923.5,,,12.0,12.0,4.0,,,24280,2023,4983.963643766012,0.7810254339724022,0.9604292351461338,1.021386252149929,1.0965092959431528,1.138744365012182,3852.593538266505,5101.605089921293,,,
bigpeachcw_000300::5,1,6955.893710048334,8369.408313414791,8991.69028059466,9951.22697012243,10572.706167480044,8671.26432975801,8671.26432975801,10312.846153846154,1,False,South,8415.0,7363.5,8928.916666666666,8609.083333333334,,,12.0,12.0,12.0,,,24283,2023,9323.517643421263,0.8021775655226107,0.9651889269126175,1.0369526217459444,1.1476096900854296,1.2192808067442569,7353.150357355892,9463.945734682922,10574.066241126611,,
bigpeachcw_000300::7,1,7033.660433409675,8837.917423208126,9143.776761892916,9279.344715853384,9284.35976870552,9246.032472156206,6647.815079495703,11142.23076923077,5,True,South,4620.0,3860.9166666666665,5059.333333333333,4769.0,,,12.0,12.0,8.0,,,24284,2023,7308.946735656203,0.7607220128840193,0.9558605217776283,0.9889405849945664,1.0036028689924565,1.004145269515842,5435.9779420742925,7458.060785612582,,,
bigpeachcw_000300::9,1,4037.2731664955018,4703.635082261481,4637.808043353118,4515.945117825588,4444.198232652335,4836.561918855328,5701.665375233445,5237.115384615385,4,True,South,2924.5,2409.1666666666665,3283.5833333333335,3676.0,,,12.0,12.0,4.0,,,24291,2024,4553.626695896812,0.8347403040073155,0.9725162545576783,0.9589059586464986,0.9337097702027102,0.9188754961094648,3734.3930307453907,4651.447981730945,,,
bigrivercw_000344::1,1,7133.408051920634,8084.179496800677,7976.229979430412,7890.554034790584,7863.363632732365,8256.862506858322,8256.862506858322,,0,False,South,5862.5,7755.166666666667,8468.416666666666,8578.0,7741.833333333333,6093.090909090909,12.0,12.0,12.0,12.0,11.0,24260,2021,8597.618065130984,0.8639368823200673,0.9790861226144663,0.9660122077611427,0.9556358760045387,0.9523428089302554,7332.888541056745,8975.163462464514,9004.215123323771,8724.981223562503,9049.99114009151
bigrivercw_000344::3,1,7043.777887328005,8073.827162825929,8007.027627049857,7939.519241007079,7912.386546542223,8269.37256617474,8269.37256617474,,0,False,South,7586.0,6256.0,7654.583333333333,8336.916666666666,8541.5,7974.0,12.0,12.0,12.0,12.0,3.0,24268,2022,8479.34443931467,0.8517910918828425,0.9763530543842377,0.9682751095049236,0.960111444667894,0.9568303378792314,7170.368389559614,8823.395908586834,8854.284722854318,8664.846398877804,
bigrivercw_000344::4,1,5048.535531288907,5991.9831460393325,6192.503183093116,6459.526234700844,6615.46329177548,6188.437816429077,6188.437816429077,5457.538461538461,2,False,South,4154.5,2843.0,4397.0,4087.0,,,12.0,12.0,2.0,,,24293,2024,5719.786363548315,0.8158012863740901,0.9682545617783866,1.000656929387453,1.0438056301627658,1.0690037595938564,4584.325118147145,5963.279774824393,,,
blastcw_000602::1,1,6196.436235075867,7273.216444612805,7026.504544448914,6623.877925725706,6391.557183027606,7492.063080432884,9849.011250104895,7158.333333333333,3,True,South,15381.0,10281.5,15153.75,13888.25,,,12.0,12.0,4.0,,,24291,2024,9599.726959579788,0.8270667463090612,0.9707895364106526,0.9378597682659834,0.8841193479837846,0.8531104335894497,7906.587045506837,9936.359387359622,,,
blueiguanacw_000349::1,1,7300.555431647113,9399.496447539366,10626.53643552688,11616.827324962722,12161.02043511124,10044.010650555749,10263.267969932433,10981.153846153846,5,True,Midwest,14778.0,11096.583333333334,13474.5,13688.583333333334,14399.25,14095.7,12.0,12.0,12.0,12.0,10.0,24261,2021,10100.988230695228,0.726856599982116,0.9358309916785362,1.0579973284814168,1.1565924936887584,1.210773351224827,7226.343253375593,9858.969780491469,11209.49643372,12238.303937411278,13515.664423374921
blueiguanacw_000349::3,1,7224.991911955737,9358.024271003973,10618.993101878876,11655.47585270844,12221.31560227114,10006.43537802508,9786.46054684261,10981.153846153846,5,True,Midwest,11333.5,13245.833333333334,11654.75,11567.75,11476.083333333334,10842.75,12.0,12.0,12.0,12.0,4.0,24267,2022,9735.70149938111,0.7220345346777922,0.9352005901676965,1.0612163773324335,1.1647979937295934,1.2213455781776306,6978.648395920056,9411.90413667671,10937.236707385991,11985.990693272106,
blueiguanacw_000349::4,1,7088.880592052112,9147.356141099868,10203.86611518757,10893.855836037086,11230.833258449717,9777.043955529649,8859.511640165903,11560.846153846154,5,True,Midwest,8008.0,5607.083333333333,6494.666666666667,7432.583333333333,7677.0,,12.0,12.0,12.0,9.0,,24274,2022,8593.145296823792,0.7250535667319794,0.93559527631318,1.0436555426772445,1.1142279696795059,1.148694156386383,6185.407922698486,8656.772433478014,9586.574547056529,,
blueiguanacw_000349::5,1,7728.587589296148,9984.1617982329,11165.128781165857,11957.325247533656,12346.837476389275,10672.820245376322,9580.105561110797,11560.846153846154,5,True,Midwest,13552.5,7536.75,10496.916666666666,11734.0,13737.0,8740.0,12.0,12.0,12.0,12.0,1.0,24270,2022,10139.548136861478,0.7241373331143963,0.9354754946386582,1.0461273144746173,1.1203529125971934,1.156848629746029,7248.605431712327,10026.53031386916,11424.411192587617,11869.478328615001,
blueiguanacw_000349::6,1,6833.702360394778,8653.00063129285,9540.12431103302,10076.807366063344,10356.552347197658,9228.766727405897,7721.416436385769,11560.846153846154,5,True,Midwest,5285.0,3706.6666666666665,4666.25,5193.75,4909.166666666667,,12.0,12.0,12.0,6.0,,24277,2023,7302.03892007776,0.7404783935107281,0.9376118052260177,1.033737723882706,1.0918910038260141,1.122203285997323,5286.319883727489,7296.822980701326,8255.774543118714,,
blueiguanacw_000349::7,1,7218.361357053804,9432.445140807644,10774.28877069427,11891.14409568222,12485.996885114995,10095.977559139314,9274.731332693,10981.153846153846,5,True,Midwest,12644.5,11170.583333333334,11876.083333333334,12710.166666666666,9226.0,,12.0,12.0,12.0,1.0,,24282,2023,8945.977996008425,0.7149739898658384,0.9342775462361234,1.0671862836046935,1.1778100759463204,1.2367298572105216,6359.689689417369,8778.849671647078,10056.049717588914,,
bluepenguincw_000433::1,2,6299.2489330403105,7648.429798859656,7800.265261537344,7867.075917052178,7870.163736815482,7940.752484235332,8003.275934083362,8347.538461538461,6,True,South,6756.5,9686.75,9523.0,8614.416666666666,7453.333333333333,7359.25,12.0,12.0,12.0,12.0,4.0,24267,2022,8120.25187423294,0.7932811085027677,0.9631870296982534,0.9823080718134841,0.9907217146826546,0.9911105720068735,6375.434111320626,8335.789257559256,8591.08262973299,8440.562770082091,
bluepenguincw_000433::2,2,6910.811502253536,8322.862893950287,8982.899997672914,10092.16892983881,10867.185514420087,8624.874883694521,8624.874883694521,10432.222222222224,1,False,South,7930.5,9506.916666666666,9303.75,8026.333333333333,8222.583333333334,9472.0,12.0,12.0,12.0,12.0,4.0,24267,2022,9295.807856396568,0.801265130850599,0.9649836091749929,1.041510760307404,1.1701235166805994,1.2599818155002682,7322.95760056792,9433.811376757936,10481.260956621401,11496.745522068146,
bluepenguincw_000433::3,2,4980.952620138119,5814.675991368519,5870.215627278423,5941.5171533228795,5983.484581830588,5981.857778699443,7240.83183936565,6480.692307692308,13,True,South,3522.0,3414.3333333333335,3814.0,3778.5,3656.75,4268.5,12.0,12.0,12.0,12.0,4.0,24267,2022,6401.733541181807,0.8326765370240986,0.9720518618937691,0.9813365419989486,0.9932561710978468,1.0002719561700275,5237.030909585155,6642.990428556415,6725.454535693147,6660.945277772427,
bluerhinocw_000596::1,1,7121.483190196867,8760.981072307164,9108.905952665687,9421.154008124093,9558.9444293011,9122.799801870038,9127.973246987913,9153.517094017094,8,True,South,7164.5,5918.083333333333,7068.916666666667,7442.222222222223,,,12.0,12.0,9.0,,,24286,2023,10082.868304109892,0.7806247363596721,0.9603390694281478,0.998477019171077,1.032704236937535,1.04780819889763,7838.194210122562,10324.095565961914,,,
blueskycw_000466::1,1,5909.966079569375,7689.358826008577,7605.697698639825,7052.498593969033,6926.433870501632,7871.416961833179,7969.146160095442,8212.76923076923,7,True,West,3846.0,2386.1666666666665,2838.9166666666665,3502.1666666666665,3758.909090909091,,12.0,12.0,12.0,11.0,,24272,2022,8057.187162987411,0.7508134949813406,0.976870983114303,0.9662425120557366,0.895963030311454,0.8799475245799366,5954.173775092575,8209.012339930117,8395.798977640003,7542.784935806662,
bluewave_000567::1,1,7439.016621322166,8212.34199657335,8004.594139884609,7874.371349383458,7846.6951425525485,8332.554234252011,8332.554234252011,,0,False,South,16054.0,9058.666666666666,13359.666666666666,16387.666666666668,16431.0,,12.0,12.0,12.0,2.0,,24281,2023,8661.899344842894,0.8927654608887097,0.985573182688147,0.9606411089388076,0.9450129129690948,0.9416914576202483,7677.0896231911975,8824.853078264969,8727.94432543386,,
bluewave_000567::10,1,6274.370600031786,7115.092688051579,6535.418355603783,5790.7690869890985,5414.013875575442,7268.200655603285,7268.200655603285,8460.346153846154,2,False,South,9366.0,7809.5,9175.666666666666,9818.833333333334,8113.0,,12.0,12.0,12.0,1.0,,24282,2023,7234.050549590486,0.8632632610651271,0.9789345431136839,0.8991796821907254,0.7967266399731014,0.7448905351012302,6199.703152283981,7625.19611916416,6885.959152504355,,
bluewave_000567::11,1,10191.056308145093,13805.038570207184,14653.447727035593,15029.280180301035,15043.655496292711,14670.70270172221,9048.991580045828,17269.23076923077,11,True,South,13404.5,18983.416666666668,16439.0,13745.5,,,12.0,12.0,12.0,,,24283,2023,13333.159951315029,0.6946535905842297,0.9409936831851002,0.9988238481116115,1.0244417384681057,1.025421604005834,9143.58053847641,13262.318445531142,14235.610835494213,,
bluewave_000567::12,1,10372.97063000265,13846.293838497302,14512.81764626709,14685.52748397306,14599.4620919459,14671.111238333166,9256.427153956816,16995.990384615383,10,True,South,13094.0,18937.0,16678.083333333332,13261.25,,,12.0,12.0,12.0,,,24283,2023,13312.645258988923,0.70703373871911,0.9437794870179463,0.9892105247179587,1.00098262806448,0.9951163108762983,9202.406278893626,13390.644906859648,14076.905744768757,,
bluewave_000567::13,1,10140.903879413056,13716.076727816591,14668.23356798327,15233.86543647245,15367.664623829778,14571.71163933056,9722.171217446676,16467.18269230769,10,True,South,18592.5,18264.5,18893.416666666668,18269.583333333332,,,12.0,12.0,12.0,,,24283,2023,13751.541440981498,0.6959308645692456,0.9412810977397794,1.0066239252492608,1.0454410445067186,1.0546231633043615,9515.58157809835,13595.794595058082,14796.968357810561,,
bluewave_000567::14,1,10172.23822598688,13783.627857591724,14762.34097354355,15355.024371783644,15501.63046920928,14648.81326745708,9427.258647937397,16995.990384615383,10,True,South,11680.0,16252.083333333334,13668.083333333334,11642.5,,,12.0,12.0,12.0,,,24283,2023,14063.406015378989,0.6944069830274177,0.940938191096517,1.0077499592638455,1.0482094413678846,1.0582174942216491,9665.35353485104,14103.21775869255,15003.055725975108,,
bluewave_000567::15,1,10185.168812259222,13688.56289780259,14498.113092959124,14869.977993015296,14895.04651367614,14523.954161175316,9488.528074802967,16467.18269230769,10,True,South,16695.5,21017.333333333332,18287.083333333332,16764.416666666668,,,12.0,12.0,12.0,,,24283,2023,13893.27247487569,0.7012669345573734,0.9424818300786263,0.9982207966281477,1.023824354442329,1.0255503665450012,9578.79883595022,13770.751872387424,14956.280614022595,,
bluewave_000567::16,1,8149.371595648568,9378.430227768718,8525.905927480146,7423.225990257363,6884.065158045076,9614.912628669244,9614.912628669244,21645.846153846152,1,False,South,19395.5,16215.25,22042.083333333332,19342.636363636364,,,12.0,12.0,11.0,,,24284,2023,11363.60683200695,0.8475762505994279,0.9754046230024602,0.8867377434151658,0.7720534004774183,0.715977921371696,9462.50658067574,11832.52976159242,10787.41707389728,,
bluewave_000567::17,1,11927.498062292963,15382.28702746283,15691.395337405716,15442.478633251749,15144.029998173572,16182.79544442434,10552.483836383872,16740.423076923078,4,True,South,28791.0,30553.666666666668,30293.5,28912.0,,,12.0,12.0,11.0,,,24284,2023,15601.67052843974,0.7370480646100296,0.95053336614736,0.9696344115139927,0.9542528474938079,0.9358105062986094,11451.345780459997,15811.81747154171,16314.41705932422,,
bluewave_000567::18,1,8197.105904108654,8923.342097526407,8710.63351961389,8672.883554836502,8726.184733519967,9021.258485055112,9021.258485055112,,0,False,South,16788.5,30080.0,23772.083333333332,16493.545454545456,,,12.0,12.0,11.0,,,24284,2023,9591.717294507072,0.908643280501077,0.9891460390264932,0.9655674464980897,0.9613828901149726,0.9672912873493235,8578.192200673324,9895.2559695237,9714.414992589265,,
bluewave_000567::19,1,8815.230329256878,9565.026934339085,8668.475384415573,7667.21603497229,7190.014477527976,9661.76468923628,9661.76468923628,20689.30769230769,1,False,South,20526.0,21704.083333333332,22763.0,20644.363636363636,,,12.0,12.0,11.0,,,24284,2023,10595.467285797335,0.9123830493488951,0.9899875687300719,0.8971938008460002,0.7935626960066597,0.744171971558988,9451.35831837898,10843.146592574978,10063.355084650182,,
bluewave_000567::20,1,10376.73680194116,13962.97058331724,14749.298901975852,15059.942771205298,15044.33756063377,14818.724354761262,10034.833103559366,16467.18269230769,10,True,South,17564.5,15752.166666666666,18002.666666666668,17598.0,,,12.0,12.0,12.0,,,24283,2023,14510.908953033719,0.7002449437293914,0.9422518598121391,0.9953150182753009,1.0162779474581787,1.0152248736444052,10087.666051865583,14572.303936163633,15438.648841685224,,
bluewave_000567::21,1,10536.14355840684,14263.94493260036,15084.491074938507,15385.69128110825,15349.594426179125,15156.573996791252,10233.1513695945,16995.990384615383,10,True,South,15943.5,15585.083333333334,16615.083333333332,15896.454545454546,,,12.0,12.0,11.0,,,24284,2023,15516.677378179984,0.6951533744128068,0.9411061454666557,0.9952441150705954,1.0151166935460152,1.0127350962974044,10648.643461884905,15436.079059894837,16632.55742848859,,
bluewave_000567::22,1,6701.605397186137,7737.013771064429,7697.624311414619,7643.774068334511,7617.787002444995,7938.2609972734335,7938.2609972734335,,0,False,South,21525.5,15999.75,21224.583333333332,21265.1,,,12.0,12.0,10.0,,,24285,2023,8128.8552887003325,0.844215804883204,0.9746484492915858,0.9696864734050107,0.9629028411839734,0.9596291939836051,6823.398375366126,8530.867839348524,8545.664310501848,,
bluewave_000567::24,1,9994.03131499794,13552.588831850708,14242.389045299817,14365.112209011992,14228.823741921697,14405.480667138305,9264.591651824554,16722.75,11,True,South,17029.0,14552.916666666666,16358.416666666666,17319.363636363636,,,12.0,12.0,11.0,,,24284,2023,13731.000995797596,0.6937659038199442,0.9407939342674481,0.9886785019113918,0.997197701412463,0.9877368253584486,9313.481493176268,13568.460743505371,14511.469863032415,,
bluewave_000567::25,1,9994.03131499794,13552.588831850708,14242.389045299817,14365.112209011992,14228.823741921697,14405.480667138305,9264.59165182457,16722.75,11,True,South,24665.0,24602.666666666668,28680.75,23031.81818181818,,,12.0,12.0,11.0,,,24284,2023,13242.794888275459,0.6937659038199442,0.9407939342674481,0.9886785019113918,0.997197701412463,0.9877368253584486,9135.040171349263,13278.247561346236,13790.94717360307,,
bluewave_000567::26,1,9994.031314997925,13552.588831850684,14242.389045299791,14365.112209011968,14228.82374192167,14405.480667138278,9264.591651824538,16722.75,11,True,South,25992.0,22270.333333333332,26820.333333333332,26538.0,,,12.0,12.0,11.0,,,24284,2023,13042.528319945297,0.6937659038199445,0.9407939342674482,0.988678501911392,0.9971977014124632,0.9877368253584486,8955.459821518503,12888.13783928761,13959.810203278208,,
bluewave_000567::27,1,7022.0422975819265,8665.47220255629,8806.006220731446,8760.6483949013,8676.053600833598,9029.59956576448,7208.605996262921,9536.076923076924,15,True,South,8076.5,9576.75,8797.416666666666,8545.4,,,12.0,12.0,10.0,,,24285,2023,8105.535830105191,0.7776692915825237,0.9596740297777134,0.975237734142632,0.9702144963456738,0.9608458866469182,6197.26143491876,8290.334854614757,8462.492627194286,,
bluewave_000567::28,1,7022.0422975819265,8665.47220255629,8806.006220731446,8760.6483949013,8676.053600833598,9029.59956576448,7208.605996262921,9536.076923076924,15,True,South,7825.5,5975.75,7287.166666666667,8435.3,,,12.0,12.0,10.0,,,24285,2023,8055.283875085089,0.7776692915825237,0.9596740297777134,0.975237734142632,0.9702144963456738,0.9608458866469182,6154.418375472319,8129.890680054713,8471.957820052823,,
bluewave_000567::29,1,7022.0422975819265,8665.47220255629,8806.006220731446,8760.6483949013,8676.053600833598,9029.59956576448,7208.605996262908,9536.076923076924,15,True,South,17352.5,12455.833333333334,16057.833333333334,17711.3,,,12.0,12.0,10.0,,,24285,2023,8018.621713778686,0.7776692915825237,0.9596740297777134,0.975237734142632,0.9702144963456738,0.9608458866469182,6209.895498654862,8214.85807417825,8202.53117086408,,
bluewave_000567::30,1,7022.042297581938,8665.472202556304,8806.006220731462,8760.648394901316,8676.053600833611,9029.599565764496,7208.605996262921,9536.076923076924,15,True,South,18376.5,17919.666666666668,19459.833333333332,18296.3,,,12.0,12.0,10.0,,,24285,2023,8165.1935862346845,0.7776692915825236,0.9596740297777133,0.9752377341426322,0.9702144963456739,0.9608458866469178,6249.8187011420805,8354.751783161928,8429.724872601715,,
bluewave_000567::31,1,7022.042297581938,8665.472202556304,8806.006220731462,8760.648394901316,8676.053600833611,9029.599565764496,7208.605996262921,9536.076923076924,15,True,South,8437.0,6714.75,8506.0,8761.0,,,12.0,12.0,10.0,,,24285,2023,7878.70197909946,0.7776692915825236,0.9596740297777133,0.9752377341426322,0.9702144963456739,0.9608458866469178,6082.690524509676,7885.852729331857,8318.170238149225,,
bluewave_000567::32,1,7022.042297581938,8665.472202556304,8806.006220731462,8760.648394901316,8676.053600833611,9029.599565764496,7208.605996262921,9536.076923076924,15,True,South,8303.0,8216.083333333334,9269.75,8701.5,,,12.0,12.0,10.0,,,24285,2023,8111.71379462781,0.7776692915825236,0.9596740297777133,0.9752377341426322,0.9702144963456739,0.9608458866469178,6262.585482609753,8047.145140618653,8652.197644008242,,
bluewave_000567::33,1,7509.951425764847,9309.567643112525,9480.018646163562,9442.150990630282,9353.19646579849,9710.519482839543,7338.800645583526,10066.692307692309,14,True,South,8849.0,9887.833333333334,10004.416666666666,9110.444444444445,,,12.0,12.0,9.0,,,24286,2023,8608.954511531405,0.7733830758525796,0.958709537585957,0.9762627697639326,0.9723631168565674,0.9632024818370927,6572.944991237446,8886.961249788423,,,
bluewave_000567::34,1,6889.493427576562,8508.68440388044,8649.820372425567,8607.037413168955,8524.284624161432,8867.799631277092,7284.574705440856,9382.153846153848,14,True,South,10260.0,11259.25,11009.333333333334,10364.333333333334,,,12.0,12.0,9.0,,,24286,2023,8220.078269570466,0.7769112648054244,0.95950345719021,0.9754190139701958,0.9705944846579057,0.9612626557433629,6243.73233207269,8337.237075436944,,,
bluewave_000567::35,1,7669.259217683514,9473.706886580829,9631.773538175872,9584.653496697778,9492.60665870827,9874.014503520342,7263.107691122741,10220.615384615385,14,True,South,8415.5,9320.583333333334,9195.416666666666,8624.0,,,12.0,12.0,9.0,,,24286,2023,8513.399293043885,0.7767113583790285,0.9594584738763758,0.9754668209917957,0.9706946949774684,0.9613725658721596,6574.769264114212,8705.541419720941,,,
bluewave_000567::36,1,6928.419978871093,8559.241749319597,8702.3662278849,8659.970503633795,8576.83987706512,8921.067133658587,7314.30351460082,9382.153846153848,14,True,South,13126.5,14939.75,15221.416666666666,13207.888888888889,,,12.0,12.0,9.0,,,24286,2023,8018.84037697081,0.7766357852784932,0.959441468277506,0.9754848940718602,0.9707325787248374,0.9614141165584641,6163.708843826139,8080.978084773354,,,
bluewave_000567::37,1,7649.964180885764,9451.908996179349,9610.555407342852,9564.070066169576,9472.328441193784,9851.768424438696,7243.254761461399,10220.615384615385,14,True,South,6065.5,6577.416666666667,6608.5,6522.111111111111,,,12.0,12.0,9.0,,,24286,2023,8536.871990943573,0.7765066992347235,0.9594124210971666,0.9755157646116122,0.9707972877686157,0.9614850890827216,6517.291014141283,8729.124874874422,,,
bluewave_000567::38,1,6842.73137491538,8499.457083328738,8662.920030802616,8632.723423420239,8552.2864294868,8869.450190288266,7325.912845099806,9382.153846153848,14,True,South,10603.5,9779.833333333334,10612.916666666666,10924.555555555555,,,12.0,12.0,9.0,,,24286,2023,8095.96974455288,0.7714944250330115,0.9582845498851037,0.9767144349362497,0.9733098713235647,0.9642408769431109,6136.389029223643,8159.122926026495,,,
riptideneuse_000337::2,1,4699.538781824939,5480.880565999111,5514.173416034803,5547.573313658304,5566.006647410515,5637.168651842898,6670.961694676932,5536.164835164835,4,True,South,8650.5,7009.833333333333,6386.0,7540.0,8987.75,9988.125,12.0,12.0,12.0,12.0,8.0,24263,2021,5603.319768645566,0.833670069510617,0.9722754284116206,0.9781813808661046,0.9841063229223587,0.9873762860706468,4637.519138942975,5815.824790031217,5942.23603383085,5769.059539595535,
riptideneuse_000337::3,1,6074.53988690635,6968.051304816089,7243.563498153574,7741.998062124938,8074.989901819107,7138.11588440277,9445.557667509647,6954.538461538462,3,True,South,12471.0,6036.5,8556.166666666666,11983.916666666666,13121.666666666666,15622.2,12.0,12.0,12.0,12.0,5.0,24266,2022,9238.398050259808,0.8510004580031546,0.9761751444861967,1.0147724715398938,1.0845996601206334,1.1312494827190276,7723.918463707848,9615.408501521031,9833.38435874843,10551.623380941044,
riptideneuse_000337::5,1,7744.07800791472,9310.309617709798,10022.624627793632,11136.823364568872,11865.440701990849,9644.324949811984,9644.324949811984,7473.923076923077,1,False,South,20264.0,12149.916666666666,13975.916666666666,19364.25,20662.916666666668,23064.333333333332,12.0,12.0,12.0,12.0,3.0,24268,2022,10361.580022512771,0.8029673458965825,0.9653666447532238,1.039225106987817,1.1547540571811596,1.2303028738389996,8259.808291713422,10432.50307215903,11612.562221577986,12706.015750830966,
riptideneuse_000337::6,1,6955.692852964734,8257.545996964564,8625.116536592755,9177.80911450715,9526.86466451132,8528.764313225349,8528.764313225349,17147.615384615383,1,False,South,9784.5,4363.333333333333,6322.666666666667,8864.5,10254.416666666666,10001.5,12.0,12.0,12.0,12.0,2.0,24269,2022,8973.5470725841,0.8155569315215698,0.9681995765974898,1.0112973251257507,1.0761006843951995,1.117027545214052,7195.178394579896,9137.11618480001,9715.140383513108,10277.654111885295,
riptideneuse_000337::7,1,5211.358521331239,6219.474029197998,6690.5959914300465,7436.933263937933,7923.543874268828,6431.660277486084,6431.660277486084,4463.115384615385,2,False,South,6746.5,4152.083333333333,5605.083333333333,6898.666666666667,9350.8,,12.0,12.0,12.0,5.0,,24278,2023,5605.884989959081,0.8102664469971322,0.9670091019840025,1.0402595446233942,1.1563006973441663,1.23195932813881,4516.373971033778,5603.768924767009,6288.952737408217,,
riptideneuse_000337::8,1,7761.240019396037,9716.669697929052,10004.103344172265,10088.459506662692,10059.03413671728,10157.269730167738,8740.600675524869,11119.81923076923,4,True,South,6293.0,3397.1666666666665,5791.166666666667,6767.666666666667,5825.0,,12.0,12.0,12.0,1.0,,24282,2023,10409.940824141875,0.7641069131348023,0.9566221982931027,0.9849205160378326,0.9932255197180916,0.9903285433920602,7896.751790322809,10613.419137700334,11042.823421130524,,
riptideneuse_000337::9,1,7000.4611213049475,8191.328260193557,8197.854375006036,8162.077517730984,8134.59141737437,8431.53813873116,8431.53813873116,,0,False,South,9743.5,6783.333333333333,9941.083333333334,14879.5,,,12.0,12.0,4.0,,,24291,2024,9227.347531112233,0.830270942990531,0.9715105506747133,0.9722845630441173,0.9680413447028863,0.9647814293820561,7563.3054063373465,9554.126771283449,,,
roadrunner_000462::1,1,5757.47981942213,7038.618820875033,7399.338060912153,7454.561662829067,7538.562874263704,7476.064606616617,7476.064606616617,6811.0,1,False,Midwest,8108.0,5959.666666666667,6455.25,8219.583333333334,8657.666666666666,,12.0,12.0,12.0,12.0,,24271,2022,5803.665102337312,0.7701217314690578,0.9414871581828724,0.989737040844115,0.9971237616421186,1.0083597816412357,4369.770491636428,5648.358031710137,6282.398539563181,6062.174168080389,
roadrunner_000462::2,1,6505.645035399585,8237.68898316712,8516.9463247929,8174.089349925584,7949.177005993105,8785.83059671103,6419.098641502225,11417.153846153846,3,True,Midwest,3714.0,4004.8333333333335,3712.4166666666665,4534.083333333333,4010.2727272727275,,12.0,12.0,12.0,11.0,,24272,2022,5811.823482261391,0.7404701199036285,0.9376107235952049,0.9693956912828724,0.930371836782916,0.9047723967007598,4278.955900045872,5867.469039531644,6107.993969880618,5715.115914416985,
roadrunner_000462::4,1,5437.692993782234,6619.691883124462,6970.208765405499,6937.812220580646,6926.901872307069,7027.5427544694985,7027.5427544694985,6213.615384615385,1,False,Midwest,6931.5,6598.583333333333,7219.583333333333,8199.333333333334,8084.5,,12.0,12.0,12.0,8.0,,24275,2022,5630.237620883724,0.7737687530003109,0.9419639430744631,0.9918415310917127,0.9872315918915208,0.9856790793484078,4311.725074725862,5606.097644508379,5882.045306675394,,
rocketwash_000183::5,1,7117.839641854897,8514.258054907043,8388.428047861695,8090.048159493504,7899.124100754422,8809.420225675529,8809.420225675529,21977.846153846152,1,False,South,6858.0,545.5,5723.333333333333,7579.666666666667,7163.75,,4.0,12.0,12.0,12.0,,24271,2022,9366.797696736285,0.8079804867418597,0.9664947109790244,0.9522111368252328,0.9183405890792476,0.8966678735261148,,9648.442710913043,9655.772649055252,9024.957010108847,
rocketwashnc_000309::10,1,7435.735079786587,8713.337603323982,8670.416679409967,8550.314312447099,8470.41423741145,8971.965331586447,8971.965331586447,6155.6923076923085,2,False,South,12562.0,9392.833333333334,12954.583333333334,15018.0,,,12.0,12.0,5.0,,,24290,2024,9450.903074675221,0.8287743883281123,0.9711737931764016,0.9663898999793439,0.9530034943787739,0.9440979678767538,7700.74545843663,9640.60166816629,,,
rocketwashnc_000309::3,1,6042.838614347897,7155.6607188225025,7377.020549467227,7668.198972573607,7836.621845416703,7386.296714543875,7386.296714543875,9804.153846153846,1,False,South,4534.5,4381.166666666667,3893.6666666666665,4033.3333333333335,4519.416666666667,4841.0,12.0,12.0,12.0,12.0,10.0,24261,2021,7108.113955367027,0.8181147939060366,0.9687751515225157,0.9987441385805172,1.0381655745665694,1.060967647019395,5713.205477979239,7339.119730623582,7600.019417632395,7710.440466849172,8142.688805867526
rocketwashnc_000309::4,1,5998.3617326453605,7459.762573949206,8038.054888195807,8782.896162233783,9218.56897462997,7786.5994442490655,7786.5994442490655,3841.307692307693,1,False,South,9836.5,5649.583333333333,8596.0,9912.5,10357.0,,12.0,12.0,12.0,10.0,,24273,2022,7071.765098815397,0.7703442016752974,0.9580257244975853,1.0322933580630578,1.1279501694055356,1.1839017841656811,5425.031454333456,7125.003970473989,7657.1759460780495,8460.637435134697,
rocketwashnc_000309::5,1,6086.349268162131,7197.573222949166,7404.3118654746095,7685.522224482745,7852.304898157971,7427.232633741423,7427.232633741423,8701.961538461539,2,False,South,4361.0,2113.75,3281.5833333333335,4677.0,4809.833333333333,4359.0,12.0,12.0,12.0,12.0,1.0,24270,2022,7379.421390699487,0.8194639333783961,0.9690787373820863,0.9969139557898474,1.0347760200169211,1.0572315807755197,5951.934431524054,7634.102244734947,7964.208495906599,8011.593178953575,
rocketwashnc_000309::7,1,7075.610938163132,8546.051557789657,8669.026151767428,8682.84887652366,8654.237329500658,8862.04780345001,8862.04780345001,,0,False,South,13434.0,9350.0,13923.75,13863.75,16219.666666666666,,12.0,12.0,12.0,3.0,,24280,2023,9837.16105997569,0.798417148619824,0.9643427509455167,0.9782192946863322,0.9797790611266407,0.976550513091517,7797.326790487966,10114.502493502341,10186.908953640595,,
rocketwashnc_000309::9,1,7905.7658588573795,9741.928474054152,10142.086080345203,10498.608907355188,10654.5130322633,10148.014132722004,9703.149577585804,10589.23076923077,8,True,South,10846.5,8084.833333333333,11181.75,12778.0,,,12.0,12.0,3.0,,,24292,2024,11507.365337618568,0.7790456098563605,0.9599837314614649,0.9994158411390376,1.0345481165130328,1.04991113462368,8899.895017748402,11521.526456921802,,,
rocksedge_000548::1,1,5588.793613964848,7151.752711649263,7412.472549674796,7483.261229827486,7450.186219728765,7511.522102493509,7511.522102493509,2831.6923076923076,1,False,South,9124.0,8120.083333333333,8165.666666666667,8735.166666666666,11866.0,,12.0,12.0,12.0,4.0,,24279,2023,6507.206063336886,0.7440294440602929,0.9521043290647021,0.9868136508863053,0.9962376636478721,0.9918344269073796,4779.6885989915945,6404.490306407636,6864.103495174714,,
rollingthunder_000507::1,1,6585.0588596454045,8256.613010171266,9075.415465523249,9384.066044745554,9512.040800330611,8921.48486754521,8921.48486754521,8356.538461538461,1,False,Northeast,8819.0,5330.916666666667,8166.916666666667,9123.166666666666,9219.0,,12.0,12.0,12.0,6.0,,24277,2023,10629.175275016923,0.7381124283022312,0.9254752020268923,1.0172539213217757,1.051850245118179,1.066194802945162,7670.417301374548,10592.053861509317,11645.539807572957,,
route66cw_000310::1,1,3414.591765132064,4447.804520013297,4765.554533392457,5087.3972872524955,5453.154497818455,4554.089507733632,4554.089507733632,29833.153846153848,1,False,West,2844.0,1237.3333333333333,1652.6666666666667,2573.0,2947.75,2629.285714285714,12.0,12.0,12.0,12.0,7.0,24264,2021,3554.133336139137,0.7497858264167836,0.9766616383933947,1.046434095179667,1.1171052476270427,1.1974192620847823,2649.651767329746,3669.25167240068,4067.6999856193474,4153.79826102326,
sammysexpresscw_000254::3,1,5342.104687781931,5938.024301178525,6063.637710981013,5968.639886123826,5948.897640269934,6252.249390483586,6807.219504127239,6605.538461538462,3,True,Northeast,11608.5,4001.9166666666665,7729.166666666667,10545.833333333334,11557.083333333334,11125.0,12.0,12.0,12.0,12.0,1.0,24270,2022,6939.927348512111,0.854429238845308,0.9497420736633866,0.9698329884617759,0.9546388049089284,0.95148118200861,5868.730614443603,7024.69062185866,7296.87615954753,6976.653515119121,
saratogahonda_000546::1,1,5562.121595493579,6015.178034542748,6438.903161140263,6969.4126199770135,7392.969792432635,6292.758528774999,6292.758528774999,10807.076923076924,1,False,Northeast,3103.5,1554.6666666666667,2689.0833333333335,3011.8333333333335,2971.0,,12.0,12.0,12.0,2.0,,24281,2023,7030.757520936889,0.8838924249293176,0.9558889010339497,1.0232242555783742,1.1075290094332824,1.174837673911478,6109.767298505709,7059.003777062329,7577.610850001163,,
scarboroughtravel_000540::1,1,7307.335009762639,8343.340313130731,8248.730120468454,8176.514564277502,8155.781785753744,8537.260942825002,8537.260942825002,,0,False,South,6832.0,4020.6666666666665,5882.75,6655.583333333333,4957.0,,12.0,12.0,12.0,1.0,,24282,2023,8851.539163724592,0.8559343633397977,0.9772853809912829,0.9662033497290441,0.9577444825731042,0.9553159778497967,7443.384844783198,9219.487881781186,9258.699065227134,,
scrubblesstl_000578::1,2,4502.788522064368,5691.868060418355,6723.303821395319,7959.522736922729,8788.280669971791,6069.414219592293,7557.772951058392,6306.615384615385,4,True,Midwest,7254.5,3806.0,5935.0,7026.166666666667,6126.0,,12.0,12.0,12.0,2.0,,24281,2023,5438.748872027601,0.7418818948835624,0.9377952887190982,1.1077352077391993,1.3114153110903348,1.4479619205429903,4018.12455447783,5363.980204265858,6319.3532438782695,,
scrubblesstl_000578::11,1,4940.113611901994,6042.420096412335,6956.24670496154,8031.437918813662,8790.66758262835,6418.34010541645,7314.475525715456,6822.692307692308,5,True,Midwest,5015.5,3554.5,4894.833333333333,,,,12.0,12.0,,,,24295,2024,5621.034820424416,0.769687104572882,0.9414303382447939,1.0838077432342903,1.2513263222115505,1.3696169785720593,4258.302108018548,5649.123403738179,,,
scrubblesstl_000578::4,1,4593.195042656905,5782.229110062012,6804.284965908159,8025.503989283516,8849.041360360736,6162.826804706864,6930.06188686681,6330.153846153846,4,True,Midwest,7418.5,3741.9166666666665,5843.0,7015.5,,,12.0,12.0,12.0,,,24283,2023,5131.608332100377,0.7453065270548976,0.9382430000541034,1.1040850540715148,1.3022439610267857,1.4358737703941757,3796.946904307349,5133.483355124165,5997.80649892449,,
scrubblesstl_000578::6,1,4789.292709225605,5974.0880210497635,7029.874743931323,8303.213691033337,9170.092820956006,6360.520831644052,7063.657799841454,6846.2307692307695,4,True,Midwest,5176.0,3691.5,5744.416666666667,4875.545454545455,,,12.0,12.0,11.0,,,24284,2023,5630.137328430869,0.752971782656308,0.9392450994466117,1.105235707893163,1.3054298399156634,1.441720428826226,4208.6594686686885,5515.287710381013,6651.628884182706,,
scrubblesstl_000578::7,1,4703.222410647661,5872.315519266075,6871.065876276116,8060.847857822825,8872.332321777645,6252.862008224107,6906.374586589933,6306.615384615385,4,True,Midwest,11065.0,6374.333333333333,10124.666666666666,10330.555555555555,,,12.0,12.0,9.0,,,24286,2023,5119.660068076405,0.7521711505006387,0.9391404306607892,1.09886734542341,1.2891453301257498,1.4189234162065734,3801.6551438247507,4970.237441751031,,,
scrubblesstl_000578::8,1,4507.913344462348,5775.882590633958,6907.63373485956,8265.758056836088,9154.762190648336,6168.538680197869,7136.309851190985,6846.2307692307695,4,True,Midwest,4300.0,2719.5,4160.5,4159.285714285715,,,12.0,12.0,7.0,,,24288,2023,5579.597493045769,0.7307911286888042,0.9363453631531227,1.1198168793257826,1.3399864190477841,1.4841055013623872,3986.5116945283444,5625.4175034662485,,,
seafordcarwash_000354::1,2,2708.5251627140756,2964.3834879679525,2984.575903649549,2899.5591766319867,2872.9017540806403,3109.991493799192,5009.5632815452955,3212.5384615384614,5,True,Northeast,3348.5,3072.9166666666665,3307.1666666666665,3216.0,3356.25,3208.5454545454545,12.0,12.0,12.0,12.0,11.0,24260,2021,3820.0293191761884,0.8709107944875174,0.9531805774640999,0.9596733333838048,0.9323366904421532,0.9237651484927629,3284.394303337556,3848.943491247147,4009.529739499811,3782.10323296755,3900.066027600006
seagovilleexpcw_000563::1,1,6395.736212370506,7759.043997803664,8006.203958046183,8238.769072767169,8346.668803399278,8054.049992643392,8054.049992643392,5992.820512820513,2,False,South,15305.5,9856.25,14620.25,14856.8,,,12.0,12.0,5.0,,,24290,2024,8142.065090103948,0.7941018764736253,0.9633717204252286,0.9940593819704482,1.0229349309096045,1.0363318840860394,6363.803713248049,8359.784143696914,,,
shammysunlimited_000449::1,1,6938.481194286247,8469.269282096235,8744.8129302516,8971.879970012327,9064.194280994228,8803.520757559281,9067.173051887436,8880.897435897436,4,True,South,10512.0,9902.75,11100.75,12196.083333333334,11020.25,8372.666666666666,12.0,12.0,12.0,12.0,3.0,24268,2022,9533.012701714002,0.7881484448512729,0.9620320682295165,0.9933313240322322,1.0191240774105612,1.0296101446925214,7459.063296251986,9480.367957549957,10266.192461066323,10340.324752191273,
shammysunlimited_000449::2,1,6597.431286495761,7679.323475310524,7679.127430821328,7656.566402044921,7641.979854966531,7894.614183917338,7894.614183917338,,0,False,South,15292.0,10361.25,12919.166666666666,15207.166666666666,14832.333333333334,12713.666666666666,12.0,12.0,12.0,12.0,3.0,24268,2022,7685.235502996415,0.8356876134537192,0.9727294198815444,0.9727045871937614,0.969846812481684,0.9679991544785728,6375.984364062405,7727.7791967686535,7874.037810298296,7807.955389373047,
shammysunlimited_000449::4,1,5989.2439408289065,6896.023437692963,7126.410182542381,7022.339355216544,7049.855857185815,7270.43535921733,7270.43535921733,,0,False,Midwest,13278.5,9712.166666666666,12869.833333333334,12038.0,,,12.0,12.0,8.0,,,24287,2023,5744.5470171570805,0.8237806465380162,0.9485021318496843,0.980190295414379,0.9658760456915068,0.9696607574191731,4652.544231193307,5866.916742754251,,,
shammysunlimited_000449::5,1,6896.664074180832,7725.501810185015,7581.709778857803,7481.944451305711,7455.937752478406,7867.653459189342,7867.653459189342,,0,False,South,11604.5,8870.75,11241.0,10827.111111111111,,,12.0,12.0,9.0,,,24286,2023,7914.321298341786,0.8765846271642272,0.9819321415538078,0.9636557860847874,0.9509753435526411,0.9476698219047692,6815.829904495495,8172.882721601253,,,
shammysunlimited_000449::6,1,6382.592314864923,7811.12314568954,8517.102155764047,9540.3035721379,10178.499632213228,8124.189043594477,8124.189043594477,14283.96153846154,2,False,South,8411.0,5486.666666666667,8520.166666666666,8403.8,,,12.0,12.0,5.0,,,24290,2024,8565.63741290241,0.7856282369373572,0.9614649663831033,1.0483633640306982,1.1743084166240518,1.2528634645987804,6701.413051707855,8791.636985495623,,,
shortmancw_000600::1,1,6173.092754863211,7548.002896664083,7695.436469797299,7724.7379475746175,7699.489459033444,7848.945795194541,7848.945795194541,,0,False,South,3071.5,2797.0833333333335,3351.8333333333335,2404.0,,,12.0,12.0,3.0,,,24284,2023,8178.479633584618,0.7864868628144485,0.9616581759661651,0.9804420454156753,0.9841752190853492,0.9809584191226547,6330.966751527091,8385.64800281909,,,
shortmancw_000600::4,1,5996.429983719463,6782.600329395543,6804.056145121261,6925.402258103124,7023.953487390702,6924.176149881978,8274.87981999017,6991.307692307692,3,True,South,2494.0,1791.6666666666667,2409.1666666666665,,,,12.0,12.0,,,,24295,2024,7645.160693748592,0.8660134944460752,0.9795534057161662,0.9826520870988003,1.0001770764051354,1.0144099941060027,6572.905305395499,7810.610555909088,,,
skiatookexp_000509::1,1,6577.28650167005,7893.460344197531,7985.655197030166,7989.004539850878,7962.565882623751,8173.287633345288,8173.287633345288,,0,False,South,3832.0,2542.5833333333335,3501.6666666666665,3691.75,3851.6,,12.0,12.0,12.0,5.0,,24278,2023,8412.852330877016,0.8047296016888125,0.9657631908112324,0.9770432114061885,0.9774530027864707,0.974218238709496,6721.084271232469,8398.841541582377,8898.558746206092,,
smittyscw_000489::1,1,6567.061878988403,7364.36675778542,7230.97078920373,7137.486940097752,7112.697996844484,7501.941541635515,7501.941541635515,,0,False,South,17474.0,9756.333333333334,14545.333333333334,16762.416666666668,17448.222222222223,,12.0,12.0,12.0,9.0,,24273,2022,7337.628249456139,0.8753816385453602,0.9816614428296249,0.9638799168284762,0.9514186294954377,0.9481142924627254,6341.150466664477,7755.9189840066565,7571.548580758906,,
smittyscw_000489::10,1,4947.2858013702125,6085.284365897507,6065.021869040149,5873.697940459726,5729.793620578203,6336.376348377978,6336.376348377978,3678.0,1,False,South,11349.0,9588.25,11463.416666666666,10641.0,,,12.0,12.0,7.0,,,24287,2023,5141.727081445862,0.7807752458763987,0.9603729373579986,0.9571751322177554,0.9269805986134818,0.9042697759019552,3924.930419091235,5219.736609492964,,,
smittyscw_000489::12,1,6494.062331062157,7646.06035274817,7986.338283683018,7929.575776571656,7958.078188395127,8083.987801592991,8083.987801592991,,0,False,Midwest,16839.0,11756.916666666666,17148.083333333332,17607.8,,,12.0,12.0,5.0,,,24290,2024,7080.108655940811,0.803324113104484,0.9458277944508371,0.9879206252772016,0.980899027953641,0.9844248140536466,5655.207999232184,7137.04763166276,,,
smittyscw_000489::14,1,6021.837521894219,7169.035032259628,7526.897258640404,7500.4997669218255,7526.305752911401,7590.069380192403,7590.069380192403,,0,False,Midwest,10468.5,9784.916666666666,10897.166666666666,8156.0,,,12.0,12.0,1.0,,,24294,2024,6179.967639268661,0.7933837255307896,0.9445282609627342,0.9916770034122669,0.9881991048060346,0.9915990718810287,4852.690999653083,6131.052471929793,,,
smittyscw_000489::15,1,5270.069974569846,6478.321433964334,6280.149510724731,5717.125555761918,5617.473369575681,6559.78479213792,6559.78479213792,9717.692307692309,2,False,West,4991.5,4195.416666666667,5010.0,5409.0,,,12.0,12.0,3.0,,,24292,2024,6442.402770147697,0.8033906814879305,0.9875813977508496,0.95737127203497,0.8715416338984242,0.856350253488251,5088.593987982957,6780.900534630623,,,
smittyscw_000489::16,1,5277.891282300981,6397.518912198951,6270.552568628599,5834.140380318949,5826.638404542617,6459.78067614345,6459.78067614345,,0,False,West,8594.5,8065.666666666667,8742.333333333334,8653.0,,,12.0,12.0,1.0,,,24294,2024,5376.847048365684,0.8170387737454783,0.9903616288128112,0.9707067287572645,0.9031483687774343,0.9019870327890411,4316.001290440899,5600.175039685584,,,
smittyscw_000489::3,1,7045.142802700949,7913.469650738982,7776.023856286461,7678.165917944655,7651.531948997446,8064.6211368972545,8064.6211368972545,,0,False,South,4541.0,3403.6666666666665,4092.0,4612.833333333333,4384.0,,12.0,12.0,12.0,6.0,,24276,2022,8381.251679493826,0.873586332588894,0.9812574597625269,0.9642144031676325,0.9520801768127098,0.9487776076659271,7291.2892815931455,8779.473054430655,8715.151376839352,,
smittyscw_000489::4,1,4552.416589470711,5066.66975519819,4912.182563901356,4771.448226062504,4713.237983106178,5151.487355004143,5151.487355004143,6411.846153846154,1,False,South,7908.0,4599.5,6911.666666666667,8330.0,8650.25,,12.0,12.0,12.0,4.0,,24278,2023,4137.866187100874,0.8837091650916127,0.9835353182564718,0.9535464663675576,0.9262273004373252,0.9149276040690947,3599.0823577143037,4339.200576212636,4138.623983169533,,
smittyscw_000489::5,1,7380.272665890491,8220.399740267605,8046.0963956136975,7930.561508277667,7902.876925231564,8359.668953577157,8359.668953577157,,0,False,South,13614.0,8981.833333333334,11761.166666666666,13393.5,11359.4,,12.0,12.0,12.0,5.0,,24277,2023,8479.826028232133,0.8828426947136974,0.9833403434893248,0.9624898354582235,0.9486693255818615,0.9453576414470183,7432.182544123537,8696.831315199472,8640.114782974168,,
smittyscw_000489::7,1,6038.6413411785325,6933.22377139258,6880.981505433282,6825.264696849819,6801.9679422650515,7104.026157478166,7104.026157478166,,0,False,South,11526.5,7539.5,10241.083333333334,12028.833333333334,6603.5,,12.0,12.0,12.0,2.0,,24280,2023,6806.036229267139,0.8500308426964138,0.9759569598563782,0.9686030643608917,0.9607600740131138,0.9574807005890388,5743.47901308162,6866.420484840096,7046.83674090314,,
smittyscw_000489::8,1,7527.268708836143,9182.498815628634,9680.164071882267,10287.185148918416,10625.726918481523,9543.616601424985,8980.287272264359,9652.423076923078,4,True,South,9000.0,6305.916666666667,8667.416666666666,7959.375,,,12.0,12.0,8.0,,,24286,2023,10261.127186813248,0.7887228734348176,0.9621613272119051,1.0143077279987227,1.0779126591676373,1.1133857700124883,7989.772751510735,10630.624872334174,,,
smittyscw_000489::9,1,4543.033312661558,5433.170056191871,5488.577655651917,5487.3379901774715,5469.135429712848,5621.247083044869,5621.247083044869,,0,False,South,11164.0,8944.25,11301.25,10070.7,,,12.0,12.0,10.0,,,24284,2023,4669.781507706798,0.8081895788506642,0.966541761272105,0.976398577498378,0.9761780453893759,0.9729398741800857,3689.8330156855977,4771.081538581158,4910.824140216658,,
snapclean::5,1,5722.620955116712,7138.673893740233,7084.589559055007,6668.562836808148,6664.790374053714,7249.3678680562525,7249.3678680562525,,0,False,West,11024.0,6653.333333333333,11011.0,9452.0,,,12.0,12.0,1.0,,,24294,2024,6773.841983223278,0.7893958562005073,0.9847305342575063,0.9772699755343734,0.9198819756675096,0.9193615906045502,5316.768620714222,7109.17272996732,,,
snapclean::6,1,7099.0343369759685,8617.644529778278,8783.804975503472,8842.965940381298,8836.95434607796,8946.568975305168,6579.418136666327,11437.46153846154,3,True,South,6130.0,4362.5,6144.416666666667,4756.0,,,12.0,12.0,1.0,,,24294,2024,7199.701444127503,0.7934923831215217,0.9632345711037598,0.9818071039019576,0.9884198025846734,0.9877478584773925,5654.190013483003,7284.175889226331,,,
snappykedzieew_000336::1,2,5954.297506714688,6470.639451158911,6502.610994862993,6285.468261125822,6324.85441816512,6769.945586102912,6769.945586102912,2808.6923076923076,1,False,Midwest,10194.5,7354.583333333333,10425.333333333334,10903.666666666666,10548.666666666666,11859.75,12.0,12.0,12.0,12.0,12.0,24256,2021,4485.703836351519,0.8795192562459356,0.9557889895661191,0.9605115598286796,0.9284370429842735,0.934254838199666,3878.8151779833565,4569.400447720628,4712.338811051529,4401.8894209141345,4265.058049774912
snappyscarwash_000115::6,1,6974.723243638648,8661.054507872863,9717.0258652292,11354.903044914972,12443.23961686147,9037.53925438848,9088.149070559464,8839.0,5,True,South,8495.5,5152.5,6883.0,7705.666666666667,8337.857142857143,,12.0,12.0,12.0,7.0,,24276,2022,9924.345084166844,0.7717502571567628,0.9583421177028026,1.0751849139145673,1.2564153499417687,1.376839343831258,7524.711541815983,10002.361480098796,11568.315332366947,,
soakaustralia_000409::2,4,1836.5573843169495,1984.435269691346,1836.257619477413,1682.0273916983178,1610.507513460225,2002.3026354669184,2002.3026354669184,5361.346153846154,14,False,South,11310.0,6375.666666666667,9430.583333333334,11195.0,10167.5,,12.0,12.0,12.0,2.0,,24281,2023,858.373144073463,0.9172226774244251,0.9910765907914785,0.9170729673684991,0.8400465353760495,0.8043277199626068,784.0441545130125,908.1549119912171,829.161951173614,,
soakcitycw_000334::1,1,6586.416129104159,7951.5099475989155,8064.375614000147,8076.5526001819935,8049.930667285168,8244.648104450427,8244.648104450427,,0,False,South,6886.5,5362.583333333333,5926.416666666667,6230.5,7125.666666666667,7158.666666666667,12.0,12.0,12.0,12.0,6.0,24265,2022,8290.892234984554,0.7988717099458543,0.9644450371759012,0.9781346046348576,0.9796115610831594,0.9763825654293055,6555.283243254907,8525.543536168092,8779.353341968896,8521.290942379825,
soapysams_000388::1,1,6034.144624983113,7173.991490276662,7821.472706490434,8277.00538763202,8620.703982489857,7594.0506947458525,7594.0506947458525,9708.846153846154,1,False,Midwest,2778.0,3231.9166666666665,3051.3333333333335,3296.4166666666665,3203.9166666666665,2780.6666666666665,12.0,12.0,12.0,12.0,3.0,24268,2022,6453.452693756342,0.79458840446746,0.944685751866284,1.0299473918315991,1.089932859331409,1.135191787494166,5047.081728309361,6497.49712989226,7115.628233921886,7349.369111239054,
soapyshark_000467::1,1,5832.109915636992,6916.78742455463,7044.071096663168,7169.793134078817,7231.359261905287,7142.306324111759,8584.173231047802,7039.0,6,True,South,7751.0,5149.833333333333,8868.0,8952.75,7678.0,,12.0,12.0,12.0,7.0,,24276,2022,8299.804893728966,0.8165583567801249,0.9684249191615042,0.986246007523234,1.0038484501671772,1.0124683727849775,6738.651057633105,8383.089179939569,8816.24853130569,,
soapyshark_000467::2,1,6305.858741697798,7790.169128855009,7969.340771034161,8004.636625041913,7972.761168580779,8119.489956749666,8379.295000575103,8385.884615384615,4,True,South,11082.5,7908.833333333333,10476.166666666666,11092.222222222223,,,12.0,12.0,9.0,,,24286,2023,8768.54387953475,0.7766323716498705,0.959440700136479,0.981507559401476,0.9858546125040433,0.9819288170869757,6722.919159514982,8836.483938406736,,,
solarcity_000522::1,1,8829.686380488141,10858.32463156394,11665.706659642525,12728.324553859726,13351.421324445995,11305.80097201444,9104.958548032866,11591.747863247863,4,True,South,3755.5,3461.0,4969.5,4181.416666666667,3447.2,,12.0,12.0,12.0,5.0,,24278,2023,11130.137509720904,0.7809872473736719,0.960420642327054,1.0318337186829105,1.1258224503833472,1.1809354646782775,8555.599685708894,11299.56358081622,12276.211457278496,,
sonicsuds_000319::1,1,5166.426913289109,5893.0166553857125,5838.890290518669,5796.221637565678,5783.761459885263,6028.507149122773,7874.816574158937,6315.7692307692305,9,True,South,12170.5,12149.333333333334,11506.75,11261.583333333334,12068.166666666666,12313.666666666666,12.0,12.0,12.0,12.0,12.0,24255,2021,6923.839908124639,0.856999384008509,0.9775250339121226,0.9685466312117261,0.9614688171032699,0.9594019409476651,5890.791144446318,7059.032033903645,7099.111060776936,7036.201912642027,7007.442757284938
sonicsuds_000319::2,1,7038.937009367371,7897.135314939077,7755.910544825179,7656.665726810205,7630.256534759767,8045.584243956915,9126.919662130009,7966.615384615385,4,True,South,11379.0,9276.916666666666,9346.166666666666,10245.25,10652.0,11725.5,12.0,12.0,12.0,12.0,12.0,24258,2021,9268.391718578207,0.8748820217319031,0.9815490181301204,0.9639959398412475,0.9516606245918277,0.9483781790602587,8050.075814689253,9404.199779408234,9550.666935540588,9366.565796183031,9272.522199461004
sonicsuds_000319::4,2,4943.6860054299395,5621.257848376527,5561.576711042392,5517.147634343066,5505.109726162707,5746.052101061221,7649.7739391372015,6125.461538461538,8,True,South,14316.0,8752.583333333334,11554.666666666666,13990.666666666666,15604.5,,12.0,12.0,12.0,6.0,,24277,2023,6610.6561251486755,0.8603621962489524,0.9782817401426545,0.967895280659784,0.9601631759176219,0.9580681882689482,5614.884234674299,6963.44804155064,6739.571581514623,,
sonoranexpress_000053::2,1,3614.515743394213,4271.096635680092,4211.556568046589,4017.1347390070473,4102.672148765865,4290.188847703208,4290.188847703208,2834.3076923076924,5,False,West,1993.5,2289.3333333333335,2516.5,2040.909090909091,,,12.0,12.0,11.0,,,24284,2023,3011.895807308878,0.842507374781247,0.9955497968269305,0.9816716041069578,0.9363538253467927,0.9562917378246107,2480.907433255895,3169.5863395844794,3200.875682694104,,
sparkyscw_000470::1,1,8272.186346193874,10398.377538759818,11679.526913516798,13586.471053419482,14823.7212790031,10879.516643491514,9854.54428264595,11357.115384615385,8,True,South,5161.0,3354.0,4809.333333333333,5029.833333333333,4993.875,,12.0,12.0,12.0,8.0,,24275,2022,11950.619975356474,0.7603450242564378,0.9557756910993349,1.0735336225165737,1.2488120105544724,1.3625349144413637,9034.80953448391,12173.431522841758,13734.478180725731,,
speedypetescw_000330::1,1,6709.251164295351,7624.053090017794,7531.492681999524,7454.76378535902,7429.126136164512,7792.111058220111,7792.111058220111,,0,False,South,6684.5,2938.6666666666665,5497.666666666667,5975.25,6912.166666666667,7805.0,12.0,12.0,12.0,12.0,4.0,24267,2022,7597.886140587184,0.8610312550945458,0.978432293001647,0.9665535598410584,0.956706562529648,0.9534163567044291,6474.77747124808,7808.316963317389,7919.744006376382,7710.044389851053,
splashautowash_000490::1,1,5955.85240289436,7535.707961990763,8993.199484618834,10772.830201244502,11962.054727617926,8036.425445883116,8036.425445883116,8603.026515151516,2,False,Midwest,9103.5,7297.75,8925.916666666666,10088.833333333334,10010.333333333334,,12.0,12.0,12.0,3.0,,24280,2023,6762.4351826493785,0.7411071555383386,0.937694004969727,1.119054677378467,1.3405002353083717,1.4884795246555573,4927.280194606609,6758.197123371989,7937.652630024497,,
splashbrothers_000419::1,1,7214.070388482632,8612.591764170313,8731.698700179622,8789.815379585742,8798.778463618248,8907.141012779577,8907.141012779577,21643.26923076923,2,False,South,7014.5,3413.1666666666665,7052.833333333333,7351.416666666667,6943.583333333333,5130.0,12.0,12.0,12.0,12.0,1.0,24270,2022,10746.98481764772,0.8099198584744756,0.9669311119935501,0.980303184563011,0.9868279133533979,0.9878341940465684,8551.452724777419,10928.543449190953,11152.78850942567,11287.68822905915,
splashfl_000574::1,1,7241.166689457204,8370.185794030558,8730.316431782752,9477.514497542325,10038.639583094407,8590.447874755462,8590.447874755462,24887.41452991453,2,False,South,4195.0,4221.0,4114.75,4212.25,,,12.0,12.0,12.0,,,24283,2023,9586.253888497635,0.842932381993335,0.9743596510989627,1.0162818701733025,1.1032619760599052,1.1685816303704852,8046.949596872331,9971.140018436976,10492.857817447806,,
splashfl_000574::2,1,7683.097139615981,9148.073131657538,9712.159508969564,10720.960169142609,11452.511482099955,9455.057752560971,9455.057752560971,13688.568376068377,2,False,South,25455.0,22688.416666666668,25886.5,25454.0,,,12.0,12.0,12.0,,,24283,2023,10528.175229405162,0.8125912438276708,0.9675322320669819,1.027191981597252,1.1338862701540622,1.211257697394599,8420.370990735017,10860.801347058907,11343.377679409963,,
splashfl_000574::4,1,7312.714091735076,8924.141363647914,9383.774645099857,10026.886182944823,10439.606273831438,9275.892704175278,9275.892704175278,15612.538461538465,2,False,South,21927.0,11477.083333333334,21179.416666666668,23543.4,,,12.0,12.0,5.0,,,24290,2024,10195.351943585825,0.7883569080573202,0.9620789770057352,1.0116303567069096,1.080961854855383,1.1254556953997912,7979.417660816822,10230.178081752194,,,
splashzonecw_000335::3,2,6078.119064412763,7145.764520796859,7107.221411558649,7005.217056737656,6938.269139920977,7363.567656506316,7363.567656506316,5950.1461538461535,2,False,South,4859.0,2679.9166666666665,5069.583333333333,5518.666666666667,,,12.0,12.0,3.0,,,24292,2024,7044.25521672043,0.8254312784160062,0.9704215204002357,0.9651872221583836,0.9513346496583042,0.9422428724193832,5772.475547704249,7066.444858812384,,,
statestautowash_000383::1,1,6458.0274422201155,6762.251940401831,6726.683347857401,6509.549402985737,6620.357671384147,7038.447755808625,7038.447755808625,8503.692307692309,1,False,Midwest,6177.0,6645.916666666667,7058.25,7072.166666666667,6763.25,6451.444444444444,12.0,12.0,12.0,12.0,9.0,24262,2021,5605.0836010056155,0.9175357502498324,0.9607589876363212,0.9557055165048381,0.9248558245834242,0.9405991066596409,5077.150181243985,5798.456133017188,5858.811200602053,5479.137547311613,
statestautowash_000383::2,1,5451.8203158098495,5675.546605989577,5565.115259986298,5274.072053567261,5306.133696558897,5902.442597457195,5902.442597457195,5167.75,1,False,Midwest,5226.0,4580.0,4857.333333333333,5336.416666666667,5506.583333333333,5634.2,12.0,12.0,12.0,12.0,5.0,24266,2022,4098.522616205635,0.9236549489119172,0.9615589668647746,0.9428495352726989,0.8935405921337313,0.8989725200961394,3701.1271283922288,4165.8431351514355,4189.4289211578125,3842.3050719731477,
statestautowash_000383::3,1,6729.272516143621,7086.431553851475,6921.877056332679,6481.8319449192895,6454.0762486301,7381.830946526605,7381.830946526605,7110.461538461538,1,False,Midwest,9302.5,7140.083333333333,8331.916666666666,9102.333333333334,9611.5,9324.5,12.0,12.0,12.0,12.0,4.0,24267,2022,5850.083831928304,0.9115993802743432,0.959982910091686,0.9376910832114965,0.8780791638108707,0.8743191621947067,5302.5401776370445,5985.386386557416,5778.049090735739,5367.276195959067,
statestautowash_000383::4,1,5684.841841890382,5952.509241435201,5877.145208078225,5617.758568114408,5671.555538455614,6195.612234859987,6195.612234859987,4928.923076923077,1,False,Midwest,4952.0,4895.416666666667,5372.166666666667,5081.857142857143,,,12.0,12.0,7.0,,,24288,2023,4387.291422097916,0.9175593349603571,0.9607620709286885,0.9485979730962036,0.9067317893953643,0.9154148651434741,3984.2243956829134,4427.3739743636625,,,
steelimage_000266::1,1,2446.897253698527,3019.9800452441636,3084.1653879076534,3084.704772418287,3211.565625239407,3060.3873905433657,6495.035090495215,2834.3076923076924,3,True,West,1827.5,1866.0833333333333,2396.25,1786.3333333333333,931.0,,12.0,12.0,12.0,1.0,,24254,2021,3747.757580893897,0.7995384052553182,0.9867966567160545,1.0077696037559696,1.0079458508913162,1.0493983981123383,2946.0082488457865,3941.538391194498,4088.795413878459,,
stevenscreek_000445::1,1,8464.40412005804,11101.860439973709,11300.51520542751,10933.972509717163,10998.01616212421,11381.620867271127,11381.620867271127,12302.615384615385,2,False,West,24086.0,8950.0,19776.166666666668,23692.083333333332,24294.25,,12.0,12.0,12.0,8.0,,24275,2022,13119.469087391422,0.7436905708569325,0.9754199836244858,0.9928739796563735,0.9606691909022188,0.9662961269207264,9585.609925554378,13458.232382750773,13944.934107048413,,
streetxpress_000577::1,1,10128.741521985452,12744.624421948558,13142.505534203252,13256.500338406797,13213.009221721297,13337.178169734532,8045.225400375227,14546.46153846154,7,True,South,2581.0,2464.0833333333335,2069.4166666666665,2737.6363636363635,,,12.0,12.0,11.0,,,24284,2023,11104.392671114589,0.7594366209315668,0.9555712805029005,0.9854037613463812,0.9939509069833967,0.9906900135521166,8398.001782462556,11327.511091676732,11800.528677185373,,
sudsbucketcw_000442::1,1,3916.762813782203,4588.338366375518,4576.7163071642035,4539.223231955802,4514.457668775213,4724.186057656592,7243.788119971301,4089.153846153846,3,True,South,10406.5,5598.833333333333,8216.583333333334,10156.916666666666,10622.375,,12.0,12.0,12.0,8.0,,24275,2022,5385.089226820615,0.8290873318662416,0.9712442123102024,0.9687840934517425,0.9608476839304376,0.9556053918449152,4394.395754721549,5576.538065923484,5626.16340095259,,
sudsdeluxe_000305::10,1,7007.870522259469,7490.208893307084,6769.247313044597,6002.931703981346,5646.595944757035,7535.905081031709,7535.905081031709,12012.076923076924,1,False,South,9899.5,8031.166666666667,9947.666666666666,,,,12.0,12.0,,,,24295,2024,7136.656452111633,0.929930837358696,0.993936204446146,0.8982659999371764,0.7965774037004603,0.7492923390144377,6588.575673417606,7398.157077555971,,,
sudsdeluxe_000305::3,1,5795.143750902503,6851.574455214003,7871.806192766264,9668.636568004904,10940.831433272237,7069.799481023722,7069.799481023722,,0,False,South,12064.0,10896.75,14698.583333333334,14511.25,12631.833333333334,10589.5,12.0,12.0,12.0,12.0,2.0,24269,2022,6718.060431122924,0.8197041184063898,0.9691327842613551,1.1134412247327854,1.3675970010120944,1.5475448013255364,5466.975418164206,6730.272747454622,7918.585693282473,9745.124464455852,
sudsdeluxe_000305::4,1,7746.944811263689,8633.35526672275,8409.953823980215,8233.497281048194,8172.091997671602,8780.790522328249,8780.790522328249,12012.076923076924,1,False,South,21458.0,12632.416666666666,19646.25,23477.083333333332,21965.916666666668,21506.0,12.0,12.0,12.0,12.0,7.0,24264,2021,8957.42860380218,0.8822605198887682,0.9832093414333718,0.9577672764878001,0.9376715297001598,0.9306783913010092,7726.398541274428,9482.987473609,9036.5509475792,8812.199216472865,
sudsdeluxe_000305::5,1,6269.522422158939,7590.879457772949,7644.644518512795,7566.551042588816,7485.732515059702,7875.934809756068,8036.871334244456,8115.615384615385,9,True,South,8856.5,6443.166666666667,9425.0,10454.416666666666,9192.166666666666,9016.5,12.0,12.0,12.0,12.0,4.0,24267,2022,8318.863860825944,0.7960353372139094,0.9638067913373259,0.9706332902912338,0.9607178354518613,0.950456383385371,6574.193189269245,8545.167882987964,8631.242415139024,8361.37038707746,
sudsdeluxe_000305::6,1,7388.135270204351,8320.798085963557,7229.720087402562,5937.642083019382,5354.9442051694705,8485.362110035861,8485.362110035861,955.0,1,False,South,8025.0,8243.833333333334,10857.666666666666,10214.666666666666,8380.888888888889,,12.0,12.0,12.0,9.0,,24274,2022,6679.837013657228,0.8706918071847763,0.9806061283020945,0.8520225764851899,0.699751172197681,0.6310802221199301,5714.017157448934,7053.039149257087,6024.949158960185,,
sudsdeluxe_000305::7,1,6909.407954805402,7475.101250052418,7234.324842076287,7125.613453015191,7127.786339438724,7544.887816412831,7544.887816412831,,0,False,South,10599.0,12066.083333333334,13296.25,11586.583333333334,10309.6,,12.0,12.0,12.0,5.0,,24278,2023,7560.365994263176,0.9157734512334256,0.9907504832333488,0.9588379599679456,0.9444293442659852,0.9447173387963752,6835.114427431586,7996.20113067052,7748.9374279240765,,
sudsdeluxe_000305::8,1,7435.440759590473,9348.62736384135,9579.615037387171,9573.80453522982,9489.489667885053,9781.664593818525,8286.687419360633,10038.692307692309,8,True,South,7793.0,7161.5,9137.5,8270.0,6931.0,,12.0,12.0,12.0,3.0,,24280,2023,9338.774781240503,0.7601406374421449,0.9557296996003286,0.9793440518744594,0.9787500321039364,0.9701303471274091,7047.416687292833,9434.624902841171,9850.445551602876,,
sudsdeluxe_000305::9,1,7347.503390712508,9344.862866388705,9442.38775426487,9322.287093839088,9226.902496005485,9802.084768150826,7970.379976861359,10323.692307692309,5,True,South,13599.5,9002.5,14509.583333333334,13617.333333333334,,,12.0,12.0,9.0,,,24286,2023,8989.263886804412,0.749585783484162,0.953354626839411,0.9633040294596622,0.9510514665338635,0.9413204144067151,6689.4678179300945,8858.98734702865,,,
sudsnvac_000604::1,1,6239.0063916873705,7693.105714168058,8598.986298681883,9384.743921953685,9887.389529392656,8179.597733000619,7494.057227752991,9162.63247863248,4,True,Midwest,3843.0,2917.4166666666665,4235.333333333333,4777.285714285715,,,12.0,12.0,7.0,,,24288,2023,6751.933679081811,0.7627522275962392,0.9405237232058726,1.0512725172277408,1.1473356304663858,1.2087867707114672,5084.246203478782,6837.758336854248,,,
sudstop_000639::1,2,8789.81249626357,11041.98436738056,12258.69879295044,14008.590789182692,15118.474230094773,11551.291969226537,8243.706332360505,12151.807692307691,4,True,South,11599.5,8345.416666666666,11077.916666666666,12725.5,,,12.0,12.0,4.0,,,24291,2024,10168.344869828088,0.760937609375666,0.955909035698967,1.0612404937567577,1.2127293489336581,1.308812405605491,7564.778605971455,10274.637029955295,,,
sudstop_000639::10,1,4984.4206096075695,5993.052857879349,6391.326588423879,6974.169698194602,7336.544095494571,6208.1871939155435,6208.1871939155435,4660.467032967033,2,False,South,5827.0,4551.75,6178.833333333333,4294.0,,,12.0,12.0,1.0,,,24294,2024,5398.041780079777,0.80287859465524,0.9653466737847336,1.0294996572731931,1.1233826365657553,1.181753040998006,4309.2727004750905,5553.747700022787,,,
sudstop_000639::5,2,5927.8028882260905,6616.16692317409,6349.095892778691,6060.058439972694,5921.4019596608605,6731.753083467672,6731.753083467672,5469.692307692308,7,False,South,23340.0,15867.333333333334,23412.916666666668,21024.5,,,12.0,12.0,2.0,,,24293,2024,6267.290108373808,0.8805734278614614,0.9828297088647759,0.9431563834941098,0.900219952341304,0.8796225717492624,5462.085874761416,6469.816293970283,,,
sudstop_000639::6,1,6446.267714844097,7206.701910426982,7012.736454006674,6841.017934330376,6772.1671256092695,7335.6530158222195,7335.6530158222195,6519.076923076923,2,False,South,6625.5,5484.5,6785.916666666667,5745.0,,,12.0,12.0,2.0,,,24293,2024,7126.188927788493,0.8787585373708635,0.9824213188495825,0.9559798478582548,0.9325710907502075,0.9231853130188177,6156.728848272248,7461.423842545197,,,
sudstop_000639::7,1,7160.653223616537,8158.107943892501,8068.526152828078,7990.588857739112,7963.160605958048,8343.264050302416,8343.264050302416,,0,False,South,7491.5,6305.083333333333,7799.5,5544.0,,,12.0,12.0,1.0,,,24294,2024,8642.098644683281,0.8582556156013049,0.9778077134687828,0.9670706936975848,0.9577293502354729,0.9544418776569117,7286.971805197978,8886.951124790108,,,
sudstop_000639::8,1,7261.066759973394,8227.925981984348,8115.467302030026,8024.693319233597,7994.961819282835,8403.444902757437,8403.444902757437,8123.7307692307695,2,False,South,6823.0,5686.75,7492.75,6254.0,,,12.0,12.0,1.0,,,24294,2024,8839.919556756835,0.864058352734699,0.9791134561118505,0.9657310062647145,0.9549290097208158,0.9513909964066563,7606.432259700962,9239.701239700664,,,
sudstop_000639::9,3,7133.355308638683,8364.71175635983,8379.162353343732,8346.056616541675,8317.993071303901,8614.388645527364,8614.388645527364,,0,False,South,5228.5,4179.083333333333,5608.0,,,,12.0,12.0,,,,24295,2024,9529.671758648146,0.8280744696075859,0.9710162961712706,0.9726937915314788,0.9688507170935445,0.9655929646989687,7767.000275990673,9866.151594798477,,,
sudsyscarwash_000327::1,1,6246.329248963654,7466.642953626923,8415.891417781619,10014.345415367936,11107.278052946456,7724.258567354955,7724.258567354955,6163.153846153846,1,False,South,5172.0,3431.0,4743.833333333333,5304.333333333333,5034.25,,12.0,12.0,12.0,8.0,,24260,2021,7020.05730087413,0.8086639247632808,0.9666484994667588,1.089540354507255,1.2964798275515501,1.4379733609500285,5635.79028655749,7077.493594861963,8365.411192999525,,
sunnydazecw_000529::1,1,6527.685448796835,7860.034158378749,7962.919247178596,7971.133318003252,7944.812803776645,8144.913233478985,8144.913233478985,,0,False,South,5454.5,4079.4166666666665,5277.5,5926.7,,,12.0,12.0,10.0,,,24285,2023,8368.741596470012,0.8014432151303135,0.9650236820290161,0.977655503369598,0.9786639942631402,0.9754324663791575,6658.539995391088,8348.406788875387,8870.15291441873,,
sunrisecw_000343::1,1,2611.971616116369,2912.2985189084916,2971.67699624634,2916.315699589992,2900.199835756202,3068.5891771579136,4809.74399532248,3212.5384615384614,3,True,Northeast,2904.5,3159.25,3403.8333333333335,3142.0833333333335,3100.0,2958.3333333333335,12.0,12.0,12.0,12.0,12.0,24258,2021,3529.6974726870167,0.8511962551257978,0.9490675847347619,0.9684180008086543,0.9503767142563687,0.945124833700394,2966.074866315843,3607.0357762941358,3600.4740817705856,3532.534547314875,3687.2565642434583
sunshineexp_000444::1,1,4954.088062232294,6611.31682941744,6742.899839579351,6504.750666097169,6510.794844892301,6799.325786182672,6799.325786182672,,0,False,West,6130.0,5808.75,6187.083333333333,6201.166666666667,5709.625,,12.0,12.0,12.0,8.0,,24275,2022,6430.182288654025,0.7286146035684598,0.972348882421946,0.9917012438618563,0.9566758338475078,0.9575647718077117,4580.554572844227,6609.141631087127,6903.459435113834,,
superduck_000438::1,1,6741.088546849874,7936.866099548258,8217.410105210996,8716.565539184545,9070.969048301296,8181.630784801591,8181.630784801591,6899.714285714285,1,False,South,8153.5,5525.416666666667,7716.083333333333,7821.583333333333,8049.777777777777,,12.0,12.0,12.0,9.0,,24274,2022,8031.212529213912,0.823929693744222,0.9700836310399127,1.004373128212516,1.0653824119485644,1.1086993885316558,6579.443025738701,8303.417891472918,8635.396437634212,,
superduck_000438::2,1,5686.845245815778,6853.09169668658,6929.506042034723,6914.512814001605,6877.493404196396,7102.78964728128,7102.78964728128,3848.1153846153848,2,False,South,9706.0,5859.916666666667,9369.666666666666,9407.166666666666,9624.5,,12.0,12.0,12.0,10.0,,24273,2022,6305.55883894247,0.8006495374662432,0.9648450872129831,0.9756034440196487,0.9734925511483025,0.9682805975858908,4996.652986227832,6390.208780200479,6634.2119993174765,6518.536813057964,
superduck_000438::4,1,6723.3821752441145,8574.661018879508,8853.302254495999,8899.810766636578,8840.800946120946,8999.515853963285,8752.707379501633,9167.846153846152,12,True,South,10164.0,8667.0,10504.75,9340.0,,,12.0,12.0,2.0,,,24293,2024,9927.100756191585,0.7470826524832681,0.9527913676715536,0.9837531705216236,0.9889210609832085,0.9823640615319942,7291.455329851439,10080.61071579566,,,
superduper_000580::1,1,3971.878649413367,5543.693566024354,5788.257902484494,5731.631980477939,5781.712845190443,5746.390091306774,8978.302981884952,5662.333333333333,7,True,West,29086.0,16990.666666666668,30608.583333333332,28054.3,,,12.0,12.0,10.0,,,24285,2023,7026.205299583397,0.6911954438008108,0.9647262851874499,1.0072859326485786,0.9974317596622685,1.0061469467478559,4771.258188152435,7128.613365357571,7423.543729298816,,
superfineautospa_000443::1,1,5090.789380719697,7193.147377484279,7528.754006743639,7456.26878232232,7507.13175014688,7471.697708627351,5407.672048195949,9082.23076923077,11,True,West,828.5,1329.4166666666667,1501.6666666666667,883.9166666666666,1051.0,,12.0,12.0,12.0,2.0,,24281,2023,5159.070821443153,0.6813430600707402,0.9627192718434743,1.0076363231411793,0.9979350173271576,1.004742435106631,3500.4746958961055,5302.098016986911,5503.154708175158,,
superscrubcw_000402::1,1,4099.52483231857,5398.166333088358,5609.669090917748,5624.977054913715,5777.7369075548095,5538.203608158984,5538.203608158984,4642.25,3,False,West,3499.5,1895.5454545454545,3286.5,3755.6666666666665,3904.6666666666665,3823.0,11.0,12.0,12.0,12.0,2.0,24269,2022,4335.743086289419,0.740226456513638,0.9747143144278192,1.0129040908957336,1.0156681575641051,1.0432510821817638,3158.887264615967,4505.927585551265,4694.463645282372,4686.97160007884,
supersplishsplash_000385::1,1,8641.302508959832,10522.724559470926,11080.84281602923,11780.330370761154,12179.636265797775,10932.133943355608,11162.328102418738,10671.346153846152,6,True,South,18665.0,14673.166666666666,22987.25,22808.833333333332,19110.75,16163.166666666666,12.0,12.0,12.0,12.0,6.0,24265,2022,13540.013321993072,0.7904497469327011,0.962549911480593,1.0136029135248572,1.0775874528980747,1.1141133404425931,10625.257265954931,13592.914866455834,14781.46995131914,15284.4078457759,
supersudsga_000350::1,1,6608.675619895821,7777.885483466139,7923.9870604853395,8105.014677343836,8207.085891984587,8016.997334152089,9051.568342915834,7886.192307692308,6,True,South,12891.0,7809.666666666667,13879.75,13344.416666666666,13012.583333333334,13407.9,12.0,12.0,12.0,12.0,10.0,24261,2021,9300.350223177371,0.824333019513818,0.9701743881506181,0.9883983653991589,1.0109788415192302,1.0237106924088308,7611.111728353303,9327.270707766285,10053.90176099161,9937.964521493024,9245.539023744808
swishcw_000351::1,1,6360.423366866701,8003.3449276326355,8158.714858949316,8093.581045086011,7988.049774590773,8375.514317433855,7215.104862665654,8864.153846153846,13,True,South,10510.5,12379.166666666666,11421.333333333334,6845.333333333333,,,12.0,12.0,3.0,,,24261,2021,7461.232489645561,0.759406900377128,0.9555645927287666,0.9741150871137232,0.9663383928840056,0.9537384179456819,5593.711097611652,7676.909966795207,,,
texaspridecw_000612::1,1,9962.99098142454,12673.569036607463,13094.315337752363,13236.177303927485,13211.74656585892,13294.15702754952,9434.699979562689,14850.6,3,True,South,7384.5,6092.25,7441.75,6889.0,,,12.0,12.0,4.0,,,24291,2024,12730.695256137924,0.7494263051638554,0.9533187407327889,0.9849677050313891,0.995638706275104,0.9938010013331556,9390.463710033604,12828.914400308331,,,
thegoodwash_000590::1,1,6444.454830669564,8029.163292365472,8248.676318463811,8307.965629738674,8281.573019351423,8384.319736930613,8384.319736930613,9238.423076923076,2,False,South,14684.0,6161.916666666667,13878.25,14853.666666666666,,,12.0,12.0,9.0,,,24286,2023,8538.981882229802,0.7686318070962299,0.9576403983019905,0.9838217741304247,0.9908932257371317,0.987745372218259,6416.84205473557,8528.62064885095,,,
thoroughbredcw_000304::1,1,6215.423748683374,7589.171927932664,7732.996871561118,7760.515182928234,7735.126518943795,7889.272519940212,7889.272519940212,,0,False,South,7390.0,5592.083333333333,7259.25,8157.833333333333,7815.416666666667,7250.333333333333,12.0,12.0,12.0,12.0,12.0,24257,2021,8061.494955811147,0.7878323043061106,0.9619609296992796,0.9801913740482273,0.9836794410781802,0.9804613162231611,6324.686266950083,8264.938384989266,8566.66061993709,8319.924836996477,8734.875745069454
thoroughbredcw_000304::10,2,6766.880726429642,7964.491756633734,7991.075044151937,7965.199859158975,7938.48620608787,8209.440609033933,8209.440609033933,,0,False,South,9131.5,6134.833333333333,8539.166666666666,9177.1,,,12.0,12.0,10.0,,,24285,2023,8494.548160318476,0.8242803680171763,0.9701625404134542,0.9734006766987632,0.9702487950754907,0.966994778834517,6883.9606139520165,8786.74672821569,8673.004939914763,,
thoroughbredcw_000304::11,1,6478.144541662762,8047.109480457944,9033.276035078145,9872.615618760694,10389.456482955457,8563.443923765284,8563.443923765284,7643.307692307692,1,False,Midwest,6808.5,4702.25,6800.833333333333,7579.222222222223,,,12.0,12.0,9.0,,,24286,2023,7513.26317081703,0.7564882305919707,0.939704814102372,1.0548648552492976,1.1528791110971364,1.213233434520733,5556.837315128708,7425.063406788362,,,
thoroughbredcw_000304::12,1,5412.084173814634,6680.068922186051,7352.818913223132,8337.030517604204,8959.447858182413,6961.081785789418,8041.934538227161,7350.307692307692,3,True,South,7442.0,5228.083333333333,7128.5,7739.7,,,12.0,12.0,10.0,,,24285,2023,7642.887691369701,0.7774774582972205,0.959630863097021,1.0562753232167763,1.1976630607362915,1.2870769420454915,5908.308192158451,7816.787129522546,8706.16813195186,,
thoroughbredcw_000304::13,1,7005.866984510042,8983.917035129405,9318.211494361734,9412.392760292876,9372.53875165801,9440.065026028546,8379.608765834219,10616.846153846154,3,True,South,4856.0,3562.4166666666665,4478.666666666667,5624.428571428572,,,12.0,12.0,7.0,,,24288,2023,9346.599614723184,0.7421418141922932,0.9516795711002594,0.9870918758153856,0.9970686361100934,0.9928468422426806,6865.207842659684,9342.826006339064,,,
thoroughbredcw_000304::15,1,6893.2868627610615,8189.879969513255,8748.318291152531,9623.471664579698,10185.925379962622,8460.426625000739,8460.426625000739,6879.346153846154,2,False,South,5369.5,2920.1666666666665,4424.5,5846.777777777777,,,12.0,12.0,9.0,,,24286,2023,8695.875488042288,0.8147682343099878,0.968022102492088,1.0340280317899178,1.1374688406542215,1.2039493788484612,6965.79258928955,8971.502581953268,,,
thoroughbredcw_000304::16,1,4798.50327178758,5676.3659476420435,6266.334114704194,7274.5558723760305,7963.740388109447,5857.915822106664,8030.230238261537,5295.307692307692,3,True,South,5989.0,5123.666666666667,5941.666666666667,6480.25,,,12.0,12.0,8.0,,,24287,2023,6737.296894733125,0.8191485534290095,0.9690077700025177,1.06972075137308,1.2418334597645182,1.3594835825492406,5422.000719017737,6865.830206465252,,,
thoroughbredcw_000304::17,1,6808.903129700993,8027.990278882528,8874.036002678475,10335.843398617932,11340.449584030835,8278.312586980697,8278.312586980697,6420.538461538462,1,False,South,3523.5,2544.6363636363635,3297.3333333333335,3968.625,,,11.0,12.0,8.0,,,24287,2023,8453.329966716248,0.8224989160725044,0.9697616748017162,1.071961937827121,1.2485447112583201,1.3698986918983902,6923.931648808282,8751.23678578791,,,
thoroughbredcw_000304::18,1,6738.325175320518,8063.576031815617,8740.062610838928,9805.953616344714,10498.7097254592,8343.902687206271,8343.902687206271,5857.923076923077,2,False,South,6973.5,3876.0833333333335,6558.916666666667,7409.1,,,12.0,12.0,10.0,,,24285,2023,8343.73965068445,0.8075747558336712,0.9664034126595844,1.0474789721888882,1.1752238711245049,1.2582493012001328,6632.0755154775325,8597.30873629082,9356.472261669487,,
thoroughbredcw_000304::19,1,4886.290058157187,5583.064005203581,5747.966173422118,5648.76817036619,5671.557172349305,5880.381275543267,5880.381275543267,,0,False,Midwest,3554.5,2903.3333333333335,3675.4166666666665,3774.8,,,12.0,12.0,5.0,,,24290,2024,4152.334110599737,0.8309478296040863,0.9494391168857977,0.9774818849464968,0.9606125701167771,0.9644879994325419,3425.406730394423,4111.778000088394,,,
thoroughbredcw_000304::2,1,6133.549540343919,7473.249639553978,7608.221444459199,7632.3886116351905,7607.384036930685,7765.019801965258,7765.019801965258,,0,False,South,10541.0,8505.0,10446.666666666666,9942.166666666666,10294.416666666666,10290.583333333334,12.0,12.0,12.0,12.0,12.0,24255,2021,7697.378494984019,0.7898949000479782,0.9624250588082937,0.979807088519417,0.9829194008885206,0.9796992449401511,6036.125347900077,7657.997805372882,8133.469780666295,7905.310497396717,7323.0383591499285
thoroughbredcw_000304::20,1,4750.5676831302435,6468.252963265703,6647.5930657591625,6455.5840810876725,6464.154252029136,6676.007301493306,6676.007301493306,,0,False,West,6726.5,5187.333333333333,6286.833333333333,7519.2,,,12.0,12.0,5.0,,,24290,2024,6165.267881880989,0.7115881497115236,0.9688804507177319,0.9957438279422212,0.9669827772123124,0.9682665042297389,4331.0737510181125,6431.8805482425605,,,
thoroughbredcw_000304::21,1,6515.167005890566,7729.277274706144,8101.947196651403,8064.393223410739,8092.527166990197,8179.6790166626,8179.6790166626,,0,False,Midwest,5803.0,4592.0,5791.5,5790.5,,,12.0,12.0,4.0,,,24291,2024,7564.328007196529,0.7965064390202473,0.9449365016599118,0.9904969596175044,0.9859058291875493,0.9893453215590895,5890.559524816381,7555.6639304363425,,,
thoroughbredcw_000304::24,1,5234.043017135708,6439.894553762863,5818.7177376419795,4941.584524048948,4766.282659395589,6522.053293160666,6522.053293160666,,0,False,West,9210.5,8815.666666666666,9670.333333333334,9014.0,,,12.0,12.0,1.0,,,24294,2024,5757.392300370099,0.8025146042005474,0.9874029334467478,0.8921604096280175,0.7576731286803388,0.7307948042058685,4594.059589731655,6058.803059564968,,,
thoroughbredcw_000304::25,1,6169.525074983751,7700.578870940383,7156.7879215282455,6463.256688518572,6500.0989915253,7820.860957968936,7820.860957968936,8570.833333333334,1,False,West,7235.5,8332.416666666666,7698.833333333333,,,,12.0,12.0,,,,24295,2024,7596.581522123228,0.7888549749369238,0.9846203521997161,0.9150895227508111,0.8264124273853691,0.8311232006882993,5931.008152153054,7856.35114727227,,,
thoroughbredcw_000304::4,1,6626.792076629299,7635.703099529254,7893.619069340223,7780.332587805072,7810.733904608835,8051.032122568244,8051.032122568244,,0,False,Midwest,8619.5,8633.5,10311.833333333334,9813.25,8359.444444444445,,12.0,12.0,12.0,9.0,,24274,2022,6636.522785864346,0.8230984519430016,0.948412946723345,0.9804480902781684,0.966377039534551,0.9701531164823182,5370.509786654438,6708.179328267254,7008.0287972852275,,
thoroughbredcw_000304::5,1,4949.649871786119,5568.233975809227,5508.639437891697,5493.338128335886,5506.570545175563,5676.768096716608,5676.768096716608,1498.923076923077,1,False,South,7473.5,5255.166666666667,6538.416666666667,7164.583333333333,7601.333333333333,,12.0,12.0,12.0,6.0,,24277,2023,3979.7036724114773,0.8719133470766495,0.9808810014680437,0.9703830320420953,0.9676876058250792,0.9700185829962852,3409.0649680841284,4105.321486453319,4223.740670417425,,
thoroughbredcw_000304::6,1,6201.361985031224,7495.7470159337245,7605.982681215326,7619.152148126101,7594.058268079661,7774.244047891132,7774.244047891132,,0,False,South,3570.0,2156.5,3259.3333333333335,3670.25,,,12.0,12.0,8.0,,,24287,2023,7897.334746704776,0.7976803849775499,0.9641769630279418,0.9783565623050579,0.980050549119679,0.9768227265954753,6273.343612598436,8128.565213995295,,,
thoroughbredcw_000304::7,1,6414.330970310394,7720.304741622794,7819.99053954421,7827.455239594033,7801.601865723797,7999.348198490988,7999.348198490988,,0,False,South,7789.5,6512.333333333333,9047.083333333334,7620.833333333333,7715.666666666667,,12.0,12.0,12.0,3.0,,24280,2023,8415.099087344941,0.8018567027149044,0.965116725770128,0.9775784658329273,0.9785116293688302,0.9752796943125324,6641.435839591286,8659.292302380029,8918.58507997332,,
thoroughbredcw_000304::8,1,4862.209533965184,5429.10570964639,5566.957800529239,5902.2011349800605,6154.83564590144,5524.53781267685,5524.53781267685,3535.0,1,False,South,9046.0,6452.916666666667,8334.916666666666,9349.416666666666,9001.166666666666,7307.5,12.0,12.0,12.0,12.0,2.0,24269,2022,4054.933564220028,0.88011154938756,0.9827257761162432,1.0076784681887867,1.0683610711174079,1.114090599901096,3542.9707030598333,4156.103337943044,4303.928753381325,4545.189759722014,
thoroughbredcw_000304::9,1,6324.47107970066,7686.323598924818,8146.32509825403,8170.764942700564,8196.627561240255,8158.243080819603,8158.243080819603,,0,False,Midwest,9031.5,5195.5,7838.333333333333,8850.0,,,12.0,12.0,10.0,,,24285,2023,7291.512550226394,0.77522464298346,0.9421542754708683,0.9985391483867903,1.0015348723685864,1.0047049934698435,5611.65929136352,7101.418775102927,7882.162033827053,,
tigerwash_000588::1,1,6932.83129279294,8779.221830947137,9650.626788359476,10782.939396551978,11449.996382252786,9200.145274671986,9200.145274671986,,0,False,South,10491.0,6606.333333333333,10034.0,13934.0,,,12.0,12.0,4.0,,,24291,2024,10425.40516513547,0.7535567195747479,0.9542481742235471,1.0489646087358713,1.172040122696478,1.2445451718870835,7755.750142380758,10711.988685040345,,,
topmartcw_000591::1,1,7160.261783331268,8035.894848573061,7893.200932117848,7792.454540806589,7765.406789250566,8187.627628519324,8187.627628519324,,0,False,South,1428.5,1360.4166666666667,1647.0,1422.4444444444443,,,12.0,12.0,9.0,,,24286,2023,8542.850086608902,0.8745221580901514,0.9814680409478144,0.9640400480139176,0.9517353370668373,0.9484318463875825,7304.163874981622,8862.956181866462,,,
topwash_000333::1,1,6761.3504701798365,8431.403692160222,8648.542804754434,8688.63674211537,8646.674270584945,8806.060250811652,8332.595084286859,9272.307692307691,11,True,South,13301.0,8249.666666666666,12342.333333333334,13753.833333333334,13456.166666666666,13892.5,12.0,12.0,12.0,12.0,10.0,24261,2021,9021.58689538671,0.7678065193293045,0.9574546905221438,0.982112608638727,0.9866656023974559,0.9819004213363159,6887.356906313005,9205.93211218892,9485.283153060818,9473.923404856167,9564.487367551386
topwash_000333::3,1,7169.0272290461035,8867.030549691217,9058.390047372388,9074.968204411687,9023.33428569444,9244.315392870987,8880.085786937465,9555.384615384615,10,True,South,11859.5,9226.166666666666,12728.5,12675.5,12448.727272727272,,12.0,12.0,12.0,11.0,,24272,2022,9844.44399698524,0.7755065599097473,0.9591873678963048,0.9798876025322567,0.9816809378237034,0.9760954599897184,7555.962918464089,9918.100816721655,10118.243407804483,10110.651526814268,
totalpackagecw_000206::3,1,5941.000119627461,7174.256748649037,7363.503207653771,7520.979521727316,7586.282156438061,7439.199604525675,7312.077338700005,8283.692307692309,4,True,South,10071.0,6993.416666666667,10455.833333333334,10069.333333333334,9333.5,,12.0,12.0,12.0,2.0,,24281,2023,7169.016326173879,0.7986074356726796,0.9643855696901239,0.9898246584449955,1.010993106993915,1.0197712871990836,5701.4134390530335,7368.462421568503,7682.109134174248,,
towncenterauto_000471::1,1,6455.17848440063,7494.102277003403,7968.0532619597825,8222.342096439299,8473.053153277802,7909.304821972651,7909.304821972651,,0,False,Midwest,9870.0,5402.916666666667,7893.083333333333,9526.666666666666,10407.3,,12.0,12.0,12.0,10.0,,24273,2022,6629.869307433369,0.8161499183174294,0.9475045463141358,1.0074277627818724,1.0395783550530264,1.0712765968684146,5316.014111047949,6697.7601852160315,7070.584230728539,7257.972910155789,
tridentexpcw_000630::1,1,7190.599100289374,8921.362042523177,9590.672852190375,10433.578802716504,10915.700712301794,9307.369452109358,8922.584298411653,9343.846153846154,3,True,South,7814.5,6915.916666666667,8437.75,8989.5,,,12.0,12.0,6.0,,,24289,2024,9827.975351290328,0.7725705031145772,0.9585266909654371,1.0304386112035997,1.1210018960139063,1.172801914490236,7464.922768085716,10056.453872862989,,,
trucarwash_000391::1,1,4634.283579684269,5437.7646388465355,5518.451467394676,5615.076282877519,5668.975512465372,5600.9347368432245,6912.826354952873,5536.164835164835,4,True,South,5246.0,4826.333333333333,6196.583333333333,5841.5,5313.916666666667,4991.0,12.0,12.0,12.0,12.0,2.0,24269,2022,5774.18096230996,0.8274125297693121,0.9708673452444736,0.9852733028817549,1.0025248546356504,1.012148110774184,4702.388073734988,5895.632416295935,6081.3671032764305,6147.229766373035,
trueclean_000554::1,1,5666.158757813922,7940.677106290888,8247.104347210063,8080.77786527383,8095.119902224487,8236.722369352758,8737.053012861996,8212.76923076923,3,True,West,10178.5,6224.666666666667,9911.666666666666,10224.916666666666,10492.5,,12.0,12.0,12.0,2.0,,24281,2023,9064.313090044247,0.6879142580908879,0.9640578800903383,1.0012604501392368,0.9810671651797848,0.982808396255391,6209.531366549359,9113.983830313317,9774.907196778751,,
trushine_000114::5,1,6198.063253662255,7368.437666206594,7767.082338673241,8376.747373813883,8764.57377286495,7612.946665975073,7612.946665975073,5571.846153846154,2,False,South,6605.0,2474.1666666666665,3693.9166666666665,4840.916666666667,6472.333333333333,6935.5,12.0,12.0,12.0,12.0,12.0,24257,2021,7100.49691500066,0.8141477309126007,0.9678824756698644,1.020246519443917,1.100329181505041,1.151272188998368,5689.812346913164,7327.480871020609,7923.137277868373,8315.499058475274,8826.287539953428
trushine_000114::6,1,5582.786662052898,6795.95030937213,6888.233213044554,6866.524849214379,6818.197152323909,7059.809234740849,7059.809234740849,7485.692307692308,1,False,South,6707.0,3851.0,6098.5,7334.166666666667,7606.333333333333,6554.111111111111,12.0,12.0,12.0,12.0,9.0,24262,2021,6167.530002960399,0.7907843507414305,0.9626252046485495,0.9756967906651102,0.9726218685095157,0.965776400695364,4841.895755516989,6192.111192413415,6523.959353144425,6283.943927357523,
trushine_000114::7,1,6164.374643669912,7582.943558288031,8158.048663862323,8930.8679097417,9392.096369120029,7895.974340671161,7895.974340671161,5329.538461538461,2,False,South,4874.0,3107.5,4051.1666666666665,5145.333333333333,5532.666666666667,,12.0,12.0,12.0,6.0,,24277,2023,7754.876846377054,0.7806984138636318,0.96035564847637,1.033190878273407,1.1310659741812905,1.1894790894573368,6010.412792183612,7698.612729323526,8439.46312772531,,
trushine_000114::8,1,6366.62405733276,7807.124545115211,8273.497949032673,8845.434269653646,9165.99180778909,8123.672408813107,8123.672408813107,6408.923076923077,1,False,South,4670.0,3657.6666666666665,5003.75,5404.0,,,12.0,12.0,2.0,,,24293,2024,8582.104718201757,0.7837125547339671,0.9610338960302629,1.0184430800110829,1.0888467462151137,1.1283064292259257,6639.961084403725,8880.7233377207,,,
tsunamicarwash_000122::10,1,5488.987501082284,6433.805671328789,6931.885463149015,7252.753857030625,7518.221273485969,6798.486548514152,6798.486548514152,5982.423076923077,2,False,Midwest,1842.0,6355.083333333333,11056.833333333334,0.8333333333333334,,,12.0,12.0,6.0,,,24289,2024,5343.104180293912,0.8073837407653522,0.9463585204467212,1.019621854611747,1.0668188875972338,1.1058669043228626,4217.65009323336,5345.015798983936,,,
tsunamicarwash_000122::11,1,4626.156823520726,5327.762881154631,5506.35918214158,5426.372372146986,5447.616938158951,5617.1898557445875,5617.1898557445875,,0,False,Midwest,253.0,4615.916666666667,2566.8333333333335,0.0,,,12.0,12.0,1.0,,,24294,2024,4044.8639696739215,0.8235713839705183,0.9484747743938252,0.980269373752845,0.9660297250942201,0.9698117881110574,3312.2493674408192,4088.8041229948903,,,
tsunamicarwash_000122::16,1,4747.778223894248,5906.398370948042,6342.3932152703355,6436.117120436184,6472.482788664438,6286.470134874783,6330.906654544909,7313.2692307692305,4,True,Midwest,2977.0,9121.666666666666,4564.416666666667,,,,12.0,12.0,,,,24295,2024,4809.889846758616,0.7552375374465716,0.9395413076380881,1.0088957839925643,1.023804612501254,1.0295893641103506,3595.27278608808,4746.624588772862,,,
tsunamicarwash_000122::3,1,5531.397225423337,6670.495011159631,6837.588494981964,6548.358170469411,6402.076756137953,7073.395035835818,7073.395035835818,10442.692307692309,2,False,Midwest,4555.5,5663.75,9646.583333333334,12850.75,17238.666666666668,6939.75,12.0,12.0,12.0,12.0,12.0,24259,2021,5534.335036014427,0.7820003262082375,0.9430400786842836,0.9666628910644476,0.9257730039526392,0.9050924942977486,4254.960361572426,5562.399757932981,5799.967939464496,5415.343775357035,5536.076724309442
tsunamicarwash_000122::5,1,5035.372067822437,6289.929998497399,6401.749176772963,6032.006271996394,5820.502953244258,6697.900677775517,6697.900677775517,9661.384615384615,1,False,Midwest,1106.0,5912.916666666667,7119.583333333333,7906.25,4255.5,0.0,12.0,12.0,12.0,12.0,2.0,24269,2022,5447.252296025142,0.7517836274476927,0.9390897687342817,0.9557844292936112,0.9005816243306437,0.8690040705675771,4023.2921523146615,5379.782441967537,5694.305422808028,5146.9600038935,
tsunamicarwash_000122::6,1,5919.265486915483,6751.371183546056,7161.609653474349,7390.269465917553,7645.077410333354,7109.276174914379,8882.402391001859,7560.923076923076,4,True,Midwest,3176.5,11649.583333333334,15263.333333333334,17709.25,2477.0,,12.0,12.0,12.0,8.0,,24275,2022,7338.777440803478,0.8326115544367316,0.9496566200886641,1.0073612949155968,1.0395248804645796,1.0753664961433895,6084.932526928731,7439.896844257412,7962.320604113388,,
tsunamicarwash_000122::7,1,6333.537386111285,7509.934560888516,7870.14289365368,7832.351309144501,7859.731477316581,7947.0480226524,7947.0480226524,,0,False,Midwest,2912.5,12493.5,16529.333333333332,18624.416666666668,831.5714285714286,,12.0,12.0,12.0,7.0,,24276,2022,7241.347206270482,0.7969672975497396,0.9449967509296624,0.9903228055525136,0.9855673813495319,0.9890127069715786,5680.229146931603,7296.137507350506,7665.672596512194,,
tsunamicarwash_000122::8,1,5949.692766837656,7128.5687376023825,7576.29138305954,7677.665650877422,7772.642355628203,7553.158870880297,7553.158870880297,4414.307692307692,4,False,Midwest,3793.5,14995.75,20140.75,21132.583333333332,2685.75,,12.0,12.0,12.0,8.0,,24275,2022,5987.931769429068,0.787709204658135,0.9437864156525506,1.003062627514486,1.0164840674114688,1.0290585023431826,4682.619413459079,5894.144950409493,6358.3043256772025,,
tsunamicarwash_000122::9,1,5334.563316998661,6780.088226097249,7132.415593281308,6983.820013627493,6852.986819158508,7234.34258472936,7419.594654852064,8278.692307692309,3,True,Midwest,5627.0,9897.25,15406.666666666666,11429.0,0.0,,12.0,12.0,12.0,3.0,,24280,2023,6203.258219087665,0.7373943457224634,0.9372086193995048,0.9859106767126007,0.9653703749625178,0.9472853599198028,4541.149092717697,6009.8219675878845,6537.497625538484,,
unclecharlies_000603::1,1,5022.985109432202,6078.341453429884,6154.0362289302875,6140.709823049508,6105.068308939631,6305.820113271232,6970.875543455994,6262.884615384615,4,True,South,3818.0,1949.8333333333333,3741.3333333333335,4872.0,,,12.0,12.0,3.0,,,24292,2024,6504.484556607734,0.796563336600869,0.9639256027360189,0.9759295568832513,0.9738162067334852,0.968164045163753,5115.029240450029,6751.064046214338,,,
ustop_000276::1,1,4221.428665205286,4634.407987745713,5148.829374776648,5823.981235846176,6421.1674456353985,4855.488733994223,4855.488733994223,2218.3846153846152,1,False,Midwest,2888.0,1829.4166666666667,2378.9166666666665,2566.5,2973.4166666666665,3140.75,12.0,12.0,12.0,12.0,12.0,24257,2021,2871.7762497446324,0.8694137493616741,0.9544678695883525,1.0604142356934514,1.199463443313409,1.322455430836355,2441.0350134130827,2897.4207577973048,3279.871520434769,3599.1156226295275,3865.09914341785
ustop_000276::4,1,4180.766784381345,4525.946830255138,4650.149632886984,4669.145385271183,4811.24114177086,4732.814552072176,4732.814552072176,2343.846153846154,1,False,Midwest,2186.5,1080.9166666666667,1785.8333333333333,2397.9166666666665,2305.0,,12.0,12.0,12.0,4.0,,24279,2023,2852.669906752715,0.8833574057007733,0.9562907611230055,0.9825336661143845,0.986547293138051,1.0165708140126357,2505.565913057572,2907.4220578044315,3065.50674943445,,
varsitycarwash_000227::3,1,6371.053529306156,7942.353675509518,8661.04003841103,8996.960821051796,9174.051103827072,8455.505358459754,8455.505358459754,7867.153846153846,1,False,Midwest,9407.0,7173.916666666667,8996.666666666666,9331.416666666666,9752.25,10833.5,12.0,12.0,12.0,12.0,4.0,24267,2022,7111.697175197673,0.7534799233415306,0.9393115300392039,1.0243077937081122,1.064035848791736,1.0849796333755986,5303.445251306372,7016.439488239204,7897.4854043502355,8026.290236908818,
vibecw_000482::1,1,8234.661442904979,10025.756425963977,10587.11803983236,11306.552618376722,11722.571780905117,10415.408321718318,9699.750455286814,10671.346153846152,8,True,South,16357.5,5982.083333333333,14783.5,16060.416666666666,16188.2,,12.0,12.0,12.0,5.0,,24278,2023,11712.09583746402,0.7906230066596599,0.9625888987048319,1.016486124481168,1.08556018824535,1.1255028529665119,9103.894221083217,12015.506051348335,12539.9389944523,,
vibecw_000482::2,1,8047.236423868431,9748.193304333974,10119.197610692649,10538.24813426937,10762.977425717536,10115.428759353345,9101.117496521128,10671.346153846152,8,True,South,11709.5,5822.333333333333,10281.75,11554.6,,,12.0,12.0,10.0,,,24285,2023,10724.139418116292,0.7955408134754015,0.9636955126909671,1.0003725844379874,1.0417994516075317,1.0640159385992836,8381.777589377189,10868.82013238856,11484.981744925113,,
vibecw_000482::4,1,8588.771090725304,10427.725547788838,10854.054063230848,11325.596559674354,11572.281027930603,10826.131316345036,8988.602416572458,11179.0,4,True,South,12198.0,7646.5,11986.333333333334,,,,12.0,12.0,,,,24295,2024,11108.271414071913,0.7933370508593575,0.9631996179508099,1.0025791989834498,1.046135154722836,1.0689211768989952,8775.94385502531,11421.927017971586,,,
vicsexpress_000463::1,1,4704.997632839605,6500.5374432726285,6541.470540294173,6120.4608239084855,5977.399803035608,6726.457930240882,7703.756382383377,7164.076923076923,7,True,West,9364.5,6577.666666666667,8735.083333333334,9036.583333333334,8922.9,,12.0,12.0,12.0,10.0,,24273,2022,6848.223170611614,0.6994762595164427,0.96641315692282,0.972498543532839,0.9099084373057701,0.8886400338820748,4714.730437350277,7056.414151013615,7220.245483081278,6537.7125018917295,
victorycarwash_000375::1,1,2187.439631008276,2514.381933433952,2405.0599298349784,2185.4113930164403,2179.3432651653015,2510.889581467095,2510.889581467095,,0,False,West,643.0,312.5,574.9166666666666,409.0833333333333,472.75,769.8333333333334,12.0,12.0,12.0,12.0,6.0,24265,2022,1219.6048792313002,0.8711811332341307,1.0013908823361386,0.9578517301544256,0.8703733565772812,0.867956632283259,1054.808722852692,1273.7759149554506,1259.8240052995461,1110.5607820791267,
visioncw_000617::1,1,10058.143333463193,13055.636693286971,14119.142440860523,15161.297271946343,15655.56074461614,13753.778316732169,11128.7313056229,14534.628205128203,4,True,South,13401.0,8426.166666666666,13541.083333333334,16173.25,,,12.0,12.0,4.0,,,24291,2024,15401.913066823738,0.7313003817450622,0.9492400119176072,1.0265646366921497,1.10233689411017,1.1382734535985908,11065.771143214144,15113.191208495833,,,
vortexcw_000500::1,1,5338.834869198863,6645.208083119655,7576.814339429784,9027.284765953378,9988.214779256476,6937.660631746416,6937.660631746416,3188.6923076923076,1,False,South,5147.0,2810.8333333333335,4546.916666666667,5256.666666666667,7081.0,,12.0,12.0,12.0,5.0,,24278,2023,6221.646109011276,0.7695439648299602,0.9578456537224507,1.0921281310242577,1.3012001083830678,1.439709335673017,4707.191628906519,6361.7622411465445,7127.160932097095,,
wash37135_000143::3,1,6595.253338969208,8018.510599620981,8156.100673212251,8178.847901874758,8152.01491626844,8327.499670436944,8327.499670436944,,0,False,South,12608.5,6608.416666666667,9507.75,10697.75,11777.666666666666,12574.444444444445,12.0,12.0,12.0,12.0,9.0,24262,2021,8404.93698409748,0.7919848213723382,0.9628953367704246,0.9794177119173997,0.982149291570685,0.9789270776207313,6588.165028200213,8511.25610522123,8714.426939511808,8692.908661027242,
wash37135_000143::4,1,6011.129345698772,7345.106194064402,7486.551628526605,7514.173832068766,7489.602914114269,7636.819718744084,7636.819718744084,,0,False,South,6500.0,5075.833333333333,5960.5,6466.0,,,12.0,12.0,7.0,,,24288,2023,7587.056971593762,0.7871246889519784,0.9618017007834178,0.9803232110025256,0.9839401882992876,0.9807227602520876,5895.65145384214,7777.2397318995645,,,
washashorecw_000139::3,1,6354.953781238084,7689.734109927995,7819.708936645897,7774.422777614753,7758.078514623515,7968.000497069675,7968.000497069675,,0,False,Unknown,9135.5,6207.25,8297.833333333334,8931.666666666666,,,12.0,12.0,9.0,,,24286,2023,6279.621633052044,0.7975594107424056,0.9650770118244828,0.9813891125536056,0.9757056090136902,0.9736543713164475,4944.375449137607,6406.1204804198915,,,
washboxcw_000392::1,1,5682.477917435971,6756.838127392662,6809.115690285479,6800.25218085134,6777.605700861722,6981.376269524574,6981.376269524574,,0,False,South,11591.5,9725.75,11369.083333333334,11944.083333333334,11895.416666666666,7423.333333333333,12.0,12.0,12.0,12.0,3.0,24264,2021,6442.745460259731,0.8139480953406545,0.9678375533041992,0.9753256990328605,0.9740561056042939,0.9708122638293597,5127.01502476398,6591.330635278763,6716.990839558641,6664.212758665575,
washcity_000125::11,1,11154.917249844915,13952.884239806885,15153.594903276557,16695.991270588576,17592.728091759884,14582.712724913175,10524.360558146118,16091.777777777776,4,True,South,9424.5,9346.666666666666,10734.583333333334,7253.285714285715,,,12.0,12.0,7.0,,,24276,2022,14788.141149404508,0.7649411642586774,0.9568099230241099,1.039147872493441,1.1449166959220876,1.2064098377049137,11247.589993465726,15080.156831140846,,,
washcity_000125::9,2,8731.097788311554,11193.73651683292,11579.122339458729,11643.354182328332,11561.7364039152,11761.522811565164,7381.755304490149,13030.346153846152,10,True,South,16142.0,11035.666666666666,15820.25,17477.166666666668,0.0,,12.0,12.0,12.0,2.0,,24269,2022,9291.043678724856,0.742344161397725,0.9517251036427071,0.9844917639468351,0.9899529481743099,0.9830135594811317,6826.261926014535,9287.736845547208,9851.611386556635,,
washngoca_000606::1,1,5745.953370750826,6992.547342116727,6865.7669558212865,6398.479689547148,6390.909710076812,7066.244707479672,7066.244707479672,,0,False,West,13683.0,5493.833333333333,12396.666666666666,13994.0,,,12.0,12.0,7.0,,,24288,2023,6350.239951464659,0.813155163543755,0.9895705047852453,0.9716288127629973,0.9054993075422806,0.9044280200644604,5076.760756626106,6697.357446665232,,,
washnroll_000485::1,2,7330.120143586181,9143.33608813787,10366.746475174195,12257.964879808424,13509.207148885327,9550.243503774684,9117.712280507823,10561.692307692309,3,True,South,8236.5,5836.333333333333,6597.25,7537.333333333333,7942.818181818182,,12.0,12.0,12.0,11.0,,24272,2022,10256.425156274943,0.7675322771287444,0.9573929800349085,1.085495513394689,1.2835238049127782,1.4145405971634004,7733.994865204049,10326.81430182084,12176.637120881713,13790.402533123273,
washnroll_000485::2,2,7300.926816472312,9167.121727855209,10404.065942688483,12296.685807117105,13545.891630227066,9588.927706499917,9722.388956985133,9626.923076923078,4,True,South,13536.0,14861.666666666666,14221.166666666666,13221.166666666666,12820.818181818182,,12.0,12.0,12.0,11.0,,24272,2022,10979.205280617105,0.7613913713754804,0.956011142063488,1.0850082784163677,1.282383826794493,1.4126596888455938,8324.697710450546,11204.96374868034,12495.154314912827,14985.315194343188,
washnroll_000485::3,2,6230.064438255359,7456.914932092556,7719.335127886739,8037.644473745885,8213.945857564528,7716.525386247607,9727.3084724512,7602.846153846154,9,True,South,14139.0,11419.583333333334,14079.75,13867.416666666666,13402.3,,12.0,12.0,12.0,10.0,,24273,2022,10160.393021757509,0.8073665447091746,0.9663565606072225,1.0003641200538445,1.0416144665409353,1.0644617164356673,8073.972026184211,10468.663266906866,11003.510153408211,11238.579387313475,
washnroll_000485::4,2,9335.264527960591,11797.332617352316,12383.858646947048,12833.414639178596,12998.641215703588,12357.491258158769,9541.908795320936,13630.46153846154,5,True,South,7767.0,7440.083333333333,8997.666666666666,8054.833333333333,7097.4,,12.0,12.0,12.0,10.0,,24273,2022,12181.960877281506,0.7554336339746291,0.9546705209735334,1.002133716968715,1.0385129449883777,1.0518835048433892,9136.07413894523,12129.445837574547,13165.438020281461,13322.393641586961,
washnroll_000485::6,1,4856.1151140371985,5539.231686515607,5492.068233318063,5458.744944167652,5451.051684127608,5666.630320271219,7500.649749394896,4995.461538461538,3,True,South,2628.0,5095.0,3846.5833333333335,2947.5833333333335,2546.3,,12.0,12.0,12.0,10.0,,24273,2022,6086.990506424044,0.8569669873585071,0.9775177439580153,0.9691947282446333,0.9633141100876301,0.9619564672549006,5178.605334444075,6150.816163790548,6362.182251307848,6142.533677169629,
washrite_000380::1,1,7605.200758640939,9929.567267268949,10599.546862487286,11109.277255813791,11294.539708748009,10473.334055714911,8874.562902603268,11266.846153846154,3,True,South,11350.0,11047.416666666666,11719.166666666666,10747.416666666666,11112.666666666666,11560.888888888889,12.0,12.0,12.0,12.0,9.0,24262,2021,10091.01425456113,0.7261489720640641,0.9480808321826373,1.0120508718714558,1.0607202249747651,1.07840919125319,7164.030924531857,10301.394318628989,10999.370880768993,11313.363513373095,
washrite_000380::2,1,7350.655829819135,8757.566845584448,9094.531315515656,9518.214802066052,9759.104819980204,9052.729229693769,9052.729229693769,9715.423076923078,2,False,South,14374.5,8221.25,12726.083333333334,13797.333333333334,14116.5,15526.6,12.0,12.0,12.0,12.0,5.0,24266,2022,9834.665155139486,0.8119822921145504,0.9673952046261186,1.0046176224607242,1.0514193632176083,1.0780290200185663,7940.063818339194,10139.816798598205,10805.968213358758,10848.90160377059,
washrite_000380::3,1,7537.001849793174,9874.91132606992,10444.589960499394,10769.69823546436,10838.583191078274,10423.237680024691,8407.805373916912,11600.0,3,True,South,9182.5,5736.5,7982.333333333333,8824.25,9736.0,8469.0,12.0,12.0,12.0,12.0,1.0,24270,2022,9636.818397156963,0.723096036103757,0.9473938548858388,1.0020485266795387,1.033239245431737,1.0398480322337424,6928.632278546165,9589.547474363584,10469.05612186913,10403.818125450789,
washrite_000380::4,1,7753.561500472698,10100.88279834643,10734.840612876733,11181.098140740483,11327.76800509134,10649.113823411511,8526.385753174653,11600.0,3,True,South,11503.5,7476.583333333333,10395.416666666666,11090.0,11788.727272727272,,12.0,12.0,12.0,11.0,,24272,2022,9941.400342470803,0.7280945277744054,0.9485186247272684,1.0080501336436798,1.0499557358622116,1.0637287001466587,7163.8829225965455,9904.38015746495,10555.74879534075,11071.434577547196,
washrite_000380::5,1,5924.254246444531,7103.007584440322,7183.107402482288,7184.860902413161,7161.0682202004755,7353.201678769068,7353.201678769068,,0,False,South,12759.5,10243.0,12969.25,12501.916666666666,12986.875,,12.0,12.0,12.0,8.0,,24275,2022,6946.422832445669,0.8056700339866452,0.9659748086264065,0.9768679979527973,0.9771064654948934,0.9738707753490101,5502.265771839616,7151.441930208402,7346.148993079794,,
washrite_000380::6,1,7084.74185002855,8651.248454884797,9310.79285921506,9566.049073359138,9726.29388167471,9187.649993347708,9187.649993347708,12997.6,1,False,Midwest,9675.5,9851.583333333334,12794.666666666666,10769.0,10730.6,,12.0,12.0,12.0,5.0,,24278,2023,8550.45828112251,0.7711157755419762,0.9416171122265986,1.013403086312225,1.0411856220345146,1.0586269490802334,6477.690540973814,8467.27857496461,9276.362073198006,,
washrite_000380::7,1,6816.901783455148,7898.390317617272,8187.093616809667,8085.054574037371,8115.983348461942,8333.895661824508,8333.895661824508,,0,False,Midwest,15843.5,10970.833333333334,13698.25,15531.09090909091,,,12.0,12.0,11.0,,,24284,2023,7342.7539338412,0.8179730176706759,0.947742884974889,0.982384943252013,0.9701410843278233,0.9738522868289835,5981.189589126914,7428.927225727593,7566.209097234287,,
washrite_000380::8,1,6668.749504300147,7703.419198574361,7973.351109569863,7865.783323912713,7896.2241017731985,8125.045405172545,8125.045405172545,,0,False,Midwest,14028.0,9960.333333333334,12438.833333333334,14175.857142857143,,,12.0,12.0,7.0,,,24288,2023,7196.701788351117,0.8207645830575551,0.948107833793794,0.9813300371827941,0.9680909990860136,0.9718375354242729,5813.773372034829,7275.026266430201,,,
washrite_000380::9,1,6896.917708157438,8454.99722851208,8756.383067359715,8437.425486384536,8246.800932877943,8983.445631824019,8983.445631824019,12162.615384615385,1,False,Midwest,12839.5,9984.583333333334,10963.583333333334,13640.2,,,12.0,12.0,5.0,,,24290,2024,8557.23902356383,0.7677363442513618,0.9411753101237792,0.9747243347630523,0.9392192964907367,0.9179997598764889,6522.166197330996,8399.906184936774,,,
washup_000294::1,1,6118.622488889817,6714.479396619673,6700.1035582277,6368.481301758008,6330.32852769654,7034.402564738876,7034.402564738876,12571.96153846154,2,False,Midwest,4001.0,3555.5833333333335,4758.833333333333,4362.583333333333,4022.5833333333335,4556.833333333333,12.0,12.0,12.0,12.0,12.0,24253,2021,5527.547315307986,0.8698140933190885,0.9545202076260361,0.9524765602430963,0.9053336432124443,0.8999099027156016,4773.149166512097,5454.099655007712,5699.665911297842,5250.387410423204,5247.391265315396
washup_000294::2,1,10060.848786663852,12603.650515989735,13185.722857835906,12857.03539969145,12613.800849346471,13425.634791792796,6823.390209211997,17119.846153846152,3,True,Midwest,3253.0,2660.0,3549.3333333333335,3982.4166666666665,3817.0833333333335,3712.3333333333335,12.0,12.0,12.0,12.0,12.0,24253,2021,7493.264852796871,0.7493760215207205,0.9387750159638226,0.9821303098380458,0.9576482303504236,0.9395310571875077,5543.522265710614,7574.403409236183,7790.702407104462,7507.488666369422,7426.67078001312
washup_000294::3,1,7497.891232461466,8023.656164670782,8855.743790878525,10042.240039528644,11157.683755685226,8376.995052234519,8376.995052234519,7560.923076923076,2,False,Midwest,9425.5,12990.833333333334,13622.333333333334,11694.583333333334,8670.083333333334,10734.916666666666,12.0,12.0,12.0,12.0,12.0,24256,2021,7201.446120662065,0.8950573786553023,0.9578203299201561,1.0571504143978576,1.1987878680732813,1.3319434577807197,6301.84182410655,7291.274034366367,8137.867508465748,9091.074189376834,9091.45463853009
washup_000294::7,1,9065.749132418672,11501.548698920102,12406.782032838064,12585.517985808903,12607.49106969806,12269.59103885311,6943.585052217446,15058.384615384612,4,True,Midwest,4249.5,2472.8333333333335,4058.8333333333335,5175.5,4824.5,,12.0,12.0,12.0,2.0,,24281,2023,7632.119526855793,0.7388794869943835,0.9374027758952266,1.0111813827820766,1.0257487756482977,1.0275396327208421,5598.412190791161,7624.967532386275,8311.98807147038,,
washwizard_000252::3,1,8291.960492226961,9515.72347629898,9507.011406269923,9560.486972511992,9614.74341402175,9748.98949722966,9748.98949722966,9424.26923076923,2,False,South,6279.5,6916.75,9337.5,7647.583333333333,6807.857142857143,,12.0,12.0,12.0,7.0,,24276,2022,10823.726713279046,0.8505456380462059,0.9760728000582042,0.9751791617963586,0.9806644037547445,0.9862297437856448,9088.440336719097,11375.614192017245,11544.218721229989,,
waterscarwash_000245::4,1,9548.105573884195,12314.592916570937,12756.670581713235,12826.60986866633,12729.595107135005,12955.652989863838,9435.5901088317,12893.157692307694,4,True,South,16776.5,8445.166666666666,9468.666666666666,14285.666666666666,16314.166666666666,16403.0,12.0,12.0,12.0,12.0,9.0,24253,2021,12195.240994647682,0.7369837384000931,0.9505188913446161,0.9846412675373227,0.990039628160891,0.9825514095734352,8787.09248704841,12253.235888435198,13018.27735097847,12821.442013008775,
waterscarwash_000245::5,1,9903.664038390129,12569.55204788832,13023.165831948798,13183.613077513568,13157.907944998216,13178.610609867754,9911.507091995943,14249.53846153846,3,True,South,13705.5,8854.5,11278.416666666666,13971.666666666666,14627.833333333334,10143.0,12.0,12.0,12.0,12.0,2.0,24260,2021,12744.678099929828,0.7514953079328831,0.9537843115629058,0.9882047673673153,1.0003795899123136,0.9984290707509003,9522.98282533195,12955.245451469003,13265.85258547478,13569.71223635596,
waterscarwash_000245::6,2,2342.030915724381,2653.442891971978,2627.992355256952,2615.793081676307,2616.724068368357,2709.933783313694,5408.285118749802,2797.461538461538,4,True,South,7882.5,4909.583333333333,7031.166666666667,8086.272727272727,,,12.0,12.0,11.0,,,24274,2022,3147.4445809921976,0.8642391670768267,0.979154143289568,0.969762571852754,0.9652608848905996,0.9656044308096117,2685.3874630436485,3237.0024873313255,3267.605264165278,,
waterscarwash_000245::7,1,7291.2994344215,8376.714895385901,8663.74059896428,9209.486346578087,9582.397314512682,8584.392090381923,8584.392090381923,8912.307692307691,1,False,South,10997.5,6574.583333333333,11280.833333333334,9024.6,,,12.0,12.0,5.0,,,24281,2023,9249.455379252819,0.8493670090618038,0.9758075827840266,1.0092433462669137,1.0728175332178185,1.1162581128195366,7680.835344194214,9540.694830566867,,,
waveswash_000587::1,1,5334.749254657429,6257.932695400454,6269.743682572007,6245.416431192955,6224.421672002004,6445.2875337314745,6445.2875337314745,,0,False,South,4073.5,3261.4166666666665,4049.1666666666665,3591.2,,,12.0,12.0,5.0,,,24290,2024,5860.070625997295,0.8276976359453272,0.9709315003635606,0.9727640000169493,0.968989575485579,0.965732194169218,4822.724151420931,6063.983931180211,,,
westchestercw_000036::10,2,7416.720114743609,7834.62592549487,7780.43275771489,7561.471070609457,7530.485479258808,8149.603889254911,8523.811984013857,7931.2692307692305,10,True,Northeast,9600.5,8770.5,9363.583333333334,9629.916666666666,10579.57142857143,,12.0,12.0,12.0,7.0,,24276,2022,11003.74037826375,0.9100712397227557,0.9613505186214838,0.9547007269854224,0.9278329564678724,0.9240308586270801,9911.260122958494,11111.072342666332,11065.395469835783,,
wetrabbitexpcw_000325::1,1,5138.20269818185,6373.317116194407,6309.7321301063375,5925.917276321929,5921.746047501246,6464.94370379827,6464.94370379827,,0,False,West,10957.5,4785.0,9808.5,12753.416666666666,13064.166666666666,12229.916666666666,12.0,12.0,12.0,12.0,12.0,24257,2021,5408.458351498149,0.7947791865786958,0.9858271638854287,0.9759918135712856,0.9166231830975338,0.9159779758054373,4226.132534886621,5682.518662456802,5714.553448691431,5193.275079195673,5475.644192993191
wetrabbitexpcw_000325::3,1,7151.977974480506,8511.348923389016,8312.535797964621,7742.778776120951,7770.429796294677,8561.992625001478,8561.992625001478,16719.53846153846,1,False,West,8477.5,8969.666666666666,9682.833333333334,9449.166666666666,9852.833333333334,9143.333333333334,12.0,12.0,12.0,12.0,12.0,24257,2021,9550.4187206224,0.8353169977741335,0.9940850566181779,0.9708646295363034,0.9043197203314123,0.9075492279220849,7837.633439284205,9984.494264375015,9926.294790274098,9128.522425558753,9578.627533728495
wetrabbitexpcw_000325::4,1,7735.789643001784,9144.26698674219,8866.474290327018,8169.691388158567,8158.760956813243,9185.825336041566,9185.825336041566,7626.961538461539,2,False,West,15184.0,12622.083333333334,15766.166666666666,18589.666666666668,17718.583333333332,14994.0,12.0,12.0,12.0,12.0,1.0,24270,2022,9091.275031981131,0.8421442124149245,0.9954758176016785,0.9652343655543352,0.8893802232559236,0.8881902995478778,7624.315876261335,9661.223020172865,9499.925656581952,8483.254300433884,
whitecap_000597::1,1,5240.879439775983,6796.285787324933,7090.76204852737,7188.354699817223,7165.711005134276,7158.284958612428,7158.284958612428,,0,False,South,6975.5,5013.5,6503.75,6730.777777777777,,,12.0,12.0,9.0,,,24286,2023,6876.322178225341,0.7321417727957957,0.949429343288163,0.9905671665104895,1.0042006907211227,1.0010374058262257,4955.156626931138,6960.848637940275,,,
whitecap_000597::3,1,4620.369237550001,5351.209995335783,5392.398263021493,5465.581965323268,5514.555661625676,5494.619476313023,5726.0274544879385,6033.0,11,True,South,2897.5,2642.0,3905.25,4500.0,,,12.0,12.0,1.0,,,24294,2024,5028.162325849096,0.840889757237628,0.9739000158981945,0.9813961251125397,0.9947152826296828,1.003628310458731,4197.536198053566,5107.3298779969155,,,
whitecap_000597::4,1,5985.805645330566,7333.770884692614,7772.975466292992,8316.557293444546,8623.091428779573,7629.636009363801,8249.411972719978,8109.615384615385,8,True,South,6034.0,4349.0,6124.583333333333,,,,12.0,12.0,,,,24295,2024,8296.69125228161,0.7845466858424474,0.9612215937551839,1.0187871946647613,1.0900332969014106,1.130210067452302,6462.0426322146595,8243.922883039804,,,
willyswash_000501::1,1,5913.777959718797,7090.712547216509,7170.786632653161,7172.586815790295,7148.835380828306,7340.537120634549,7340.537120634549,,0,False,South,5173.0,4200.333333333333,5106.75,5186.166666666667,5793.2,,12.0,12.0,12.0,5.0,,24278,2023,7151.467760477071,0.8056328661692789,0.9659664450553934,0.9768749227486075,0.9771201613609256,0.9738845078151895,5687.838817984838,7438.289054174561,7478.94299147803,,
woodys_000289::1,1,8257.912459592204,10359.292482793388,10685.187978900356,10797.268829251285,10776.855887698895,10833.799850106258,9063.989280135498,10186.132867132868,14,True,South,16035.0,10928.416666666666,17784.083333333332,19833.833333333332,17062.166666666668,16901.916666666668,12.0,12.0,12.0,12.0,12.0,24253,2021,10658.683990153835,0.7622360181881347,0.956201206051613,0.986282571834254,0.9966280509737666,0.9947438605849079,7943.098689020554,10773.393628367052,11336.980078923258,11099.281751685168,11447.909005551086
woodys_000289::10,1,8093.096216333521,10514.464239974364,10982.515297893087,11144.855031924477,11114.581649628324,11078.815217492487,9168.795682948252,13001.23076923077,13,True,South,7655.5,4606.666666666667,6945.833333333333,6812.333333333333,8449.454545454546,,12.0,12.0,12.0,11.0,,24272,2022,11782.097245998311,0.7305019586891588,0.9490603492847266,0.9913077420546422,1.0059609094596793,1.0032283625490355,8557.794327540518,11917.441606996525,12250.92180719113,12571.556517903413,
woodys_000289::11,1,4977.466285187788,5998.181081014832,6078.866715816693,6086.273796930313,6066.337035704943,6216.716894856701,6296.019785948444,7202.7307692307695,4,True,South,8177.5,2634.9166666666665,6272.416666666667,7177.0,9685.285714285714,,12.0,12.0,12.0,7.0,,24276,2022,5612.623338019379,0.8006583489921848,0.9648470699988492,0.9778258876234083,0.9790173655753396,0.9758104057663987,4447.6057586494635,5687.982549372484,5809.835642791912,,
woodys_000289::12,1,11154.917249844952,13952.884239806932,15153.59490327661,16695.991270588635,17592.728091759946,14582.712724913228,10524.360558146136,16091.777777777776,4,True,South,22404.0,18668.333333333332,20144.333333333332,20708.583333333332,23306.222222222223,,12.0,12.0,12.0,9.0,,24274,2022,14551.43805870784,0.7649411642586772,0.9568099230241097,1.0391478724934409,1.1449166959220876,1.2064098377049135,10943.521238408199,14838.77965641286,16163.57350411394,,
woodys_000289::13,1,11154.917249844915,13952.884239806885,15153.594903276557,16695.991270588576,17592.728091759884,14582.712724913175,10524.3605581461,16091.777777777776,4,True,South,16841.5,12615.5,14007.25,15492.083333333334,17729.88888888889,,12.0,12.0,12.0,9.0,,24274,2022,15145.194652798495,0.7649411642586774,0.9568099230241099,1.039147872493441,1.1449166959220876,1.2064098377049137,11381.882769508496,15239.848291690836,16950.514902762367,,
woodys_000289::14,1,11154.917249844915,13952.884239806885,15153.594903276557,16695.991270588576,17592.728091759884,14582.712724913175,10524.360558146156,16091.777777777776,4,True,South,13886.0,10650.5,12150.25,12917.0,14409.333333333334,,12.0,12.0,12.0,9.0,,24274,2022,15253.59965222619,0.7649411642586774,0.9568099230241099,1.039147872493441,1.1449166959220876,1.2064098377049137,11619.5682802144,15580.25677890372,17336.164216837824,,
woodys_000289::15,1,10247.287649376269,12809.492480975096,13196.205225824428,13330.302095458215,13307.220954273436,13385.850902212607,9693.782545479147,12864.53846153846,15,True,South,21744.0,13498.583333333334,19085.333333333332,22261.833333333332,22152.5,,12.0,12.0,12.0,2.0,,24281,2023,13849.058877948968,0.7655312855518545,0.9569427132090466,0.985832377950898,0.9958501848586099,0.9941258909490637,10434.921568886939,14130.2395671163,14801.592329091656,,
woodys_000289::16,1,9511.462959589398,12339.308467869969,12883.026066429891,13072.852949119597,13038.751370671162,12997.658494463783,8934.032145544377,13277.055944055945,10,True,South,13143.5,8498.083333333334,13056.416666666666,13882.833333333334,15268.8,,12.0,12.0,12.0,5.0,,24278,2023,12073.58417693824,0.7317828025440665,0.9493485671381324,0.9911805323949141,1.0057852308312178,1.0031615599244188,8771.311028490385,11954.520481569449,12605.159036766394,,
woodys_000289::18,1,7579.564032076152,9519.32398752254,10368.930028255318,11460.500550596553,12096.803572776133,9957.870796720312,8339.567463677238,10652.311965811963,6,True,South,14787.5,7542.0,11475.25,15511.727272727272,,,12.0,12.0,11.0,,,24284,2023,9407.561117400759,0.761163122800562,0.9559597811469688,1.041279831796009,1.1508986995865764,1.2147982053312332,7108.875126613521,9296.5571342235,10604.913723525307,,
woodys_000289::19,1,6298.371582354751,7769.289177493658,8283.263628116782,8935.43716470459,9313.201417792645,8095.027575254285,7692.495356227837,8461.076923076924,7,True,South,17135.5,9406.083333333334,13356.333333333334,17773.636363636364,,,12.0,12.0,11.0,,,24284,2023,8020.825618346469,0.7780543702665402,0.95976068089547,1.0232532935944425,1.1038180020558985,1.1504842115995009,6160.896904191964,8288.918201630297,8786.346015874236,,
woodys_000289::20,1,8421.308546579085,10553.684840714204,11099.724637933812,11584.776830280316,11795.380344469077,11034.677121678636,9069.858847615746,11344.384615384615,8,True,South,7055.5,5010.666666666667,7671.083333333333,,,,12.0,12.0,,,,24295,2024,11526.244184027393,0.7631676444827417,0.9564108423236527,1.00589482732824,1.049851907992936,1.0689375152895022,8600.123161690655,11652.844770870879,,,
woodys_000289::3,1,11065.400911075028,13827.36078826442,14090.531726496103,14006.36355785431,13848.00596525269,14448.415782156968,8554.413396920967,15354.307692307691,5,True,South,27331.0,12734.583333333334,18327.333333333332,23459.083333333332,25477.083333333332,26121.083333333332,12.0,12.0,12.0,12.0,12.0,24258,2021,11710.298599729955,0.7658556535132534,0.9570157030877033,0.975230221703418,0.9694047962788718,0.9584445917146327,8917.287090840144,11944.1055729894,12315.939836366084,11910.31794048232,12403.540294018312
woodys_000289::5,1,9036.84473131143,11498.752373040266,12119.283868347082,12601.064581285487,12780.707471683438,12062.55721776531,10062.9805166192,12864.53846153846,7,True,South,7528.5,4760.416666666667,8180.833333333333,8176.0,8342.583333333334,7757.375,12.0,12.0,12.0,12.0,8.0,24263,2021,12684.645116423588,0.7491649215145096,0.9532599237005325,1.0047027052023618,1.0446428857329757,1.0595354899424196,9434.129929695804,12700.579331854324,13367.60363960801,13863.208782032256,
woodys_000289::6,1,9320.025027272137,11889.28937225062,12402.831595371494,12666.008689193006,12702.454663193335,12479.051384062035,9202.762588345891,13190.0,5,True,South,16738.0,7644.0,12086.833333333334,13707.333333333334,15938.0,18408.714285714286,12.0,12.0,12.0,12.0,7.0,24264,2021,11555.986205724423,0.7468536461974556,0.9527398362535275,0.9938921808761932,1.0149816920675356,1.0179022645436515,8541.923344956558,11854.880068190323,12158.575799654525,12351.462108673595,
woodys_000289::7,1,10288.9994754419,12937.195603296052,13870.905649815577,14947.942353797644,15533.217219452808,13536.634446882366,8509.623333432963,14152.884615384615,6,True,South,16339.5,13608.166666666666,16651.833333333332,16733.833333333332,16209.583333333334,17463.11111111111,12.0,12.0,12.0,12.0,9.0,24262,2021,11083.2928197786,0.7600854936148157,0.9557172910343035,1.0246938191501653,1.104258404291941,1.14749476913224,8363.293715693964,11289.243775198836,11962.508945750264,12996.709981074515,
woodys_000289::9,1,7865.86311949042,9929.323282316003,10308.526286198252,10506.95244724538,10537.222759642522,10398.273390347877,9128.078882262944,10669.846153846152,8,True,South,10944.0,4808.583333333333,10061.5,11036.0,11127.916666666666,13897.0,12.0,12.0,12.0,12.0,4.0,24267,2022,10670.502236947808,0.7564585796322543,0.954901156141252,0.9913690378411351,1.0104516445007479,1.0133627347616792,8038.215224147682,10532.91921942263,11468.46547245338,11475.65123923851,
wowcarwash_000158::3,1,7101.418778990711,8622.605672669899,9403.759013719498,10588.444533148666,11348.302328710646,8952.207685579266,8952.207685579266,7270.647435897436,2,False,South,7059.5,4184.666666666667,6390.25,7159.916666666667,6137.0,,12.0,12.0,12.0,2.0,,24281,2023,9737.784446121868,0.7932589399629421,0.9631820412924168,1.050440220334434,1.1827746746989733,1.2676540499603408,7645.1899727055525,10000.273020290897,11187.545502243353,,
yamatogas_000504::1,1,2504.090867934596,2758.8156798725336,2675.200358536238,2613.057857260602,2593.3211301686083,2797.74745334054,4864.953799706526,2882.6923076923076,3,True,South,913.5,1293.5,1440.8333333333333,1078.6666666666667,759.6,,12.0,12.0,12.0,5.0,,24278,2023,2898.046093999367,0.8950382083074315,0.9860846005162041,0.956197942506219,0.9339863232260593,0.926931816905831,2550.175104081093,3045.692582112759,3004.264685723281,,
zakscw_000456::1,1,5945.831254702396,7471.628715686099,8035.669205591982,8140.206207453083,8162.581241929791,7961.771989553381,7961.771989553381,,0,False,Midwest,8832.0,6735.75,7895.166666666667,8690.5,8518.818181818182,,12.0,12.0,12.0,11.0,,24272,2022,6520.8092213638965,0.7467974795691091,0.9384379162690921,1.009281503682291,1.0224113699982649,1.0252216783700778,4784.268600724073,6435.572013529508,7097.513819110947,6983.998943522,
zelocw_000544::1,1,5073.101130376137,6781.748870200822,7261.575324948047,7622.746427481513,8029.048370276246,6976.754875408546,6976.754875408546,6410.868131868132,2,False,West,1801.0,478.45454545454544,1256.25,1775.5,1732.0,,11.0,12.0,12.0,1.0,,24282,2023,5989.077643918307,0.7271433812670773,0.9720491820781787,1.0408242018855254,1.0925919805997397,1.1508285031737022,4336.802203702593,6214.7659732422935,6538.452793597733,,
zippycarwash_000145::10,1,6891.031496001208,8435.657873388252,8895.932396762653,9434.226347863792,9725.46555871182,8774.293368648488,7703.504085418044,9652.615384615385,3,True,South,3674.0,4412.5,4477.333333333333,4051.75,3471.5555555555557,,12.0,12.0,12.0,9.0,,24274,2022,8266.948715148179,0.7853659783730983,0.9614059524758748,1.0138631138718013,1.07521209418109,1.1084044207436663,6390.330367049392,8474.134909839036,8872.805966367067,,
zippycarwash_000145::11,1,7625.982863419798,8514.199286643157,8775.115015214482,9461.259812034015,9991.749739064631,8663.625908400874,8663.625908400874,8590.384615384615,1,False,South,4676.0,6402.428571428572,6893.416666666667,5611.583333333333,4277.75,,7.0,12.0,12.0,8.0,,24275,2022,8795.235006359291,0.8802299342155456,0.9827524152892125,1.01286864275909,1.0920669835085675,1.153298843314081,,9014.918708660696,9522.581296544244,,
zippycarwash_000145::12,1,6523.303469822466,7651.9177679071,7666.251309079486,7636.457313656231,7610.785808816069,7880.945797825141,7880.945797825141,,0,False,South,8661.5,7185.833333333333,7815.5,8347.5,8826.6,,12.0,12.0,12.0,5.0,,24278,2023,7708.274459563669,0.8277310410665004,0.9709390172457163,0.9727577762551162,0.9689772661250404,0.9657198519137606,6334.21076044116,7736.679326028979,8075.93033422277,,
zippycarwash_000145::13,1,6392.127419400359,7150.086579060401,7012.345440913678,6917.9594441840645,6893.887190903134,7279.028022210247,7279.028022210247,,0,False,South,2911.0,2791.5833333333335,3423.5,2838.5,,,12.0,12.0,10.0,,,24280,2023,7061.075624351504,0.878156726405817,0.9822858982330592,0.9633628857475408,0.9503960450592487,0.9470889753230862,6155.863666097126,7468.34888139257,7439.8484554026145,,
zippycarwash_000145::14,1,6383.425363544274,7472.659625992288,7784.018130253204,7713.890134355627,7742.247737560917,7894.9588755293325,7894.9588755293325,,0,False,Midwest,4991.5,5777.181818181818,5658.833333333333,4307.4,,,11.0,12.0,5.0,,,24290,2024,7013.264967575618,0.8085444730218794,0.9465102660830857,0.985947900802879,0.977065271139672,0.9806571331939742,5598.079742919551,7016.899082281464,,,
zippycarwash_000145::15,1,6645.816523230602,7514.9533346401695,7379.229249691904,7254.061065875037,7203.223034450602,7671.265108016162,7671.265108016162,7426.346153846154,2,False,South,2748.5,2532.6666666666665,2788.6666666666665,2787.8333333333335,1923.0,,12.0,12.0,12.0,2.0,,24281,2023,7352.032381542815,0.8663260139824905,0.9796237294403171,0.9619311998461516,0.9456147015822508,0.9389876289014605,6227.0975915432455,7675.970694016369,7449.219541514272,,
zippycarwash_000145::16,1,5600.324322931374,6573.93957744401,6520.469329333973,6392.600105352205,6309.219064470434,6771.848955335095,6771.848955335095,5809.846153846154,1,False,South,4740.5,5076.583333333333,5246.333333333333,4435.875,,,12.0,12.0,8.0,,,24287,2023,6079.2426198686,0.8270007733293057,0.9707746910487179,0.9628787311029617,0.94399626269217,0.9316833712748148,4998.886186150206,6198.716822001395,,,
zippycarwash_000145::9,1,5322.15430129761,6180.661406469353,6182.534418639495,6176.1596262674875,6173.161613949415,6350.424644488631,7336.487540965637,6899.714285714285,3,True,South,4618.5,3811.5833333333335,4989.166666666667,5123.833333333333,4691.583333333333,3261.5,12.0,12.0,12.0,12.0,2.0,24269,2022,6609.585822646173,0.8380784906906296,0.973267419499795,0.973562362322519,0.9725585251417188,0.9720864287881823,5482.417310868196,6856.035091774857,6930.566019456362,6794.321034500068,
zips_000468::1,1,4501.433921961739,5329.290157352021,5451.694850882487,5597.438540888227,5677.543715590845,5500.791671081727,6225.416241152244,5599.5,10,True,South,7515.5,10512.833333333334,8642.666666666666,7281.666666666667,7962.416666666667,6080.0,12.0,12.0,12.0,12.0,1.0,24270,2022,5130.167211401262,0.8183247414415413,0.9688223943052946,0.9910745901435701,1.0175696291707579,1.0321321102630232,4127.435927453933,5227.039754664214,5504.279727150896,5477.039569342866,
zips_000468::10,3,7534.332013776818,8642.852833317384,8574.33914962489,8503.391090009161,8474.347813403367,8853.864878488355,8853.864878488355,,0,False,South,13827.0,13237.166666666666,13896.416666666666,12896.714285714286,,,12.0,12.0,7.0,,,24272,2022,9537.87482023044,0.8509653261235646,0.9761672390456676,0.9684289592511616,0.9604157288044098,0.9571354351694393,7973.9718635565,9939.223194248012,,,
zips_000468::11,4,7990.22242079876,8995.813923707494,10127.323179449715,12354.407327932033,14000.697563658265,9172.944408906216,9172.944408906216,12223.7,1,False,South,8578.5,6452.454545454545,8322.916666666666,7991.444444444444,,,11.0,12.0,9.0,,,24270,2022,10251.31716517309,0.8710640841822692,0.9806898987606703,1.1040427945488116,1.3468311566280575,1.5263035443738955,8892.408266862763,10719.010491538316,,,
zips_000468::12,3,7933.580988344801,9047.564584673204,9122.537858075078,9329.589398686105,9482.536209045447,9255.138554167712,9255.138554167712,19498.64957264957,2,False,South,17520.0,16628.5,18003.25,14969.333333333334,,,12.0,12.0,6.0,,,24273,2022,10298.812518443021,0.8572082353939697,0.9775720300371912,0.9856727486772284,1.0080442711994697,1.0245698812121333,8689.193536638733,10500.407808211387,,,
zips_000468::14,1,7126.438169794344,7957.666102418995,7798.080255336743,7690.265311493659,7663.470664912278,8097.632262485655,8097.632262485655,,0,False,South,3637.5,15087.5,14838.083333333334,7370.833333333333,3540.2,,12.0,12.0,12.0,10.0,,24273,2022,8007.472843066135,0.8800644359721526,0.9827151745683625,0.9630074573111127,0.9496930784472362,0.9463841301382948,6996.10056405231,8134.457787574772,8255.26846578653,7945.787206996685,
zips_000468::15,1,6469.761579887049,6924.647784430522,6649.012181398667,6494.973717482713,6471.581068777862,6969.465233580396,6969.465233580396,,0,False,South,2404.0,9208.5,4747.583333333333,3042.0833333333335,1943.2,,12.0,12.0,12.0,10.0,,24273,2022,6574.458639767827,0.9283010048912124,0.9935694565296153,0.9540204246033517,0.9319185188253067,0.9285620706731387,6058.915783401406,7033.5415181454555,6764.101382341126,6498.6520391815475,
zips_000468::17,1,6771.457033046911,7399.056483622539,7413.233450073825,7731.264439432388,8025.862110896577,7487.536142047104,7487.536142047104,,0,False,South,1665.5,6438.75,4087.5833333333335,2129.75,1569.2,,12.0,12.0,12.0,10.0,,24273,2022,7316.323920342713,0.904363852752714,0.9881830742789077,0.990076483029441,1.0325512014581941,1.0718962765102986,6532.0731706470815,7642.40397218497,7598.000835735875,7926.012318102227,
zips_000468::18,1,5059.757057052554,5918.725144131976,6305.81637391547,6955.365400945552,7384.383200605299,6091.859656401526,6091.859656401526,2962.6923076923076,2,False,South,6115.5,9819.0,5970.916666666667,6339.5,6263.444444444444,,12.0,12.0,12.0,9.0,,24274,2022,4857.881878562767,0.8305767602074672,0.9715793662305378,1.035121741074437,1.1417474783150374,1.21217224576826,3944.7876611474326,5030.276223656203,5323.224701721151,,
zips_000468::3,1,7815.444343152737,9434.708535279564,10128.60898031256,11172.040859554703,11837.81095211515,9782.39363128348,9068.802964609817,10649.923076923076,3,True,South,5792.5,7837.666666666667,7183.75,6467.416666666667,6214.25,5184.0,12.0,12.0,12.0,12.0,1.0,24270,2022,10162.968764601295,0.7989296523664144,0.9644580754865516,1.0353916804085561,1.1420559507876702,1.2101139453495895,8073.223731708515,10295.271874194676,11248.105382570151,12142.987933232485,
zips_000468::4,2,6725.068687760395,8137.640197650537,8676.245601711315,9443.46854354448,9915.955816358206,8442.091787315774,8442.091787315774,9871.473076923075,2,False,South,4479.5,8809.083333333334,8254.583333333334,5442.833333333333,4762.416666666667,3746.0,12.0,12.0,12.0,12.0,1.0,24270,2022,8809.564704135824,0.796611652323515,0.9639364748292982,1.0277364686732446,1.1186171367780287,1.1745851699050358,6945.671733171215,9050.435216505653,9801.642351269458,10339.181030231955,
zips_000468::5,1,5870.580618633862,6432.423433396342,6915.297697598532,7971.17338821878,8760.665604348927,6513.999459482995,6513.999459482995,3289.923076923077,1,False,South,6016.5,4983.083333333333,3622.5,4558.0,6181.166666666667,2144.0,12.0,12.0,12.0,12.0,1.0,24270,2022,5349.788008738431,0.9012252234819498,0.9874768141148836,1.061605506818293,1.2236988102009205,1.3448981165626694,4740.160520287848,5555.761498315285,5957.1344575702815,6893.888543987973,
zips_000468::7,3,8775.102005698138,11052.107019945695,11437.456125898005,11596.935203268804,11594.500386128078,11568.410806950817,8286.093414436094,12688.653846153846,8,True,South,8243.0,8593.75,8833.833333333334,7094.142857142857,,,12.0,12.0,7.0,,,24272,2022,10642.064018458104,0.7585399716636676,0.9553695148261071,0.9886799765985032,1.0024657143313798,1.0022552431455483,7930.773640423832,10853.600773103597,,,
zips_000468::8,1,9400.477629794766,11897.914410383148,12377.913708431435,12649.58466997379,12705.271008834026,12466.971889469223,10324.293602514,13030.346153846152,6,True,South,17252.0,16771.0,18500.583333333332,15335.25,,,12.0,12.0,8.0,,,24271,2022,13266.360093900092,0.7540305467228409,0.9543547956848483,0.9928564705345156,1.0146477253757842,1.0191144346419914,9946.231846454397,13515.690500716571,,,
zips_000468::9,1,8085.314840574071,9279.599899605464,9342.971651040769,9486.070879332045,9589.056595572476,9507.332464848992,9507.332464848992,8303.923076923076,2,False,South,9821.5,9845.166666666666,9657.666666666666,9029.625,,,12.0,12.0,8.0,,,24271,2022,10359.852198510749,0.8504293786367018,0.976046639150833,0.9827122050884507,0.9977636644562965,1.008595905426221,8613.679721310671,10776.822506762615,,,
bluewave_000567::39,1,7022.042297581938,8665.472202556304,8806.006220731462,8760.648394901316,8676.053600833611,9029.599565764496,7208.605996262921,9536.076923076924,15,True,South,9301.0,9370.416666666666,9992.75,9252.444444444445,,,12.0,12.0,9.0,,,24286,2023,8018.621713778714,0.7776692915825236,0.9596740297777133,0.9752377341426322,0.9702144963456739,0.9608458866469178,6209.895498654884,8214.858074178279,,,
bluewave_000567::4,1,8832.475421915879,9915.24262298041,9119.93871858686,8136.502741170269,7645.351801973246,10103.135091417122,10103.135091417122,15539.53846153846,2,False,South,20490.5,14106.583333333334,18423.666666666668,20385.583333333332,15086.0,,12.0,12.0,12.0,1.0,,24282,2023,11674.54900421926,0.8742311512214954,0.9814025580439549,0.9026840318441834,0.8053443478235227,0.7567306319073347,10045.518862709956,12216.044940384665,11100.312976942003,,
bluewave_000567::40,1,7022.042297581914,8665.472202556275,8806.006220731431,8760.648394901285,8676.053600833582,9029.599565764463,7208.605996262921,9536.076923076924,15,True,South,13473.5,12491.666666666666,13836.5,13135.555555555555,,,12.0,12.0,9.0,,,24286,2023,7878.70197909946,0.7776692915825237,0.9596740297777135,0.9752377341426323,0.970214496345674,0.9608458866469181,6082.690524509676,7885.852729331857,,,
bluewave_000567::41,1,7022.042297581938,8665.472202556304,8806.006220731462,8760.648394901316,8676.053600833611,9029.599565764496,7208.605996262921,9536.076923076924,15,True,South,13529.0,12780.5,13604.333333333334,13779.875,,,12.0,12.0,8.0,,,24287,2023,8111.71379462781,0.7776692915825236,0.9596740297777133,0.9752377341426322,0.9702144963456739,0.9608458866469178,6262.585482609753,8047.145140618653,,,
bluewave_000567::42,1,7022.0422975819265,8665.47220255629,8806.006220731446,8760.6483949013,8676.053600833598,9029.59956576448,7208.605996262921,9536.076923076924,15,True,South,15045.5,18881.0,16872.416666666668,15129.857142857143,,,12.0,12.0,7.0,,,24288,2023,8125.607913573578,0.7776692915825237,0.9596740297777134,0.975237734142632,0.9702144963456738,0.9608458866469182,6238.292484548332,8396.444665385863,,,
bluewave_000567::43,1,7022.042297581938,8665.472202556304,8806.006220731462,8760.648394901316,8676.053600833611,9029.599565764496,7208.605996262895,9536.076923076924,15,True,South,13747.5,12706.416666666666,13639.166666666666,13803.875,,,12.0,12.0,8.0,,,24287,2023,8227.97487559257,0.7776692915825236,0.9596740297777133,0.9752377341426322,0.9702144963456739,0.9608458866469178,6255.828181614288,8346.729778734461,,,
bluewave_000567::44,1,7022.042297581938,8665.472202556304,8806.006220731462,8760.648394901316,8676.053600833611,9029.599565764496,7208.605996262921,9536.076923076924,15,True,South,15156.5,16337.0,16697.833333333332,14499.375,,,12.0,12.0,8.0,,,24287,2023,8107.900470671089,0.7776692915825236,0.9596740297777133,0.9752377341426322,0.9702144963456739,0.9608458866469178,6269.331232005547,8292.753406887303,,,
bluewave_000567::45,1,7022.0422975819265,8665.47220255629,8806.006220731446,8760.6483949013,8676.053600833598,9029.59956576448,7208.605996262921,9536.076923076924,15,True,South,8823.0,9708.75,9103.666666666666,8872.125,,,12.0,12.0,8.0,,,24287,2023,7953.7772152139805,0.7776692915825237,0.9596740297777134,0.975237734142632,0.9702144963456738,0.9608458866469182,6121.833613411108,8017.353627051969,,,
bluewave_000567::46,1,7022.042297581938,8665.472202556304,8806.006220731462,8760.648394901316,8676.053600833611,9029.599565764496,7208.605996262921,9536.076923076924,15,True,South,7776.0,5866.166666666667,7567.916666666667,7786.5,,,12.0,12.0,8.0,,,24287,2023,8105.535830105206,0.7776692915825236,0.9596740297777133,0.9752377341426322,0.9702144963456739,0.9608458866469178,6222.882495685739,8290.334854614772,,,
bluewave_000567::47,1,7022.042297581938,8665.472202556304,8806.006220731462,8760.648394901316,8676.053600833611,9029.599565764496,7208.605996262921,9536.076923076924,15,True,South,6252.5,5067.416666666667,6214.583333333333,6427.285714285715,,,12.0,12.0,7.0,,,24288,2023,8227.974875592614,0.7776692915825236,0.9596740297777133,0.9752377341426322,0.9702144963456739,0.9608458866469178,6352.343945035399,8346.729778734505,,,
bluewave_000567::48,1,4007.9906542154417,4915.065576967605,4860.237485070104,4578.727544984512,4594.957278452742,4974.493248747201,4974.493248747201,3381.3846153846152,2,False,West,17154.5,17356.333333333332,18821.25,16567.571428571428,,,12.0,12.0,7.0,,,24288,2023,3407.073263915396,0.8057083312405404,0.9880535224779806,0.9770316778084138,0.92044100092761,0.9237035912371491,2725.244204704589,3624.747581927651,,,
bluewave_000567::5,1,10228.324863304768,13754.729816172932,14368.187303583109,14411.726056971032,14239.847157103171,14595.901655448735,9990.122394307373,16211.615384615385,9,True,South,19738.0,16140.333333333334,19522.833333333332,19969.75,15503.0,,12.0,12.0,12.0,1.0,,24282,2023,14572.430773887238,0.7007669073658409,0.9423693130350883,0.9843987471797866,0.9873816909139732,0.9756058579489917,10032.676339446602,14195.758728344568,15109.928342852518,,
bluewave_000567::6,1,7462.315870566704,8883.924311051582,8691.393998866308,8297.856882086566,8052.921535598231,9181.738927711856,9181.738927711856,8692.384615384615,2,False,South,12143.5,11135.666666666666,13702.833333333334,12543.333333333334,9509.0,,12.0,12.0,12.0,1.0,,24282,2023,9652.20563858468,0.8127344862795349,0.9675644647484557,0.9465956358914089,0.9037347878670778,0.8770584307612269,7707.019723512726,9969.722550899412,9583.601146007411,,
bluewave_000567::65,1,10125.104003575403,13702.65300514527,14389.09136553561,14509.818928824256,14373.518042455578,14559.135318813636,9411.438485609688,16740.423076923078,10,True,South,16440.0,15732.083333333334,17590.666666666668,15154.666666666666,,,12.0,12.0,3.0,,,24292,2024,13782.158943355005,0.6954467955587664,0.9411721716356602,0.9883204634372557,0.9966126841388957,0.9872508035475019,9544.886767221058,13847.230718546592,,,
bluewave_000567::66,1,10066.797327169616,13597.25326955248,14267.0779956822,14381.751578348294,14246.539233460817,14441.534144818865,9049.080015059904,16995.990384615383,10,True,South,12844.0,10386.5,13138.083333333334,11067.0,,,12.0,12.0,1.0,,,24294,2024,13401.14497864418,0.6970725704222528,0.9415380065026344,0.9879198326585509,0.995860372875134,0.9864976318026429,9194.452696630446,13453.122129726105,,,
bluewave_000567::7,1,7554.522093183869,9417.017048830125,9287.088322378764,8905.41587819212,8681.441800097522,9834.671815004243,8408.143053096233,10323.692307692309,3,True,South,13160.5,18424.75,18008.166666666668,13880.5,9875.0,,12.0,12.0,12.0,1.0,,24282,2023,9508.082411303132,0.7681519256858507,0.9575324144993913,0.9443211219524316,0.9055122576236446,0.8827383326460067,7250.803885929156,9495.474434489388,9504.932981918684,,
bluewave_000567::9,1,6414.935430111805,7260.824412389623,6700.345240583377,5988.719632314802,5629.7699606247215,7413.611977176948,7413.611977176948,5705.7692307692305,3,False,South,6739.5,6807.75,6629.0,7102.0,4997.0,,12.0,12.0,12.0,1.0,,24282,2023,6834.303434685523,0.8652915002647019,0.9793909412500025,0.9037895780370774,0.8078005229773658,0.7593828727422147,5870.874444559298,6919.198865320556,6602.610843271566,,
bluewavecw_000511::1,1,3464.729181862795,4188.1262201103555,4121.863140366233,3872.4996476054034,3892.557296085323,4226.520794982949,4226.520794982949,3462.5555555555557,1,False,West,1465.5,813.4166666666666,1173.9166666666667,1280.5833333333333,1737.5,,12.0,12.0,12.0,4.0,,24279,2023,2934.055022176397,0.819759170705032,0.9909157965298149,0.975237870652157,0.9162381626519422,0.9209838268643906,2374.4851524476135,3130.55134460309,3081.835790106501,,
bluewaveexp_000379::1,1,6762.681296600597,8168.803341526863,8286.650611319279,8299.995755031814,8272.647375133745,8471.020067881476,8471.020067881476,,0,False,South,4042.0,4015.8333333333335,4764.916666666667,4607.833333333333,4577.666666666667,4008.8333333333335,12.0,12.0,12.0,12.0,6.0,24265,2022,8818.055216728702,0.798331398392246,0.9643234552706951,0.9782352709490976,0.9798106589903955,0.9765821953958206,6882.606331713228,8988.665077250147,9434.51213125128,9164.321530186497,
bluewavefl_000622::1,1,6182.326642882413,7696.636589978602,7904.283376175183,7959.494524071092,7933.860661454356,8035.71695851279,9099.660842372146,7984.384615384615,3,True,South,12779.5,7668.416666666667,13146.333333333334,11914.5,,,12.0,12.0,4.0,,,24291,2024,9324.394059548706,0.769355948548318,0.9578033459509824,0.9836438263049607,0.9905145446467039,0.9873245539154374,7132.894360387292,9518.391618235597,,,
bobbyswash_000599::1,1,5048.314930633626,6444.641001797886,6580.869207500495,6217.680518837832,6000.1059526149365,6879.891233625734,6879.891233625734,,0,False,Midwest,5643.0,2709.0,5462.416666666667,7376.0,,,12.0,12.0,7.0,,,24288,2023,5463.473432326517,0.7337783053836364,0.9367358847621682,0.956536809090272,0.9037469209467555,0.8721222107828083,3967.773315778071,5375.512404392308,,,
bocagas_000342::1,1,3392.085982486356,3786.3348895586496,3891.8052082870695,4141.410685149537,4326.050689327488,3852.5715597351223,5098.487423162213,4099.615384615385,3,True,South,1902.0,1709.75,1449.0833333333333,1631.4166666666667,1697.3333333333333,1920.7777777777778,12.0,12.0,12.0,12.0,9.0,24262,2021,3481.010372447221,0.8804731930065886,0.9828071538323284,1.010183755951997,1.0749730721249142,1.1228995029036966,3013.3154123271465,3646.1978166728036,3812.332726176243,3926.0255745133522,
braseltonexpress_000339::1,1,5644.1802355922155,6944.314943744663,7785.851962108878,9113.624582316945,9999.461257193036,7231.279758674539,9906.964120725925,6629.833333333333,3,True,South,8080.5,5219.25,7323.916666666667,8391.333333333334,7565.285714285715,,12.0,12.0,12.0,7.0,,24261,2021,9166.764891142137,0.7805230089212823,0.9603161785317962,1.0766907410502382,1.2603059052423427,1.3828065834678607,7125.1074645242425,9257.85665024793,10684.88138994143,,
braseltonexpress_000339::3,1,6629.776503889271,8008.116095491191,8399.089310312937,8880.563432387036,9148.977342508091,8304.352735308968,8304.352735308968,7911.461538461538,1,False,South,5545.5,3875.6666666666665,5334.083333333333,6518.25,,,12.0,12.0,4.0,,,24291,2024,8446.053792954574,0.7983495782519414,0.9643275461363509,1.0114080624972928,1.0693865874251824,1.101708662206495,6636.7113117480985,8684.03848318428,,,
bubblebay_000613::1,1,5943.161326330005,7441.365676979458,7674.68745962271,7687.269717679924,7672.778483482183,7764.735954803071,7764.735954803071,,0,False,Unknown,12596.5,8559.083333333334,12491.333333333334,13004.8,,,12.0,12.0,5.0,,,24290,2024,5920.365188748241,0.7654041761270343,0.9583539891496782,0.988402890232905,0.9900233262825597,0.9881570381972866,4460.107303249385,5917.58763355036,,,
bubbledown_000358::1,1,6871.934664369881,8717.430987881471,9030.143765740364,9140.362603748888,9122.362707662276,9138.862098854574,9612.710681576824,8673.692307692309,10,True,South,19388.0,17990.583333333332,20986.666666666668,19749.333333333332,20740.0,20593.571428571428,12.0,12.0,12.0,12.0,7.0,24264,2021,10356.57097371762,0.7519464228737165,0.9538858222813185,0.9881037341478393,1.0001641894667064,0.9981945902001995,7731.2369035785705,10303.449015927055,11192.36441522948,10836.895314231117,
bubbledown_000358::3,1,7281.0139695430435,9295.326910776066,9646.43894417535,9764.40898776185,9739.271027714249,9758.02308784314,9418.18056494222,9687.53846153846,13,True,South,28077.0,15032.416666666666,22720.25,28465.416666666668,31652.666666666668,,12.0,12.0,12.0,9.0,,24274,2022,10904.657197712504,0.7461566655457053,0.9525830003780669,0.988564882183277,1.000654425579979,0.9980782931173577,8077.707785986515,10737.923794458835,11540.46405575533,,
bubbledown_000358::4,1,9052.78684253512,11940.403225613169,12712.335121100366,13214.69468529917,13355.21560272149,12620.826475572358,10335.416383953503,13001.23076923077,9,True,South,17641.0,10178.5,16678.5,18423.166666666668,14607.0,,12.0,12.0,12.0,1.0,,24282,2023,13547.871960737515,0.717289542016667,0.9460872668461016,1.0072506064246367,1.047054621254499,1.0581886716032856,9593.575616753991,13801.239945761627,14716.382227774133,,
bubbledown_000358::5,1,6494.783141543946,8104.427984359293,8336.069453651997,8406.476967654062,8384.763512234838,8465.804679140034,9104.90725960658,8448.153846153846,3,True,South,13561.5,9432.166666666666,14391.083333333334,15438.5,,,12.0,12.0,6.0,,,24289,2024,9896.924962858544,0.7671784771443243,0.9573133673079911,0.9846753816789905,0.992992076508432,0.9904272340342457,7423.241560619967,10015.071522440594,,,
bubbleupcw_000341::1,1,5795.857557810351,7211.463457771143,8120.650523728279,9529.17565477508,10464.15961936624,7528.238229167067,7528.238229167067,11864.576923076922,2,False,South,5935.0,3274.75,5085.916666666667,5398.25,6874.666666666667,5679.0,12.0,12.0,12.0,12.0,10.0,24261,2021,7214.491965177664,0.7698823259013167,0.9579217923565932,1.0786920228249415,1.2657909280627797,1.3899878432146808,5522.655598670823,7365.502949346953,8162.832559272895,9616.585114771717,9738.060077673304
buckyscw_000301::1,1,6365.427662563919,8518.725899011182,8545.225104839485,8041.426013230862,7925.921006962243,8765.414165765362,8034.875537141518,9224.384615384615,6,True,West,3283.5,1968.9166666666667,2910.4166666666665,3679.1666666666665,3514.75,3305.0833333333335,12.0,12.0,12.0,12.0,12.0,24255,2021,8148.813501353712,0.7261981627091906,0.9718566331163612,0.974879788135299,0.9174039995323731,0.9042266408720441,5856.830744411238,8318.221041092069,8409.726321071143,7938.691303737716,7955.784149650499
buffitautowash_000111::2,1,4877.765737489152,5452.4339322853075,5345.701055135818,5272.978326727375,5254.620424208544,5549.806330258194,5549.806330258194,2717.923076923077,1,False,South,4832.0,3722.0,3950.4166666666665,4278.583333333333,4686.833333333333,4508.0,12.0,12.0,12.0,12.0,6.0,24265,2022,4235.507152711467,0.8789073793251131,0.9824548115414405,0.9632229914024981,0.950119339836866,0.946811494224535,3659.9206355928704,4434.90788425664,4361.002890883277,4283.122765120739,
busterscw_000595::1,1,4154.1932294832095,5027.69190078981,5620.348493428766,6085.445780607337,6363.19852416317,5393.513617906328,5393.513617906328,2232.8076923076924,2,False,Northeast,10304.0,6350.833333333333,9601.416666666666,11806.5,,,12.0,12.0,8.0,,,24287,2023,4558.291988136043,0.7702202170569095,0.9321737659283922,1.0420569765077354,1.1282896849289137,1.1797872361047745,3449.2785787505927,4468.678713825424,,,
cadillacexpresscw_000080::5,1,6778.551065982839,8376.712141681712,8532.874446751544,8516.195718230143,8449.279134980725,8731.428614545632,8827.12315618831,8489.884615384615,8,True,South,9729.0,15351.916666666666,16004.583333333334,15121.666666666666,12520.0,10194.083333333334,12.0,12.0,12.0,12.0,12.0,24256,2021,9530.970611855131,0.7763392871002225,0.9593747497089995,0.9772598303714792,0.9753496356876887,0.967685760026157,7368.486820130806,9761.173021842536,10031.776807186761,9738.105083864828,9958.244740965005
cadillacexpresscw_000080::6,1,7815.967590041201,9806.844600181284,9941.3761907323,9796.818221982105,9636.54663343566,10256.494712918206,7905.159221687947,11164.115384615385,12,True,South,4230.0,3347.0,4536.25,4734.333333333333,4532.083333333333,3533.3333333333335,12.0,12.0,12.0,12.0,3.0,24268,2022,9495.5563380296,0.7620505649163818,0.9561594750133707,0.969276197082322,0.9551819111887093,0.9395555599807689,7114.220829434242,9680.417129166768,9978.219694730622,9586.555185517427,
cadillacexpresscw_000080::7,1,7639.358957170968,9544.671301208567,9662.37428558288,9511.247043054853,9350.210149112494,9973.02618121304,7988.793652392453,10367.153846153846,7,True,South,7787.5,5137.583333333333,7470.166666666667,7748.916666666667,,,12.0,12.0,12.0,,,24283,2023,9308.045402564865,0.7660020958895926,0.9570486558221017,0.9688507891200208,0.9536971898230774,0.9375499451436524,7004.863343607072,9368.555290738355,9712.836392078674,,
cadillacexpresscw_000080::8,1,7349.815689216375,9585.13717906373,9948.115111515675,9985.056897188077,9888.82476124416,10107.627859304152,8016.411093502567,10367.153846153846,9,True,South,10603.0,6174.25,10248.916666666666,11211.75,,,12.0,12.0,4.0,,,24291,2024,9417.50298403481,0.7271553515349115,0.9483072895526654,0.9842185772953994,0.9878734195775474,0.9783526757112865,6819.500841901735,9533.699349564728,,,
cajunclean_000175::2,1,7230.418635191261,8313.750853856796,8334.785645286765,8403.888575344194,8458.03180787316,8521.609248194563,8521.609248194563,10781.384615384615,1,False,South,7066.5,5998.083333333333,7151.583333333333,7667.5,7597.583333333333,7400.454545454545,12.0,12.0,12.0,12.0,11.0,24260,2021,8596.409971372454,0.8484804248356188,0.9756080819615374,0.9780764879653008,0.9861856288616718,0.992539268291975,7179.016144037199,8942.024022090547,9195.87912347793,8894.591565216258,9429.930835175915
caliberocala_000153::10,1,7735.980758934449,9767.485640433895,10087.208553917548,10182.780404164643,10150.734659346266,10229.273252371542,9675.631043552125,10490.346153846154,10,True,South,9655.5,9945.666666666666,12894.666666666666,12376.5,11666.083333333334,10393.166666666666,12.0,12.0,12.0,12.0,12.0,24254,2021,11187.330697724263,0.7562590780474995,0.9548562639256326,0.9861119460836518,0.995454921668446,0.9923221727401731,8312.052797209006,11141.270645208298,11960.182187819039,11636.068176423747,11298.171584443751
caliberocala_000153::11,1,7543.495331763038,9496.735121293765,9784.105647350794,9852.712254060383,9809.876715017675,9939.426852853258,8762.73682147761,10428.076923076924,3,True,South,5116.0,5023.25,5921.416666666667,5156.333333333333,5394.75,5214.833333333333,12.0,12.0,12.0,12.0,12.0,24255,2021,9579.717735033528,0.7589467122641551,0.9554610403483766,0.984373223144363,0.9912756942551489,0.9869660353908241,7240.250844814117,9771.073779247828,10313.731476338711,10072.389573164186,9973.942696184324
caliberocala_000153::12,1,7690.773909102565,8714.203292522461,8595.2624724557,8499.739930964364,8468.695840423068,8899.931488921799,8899.931488921799,11366.03846153846,2,False,South,5312.0,5700.333333333333,7293.666666666667,6320.666666666667,5928.0,5442.916666666667,12.0,12.0,12.0,12.0,12.0,24257,2021,9788.14699656515,0.8641385519288172,0.9791315026828552,0.9657672627204675,0.9550343102690652,0.9515461833570841,8325.107443044992,10218.445437966773,10248.447054930859,9807.756583031458,10294.542558119258
caliberocala_000153::13,1,8342.140004967308,10701.38192544032,11134.877400311472,11298.727314854834,11281.16001018826,11245.605692705962,7788.884302604104,12997.53846153846,11,True,South,10580.5,11328.166666666666,16280.0,16834.833333333332,14694.25,11310.0,12.0,12.0,12.0,12.0,12.0,24257,2021,9629.114085566356,0.741813312054692,0.9516056509416267,0.9901536390817696,1.0047237670962736,1.003161618720578,7091.319495811645,9556.824074468817,10042.648717868216,10121.633312500877,9155.564176630442
caliberocala_000153::14,1,7653.9257299385645,8489.6290540126,8442.925677094065,8580.927756628847,8723.199043223718,8624.30041109827,8624.30041109827,6515.384615384615,2,False,South,7337.0,4890.75,7526.0,8450.0,8350.75,7438.166666666667,12.0,12.0,12.0,12.0,12.0,24258,2021,8512.630948256576,0.8874836641925219,0.9843846630258418,0.9789693394990275,0.9949708785174497,1.0114674382165747,7500.155563024735,8662.317889291971,9021.848509510572,8919.229160725326,9516.832173320037
caliberocala_000153::15,1,4612.429782637919,5459.255341285504,5545.694614343781,5627.800299503991,5667.121296753998,5634.589520402896,6663.448050338297,6028.2307692307695,12,True,South,5460.0,4014.5833333333335,5248.916666666667,6050.916666666667,6076.416666666667,5814.636363636364,12.0,12.0,12.0,12.0,11.0,24260,2021,5888.115144683654,0.8185919783395529,0.9688825284463926,0.9842233572228775,0.9987950815451025,1.0057735840797815,4758.375374910713,6142.755709054918,6204.06069940728,6245.203529031181,6544.661675309703
caliberocala_000153::16,1,6642.714886674373,8366.031108854224,8720.749870095478,8952.953282919216,9019.803531009386,8756.770204516968,8362.896885866292,9167.846153846152,12,True,South,6259.5,5359.25,6523.916666666667,6639.166666666667,6185.583333333333,,12.0,12.0,12.0,12.0,,24271,2022,8971.75210480571,0.7585804733402607,0.9553786285882904,0.9958865730651572,1.02240358874566,1.0300377102914884,6653.893261722869,9060.505780672936,9635.618138258898,9762.849067559398,
caliberocala_000153::17,1,5351.957479869737,6399.612755380192,6300.052448300737,6052.118718690393,5888.848861810664,6620.910181343347,6394.246775709088,7490.384615384615,3,True,South,3323.0,2782.25,3199.9166666666665,3508.9166666666665,3518.25,2937.5,12.0,12.0,12.0,12.0,2.0,24269,2022,5682.047981925803,0.8083416529272194,0.9665759812621026,0.9515387274174576,0.9140916509854314,0.8894319210679653,4566.860143608995,5853.390469211736,5671.122552384192,5440.911216339126,
caliberocala_000153::18,1,4666.163133831082,5708.679928679931,5821.536112637176,5844.29145277565,5825.1962271264465,5937.047811121105,7791.38372087872,5720.7692307692305,3,True,South,3735.5,3590.5,3941.0,3895.75,4035.25,,12.0,12.0,12.0,8.0,,24275,2022,6714.9131553994885,0.7859399624659517,0.9615351114381459,0.9805439164111909,0.9843766866469045,0.9811604036967427,5223.275359182218,6781.7132562406,6970.177980071307,,
caliberocala_000153::19,1,6834.968375026813,8268.357797106413,8392.802827641475,8408.583282866364,8380.90448470996,8577.16286476543,8577.16286476543,,0,False,South,7332.5,6286.416666666667,6901.916666666667,7508.166666666667,7667.714285714285,,12.0,12.0,12.0,7.0,,24276,2022,8813.575261095237,0.796879863748948,0.9639968282603594,0.9785057087021983,0.980345530969036,0.9771184967395581,6905.070353882069,9055.12234840669,9218.698168524332,,
caliberocala_000153::20,1,6839.020746698653,7778.0021619871295,7686.48055042848,7609.482644476574,7583.328928617539,7951.090324171269,7951.090324171269,,0,False,South,4176.0,6709.75,5123.583333333333,4528.25,4796.333333333333,,12.0,12.0,12.0,6.0,,24277,2023,8076.636226927163,0.8601362162756558,0.9782308897110686,0.9667203159624063,0.9570363729039514,0.9537470484474642,6825.09927740396,8309.062174261584,8409.342696285681,,
caliberocala_000153::21,1,4852.796307404895,5787.712881801136,5836.824096343521,5827.336364001792,5804.864178440363,5984.247106216611,8533.75100831763,5517.923076923077,3,True,South,5377.5,4921.416666666667,5461.083333333333,5684.083333333333,5828.75,,12.0,12.0,12.0,8.0,,24275,2022,7281.732978061172,0.8109284628911242,0.9671580700249979,0.9753648191232038,0.9737793678252665,0.9700241442921198,5880.400549296042,7518.112252666912,7767.927289540622,,
caliberocala_000153::22,1,7322.280104636605,8561.931449256712,8775.336190798364,9102.301899517648,9306.378407326423,8811.548252618293,8811.548252618293,7119.5,2,False,South,6047.0,5209.833333333333,6887.833333333333,6985.8,,,12.0,12.0,10.0,,,24285,2023,9480.481712180317,0.8309867794755409,0.9716716295246515,0.995890386027317,1.0329968852877767,1.0561570044811472,7754.0840241483775,9821.848953351398,10235.923793039481,,
caliberocala_000153::23,1,5522.539760562956,6708.791994760715,6840.8399388717635,6892.753089160825,6890.601429407423,6966.011368549693,8180.42103660043,7474.5,6,True,South,8207.0,5941.5,8087.416666666667,8276.0,8648.7,,12.0,12.0,12.0,10.0,,24273,2022,7707.1934199569405,0.7927836272987214,0.9630750855575291,0.9820311189494958,0.9894834682987146,0.9891745885625838,6065.924890946202,7741.527359251346,7972.249093830505,8060.479416611899,
caliberocala_000153::24,1,5793.5762054185325,6611.88404227675,6818.122323169867,6743.5358522255265,6799.923269862604,6962.922216247151,6962.922216247151,5260.456043956044,2,False,Midwest,11732.0,6584.083333333333,10441.666666666666,11909.416666666666,13169.25,,12.0,12.0,12.0,4.0,,24279,2023,5239.70868389458,0.8320610263173573,0.949584648073291,0.9792041489793739,0.9684921995093221,0.976590439858109,4328.210954682851,5143.3526181294465,5554.475061882933,,
caliberocala_000153::9,1,5456.167721128672,6495.047192173332,6563.144954278119,6578.708706796944,6570.911453232849,6712.6478613819045,6712.6478613819045,3733.2307692307695,2,False,South,6964.0,7972.416666666667,8585.75,8085.083333333333,7668.916666666667,7653.583333333333,12.0,12.0,12.0,12.0,12.0,24254,2021,5974.36793902738,0.8128189998641511,0.9675834821515908,0.9777281766910669,0.9800467479672936,0.9788851715335063,4794.029841219957,6224.381983716861,6253.399483253606,6143.119720039177,5679.098599793331
cantonautowash_000594::1,1,5768.764455628015,6769.25909593055,7643.679322871695,8683.322486533172,9476.27810389466,7153.951482796615,7153.951482796615,8603.026515151516,2,False,Midwest,4062.5,4625.083333333333,4581.666666666667,4320.636363636364,,,12.0,12.0,11.0,,,24284,2023,5997.497213410269,0.8063745567048346,0.946226587111871,1.0684555718965592,1.2137798959657884,1.3246215223408537,4728.286418738276,5998.806536599995,6901.717932306562,,
capitolcw_000542::1,1,5432.782094214696,6506.150945906018,6849.584640851949,6838.5245070131905,6861.502882276021,6893.268288177416,6893.268288177416,,0,False,Midwest,5927.0,4714.0,5887.666666666667,5836.25,5369.0,,12.0,12.0,12.0,6.0,,24277,2023,5704.686835768439,0.788128630294633,0.9438412482892419,0.9936628540339292,0.992058370735676,0.9953918221990756,4470.40396677354,5738.486468221425,6059.335199243391,,
carolinacarwash_000283::3,1,5979.752394828042,6920.672218780198,7108.012404041172,7448.269997603053,7677.305231176729,7104.917916834211,7104.917916834211,6269.2307692307695,1,False,South,12919.5,8511.083333333334,11980.083333333334,13152.5,13627.25,13906.5,12.0,12.0,12.0,12.0,6.0,24265,2022,6484.82487065196,0.8416356761363519,0.9740678639485101,1.0004355415844608,1.0483259743163693,1.0805621290833378,5401.763151200758,6634.700801807744,6867.897138830873,7103.179365895932,
carolinacarwash_000283::8,1,7000.201632240517,8715.179581751765,8950.351318941313,9012.777445635646,8983.660928988682,9099.209987031509,9099.209987031509,,0,False,South,18178.5,12442.416666666666,16980.416666666668,18217.833333333332,21778.0,,12.0,12.0,12.0,4.0,,24279,2023,9768.455579360769,0.7693197148123225,0.9577951925686872,0.9836404843604716,0.990501093884079,0.9873011988724834,7388.493668613789,9971.607121693498,10271.087184964688,,
carolinacarwash_000283::9,2,8357.776572762155,10454.264063289227,11020.11496000624,11561.158820152908,11812.973548222117,10926.193997155804,9237.147995245256,11771.0,7,True,South,9517.5,5513.166666666667,10252.083333333334,10068.916666666666,11900.666666666666,,12.0,12.0,12.0,3.0,,24280,2023,11501.22044913688,0.7649302744338757,0.95680747257559,1.0085959450175317,1.0581139986313983,1.0811608828561117,8643.248387825064,11573.070530793408,12218.573261868458,,
carrollclean_000464::1,1,7153.896936339824,8770.813206799092,10049.248289486428,12111.65249314706,13501.12892831678,9126.034660280198,9126.034660280198,,0,False,South,13871.0,7381.583333333333,13011.0,14395.833333333334,16436.8,,12.0,12.0,12.0,5.0,,24278,2023,9965.284194224556,0.7838998209678262,0.9610760350245919,1.101162625781424,1.3271539002433719,1.479408026695162,7779.288359475516,10224.075155819213,11879.653834467834,,
carusoscarcare_000515::1,1,2834.9654778448926,3280.7187158905367,3437.5362802789464,3461.9446325187637,3516.920731001555,3461.0746624008716,4738.19892678805,3652.153846153846,3,True,Midwest,2450.0,1096.75,2148.1666666666665,2697.4166666666665,2848.4,,4.0,12.0,12.0,5.0,,24278,2023,2425.6344265388284,0.8190997751774414,0.9478901890012318,0.9931991117158978,1.000251358379333,1.0161354706407704,,2451.470659004095,2579.0974197336595,,
carwashcafe_000425::1,1,3493.3548689167696,4060.816207584905,3979.246684856862,3847.401552169359,3770.2131512415167,4173.330520891218,4173.330520891218,5469.692307692308,13,False,South,1571.5,1821.75,2013.75,1658.75,1571.6666666666667,1520.6666666666667,12.0,12.0,12.0,12.0,3.0,24268,2022,3163.504995152098,0.837066427264611,0.9730396831156605,0.9534942571495849,0.9219019516689858,0.9034063159791104,2606.3601796299768,3210.475231086387,3252.962406868386,3093.417964562019,
carwashcompanymv_000620::1,1,4862.99000367282,5189.2119558641925,4932.907268861737,4752.12233914614,4697.705122127723,5218.59279851147,5218.59279851147,5932.335664335664,2,False,South,8714.0,3813.25,8135.333333333333,9080.166666666666,,,12.0,12.0,6.0,,,24289,2024,3932.72482250245,0.9318584897177491,0.9943699683455551,0.9452562135656146,0.9106137463918655,0.9001861811229412,3603.019919826778,4112.649253366408,,,
cascadecw_000441::3,1,6381.639170602411,7946.033250563436,8160.842116220057,8217.931462916518,8191.384803592925,8296.392150496304,8296.392150496304,,0,False,South,4826.5,3341.0,4858.666666666667,5854.333333333333,,,12.0,12.0,3.0,,,24292,2024,8566.812443508103,0.7692065484417405,0.9577697276626553,0.9836615685689184,0.9905427942464012,0.9873430106727661,6541.966706093667,8481.757237691065,,,
centurycarwash_000236::4,1,8269.170312983739,9802.199991876074,9985.436005050658,10171.319041675644,10264.043419242416,10120.611388962496,9526.287885233713,10843.26923076923,4,True,South,8201.5,8549.25,9968.416666666666,9283.916666666666,9029.333333333334,8017.666666666667,12.0,12.0,12.0,12.0,12.0,24259,2021,10797.298780671712,0.8170623290606799,0.9685383239362713,0.9866435555406011,1.0050103349258575,1.0141722693192574,8731.391392854519,11145.473649817473,11174.113279458477,11385.074284328146,11823.285196049517
centurycarwash_000236::5,1,7541.090178767827,8646.35895359796,8687.533054149766,8806.901263007323,8896.576316228771,8856.395058729628,8856.395058729628,7739.796703296703,2,False,South,7881.5,8697.583333333334,12491.666666666666,11580.333333333334,8646.5,7942.333333333333,12.0,12.0,12.0,12.0,6.0,24265,2022,9263.66982577256,0.8514852972073188,0.9762842439007238,0.980933325189303,0.9944115189765028,1.0045369766403474,7711.824296791942,9638.866122212525,9619.64343393107,9637.553581310145,
centurycarwash_000236::6,1,7131.910802823416,8066.639981139025,7951.802246541003,7863.176116437873,7836.040731952558,8234.939467950217,8234.939467950217,,0,False,South,8121.0,6889.583333333333,7216.666666666667,7361.666666666667,8082.0,,12.0,12.0,12.0,12.0,,24271,2022,8425.109596895687,0.8660550366618106,0.9795627536223914,0.9656175710202652,0.9548553631803586,0.9515602103026812,7243.8116363650515,8531.262312810824,8762.164491458314,8471.616699889415,
centurycarwash_000236::7,1,7301.840942596081,8259.005385682814,8141.502861244381,8050.795733546492,8023.013291895939,8431.359825149508,8431.359825149508,,0,False,South,12442.5,7767.0,10204.25,11788.75,12286.333333333334,,12.0,12.0,12.0,3.0,,24280,2023,8817.634518298268,0.8660336047829156,0.9795579309813601,0.9656215640280793,0.9548632605540271,0.9515681287808959,7581.112405784187,9300.32327210957,8930.93064040518,,
centurycarwash_000236::8,1,7685.895196296078,8789.932519939835,8553.785678798813,8241.89843833032,8074.294703182132,8997.840066547034,8997.840066547034,10743.153846153846,2,False,South,10181.0,7018.0,8702.083333333334,9529.2,,,12.0,12.0,10.0,,,24285,2023,10003.303537949128,0.8541933552332608,0.9768936161268107,0.9506487796555568,0.9159863230924473,0.8973592154856652,8435.57238516236,10329.763373926695,10400.802697235746,,
centurycarwash_000236::9,1,8824.905776306767,10576.419333055084,10554.903197102543,10339.37852529498,10175.267361665785,10947.911080431088,9007.063193873104,11944.0,3,True,South,5782.5,4693.0,5760.5,5268.5,,,12.0,12.0,2.0,,,24293,2024,10804.826234189295,0.8060812433963681,0.9660673397283954,0.9641020208840544,0.9444156469060264,0.9294254663662396,8515.173628806951,11124.789114552375,,,
championcarwash_000085::10,1,4806.754448515975,5606.89284259541,5602.654695019782,5575.3230465059,5556.690190118313,5767.012946374442,7162.858524165705,6730.615384615385,8,True,South,4237.0,2814.3333333333335,3839.4166666666665,4710.75,4282.75,4202.666666666667,12.0,12.0,12.0,12.0,12.0,24258,2021,6233.642985779583,0.8334911839478087,0.9722351752513932,0.9715002804947771,0.9667609728552712,0.963530035702737,5166.0760272443,6365.7141158030845,6565.532495926325,6399.631138993391,6485.127186188826
championcarwash_000085::9,1,3976.783662710785,4797.615443782797,4838.233859561052,4805.286599208268,4765.442109288282,4973.677205467528,6607.96090960785,4606.423076923077,4,True,South,3589.5,2682.1666666666665,3787.9166666666665,3909.8333333333335,3503.25,3398.75,12.0,12.0,12.0,12.0,12.0,24258,2021,5147.249131975597,0.7995660953507667,0.9646012890641178,0.9727679661724761,0.9661436399462856,0.9581325671979004,4073.26540371893,5291.6319170086945,5274.044637564129,5292.901757854466,5450.60212757923
championxpresscw_000216::10,2,5205.310301860682,7164.61797779876,7393.054409866577,7204.5012158230975,7215.557981887278,7408.757102879379,7408.757102879379,,0,False,West,9076.5,7624.083333333333,8644.083333333334,9491.333333333334,9727.75,8745.888888888889,12.0,12.0,12.0,12.0,9.0,24262,2021,7139.578137850553,0.7025888728134523,0.9670472224031025,0.9978805226308878,0.9724304786592479,0.9739228701509172,4931.703473226146,7261.065367069374,7712.829506063445,7311.125861667927,
championxpresscw_000216::11,1,5413.330562070293,7230.431052274865,7376.795548831507,7118.337003624387,7125.076310565247,7437.203416721772,7437.203416721772,,0,False,West,10285.0,6083.833333333333,8970.666666666666,8311.583333333334,10190.916666666666,10631.857142857143,12.0,12.0,12.0,12.0,7.0,24264,2021,6756.399593326777,0.7278717898046176,0.9721975650172482,0.9918776098345725,0.9571254952660772,0.958031656703817,4831.493849674035,7012.073388182826,7174.29929687825,6756.820705102374,
championxpresscw_000216::12,1,4963.9091775589195,6635.780358417157,6839.349844105544,6748.3241068017915,6847.719004760103,6826.5890850063215,8004.290067454841,7127.923076923077,7,True,West,7184.5,6517.363636363636,9465.083333333334,7390.333333333333,7345.833333333333,7511.714285714285,11.0,12.0,12.0,12.0,7.0,24264,2021,7495.606758670239,0.7271433970533651,0.9720491852939779,1.0018692730645309,0.9885352732924223,1.0030952382647713,5427.707995708687,7768.52125552991,8098.606345817117,7859.308005974776,
championxpresscw_000216::14,1,4623.612420219192,5926.066516396215,5987.384009512561,5792.691244509195,5856.574904503447,6049.341960416547,6369.881226855432,7127.923076923077,11,True,West,6784.0,4516.583333333333,6733.416666666667,6245.416666666667,6765.583333333333,8040.0,12.0,12.0,12.0,12.0,2.0,24269,2022,5487.887218037455,0.764316590213197,0.9796216770638895,0.989757902378572,0.9575737794975505,0.9681342107663183,4128.425458492604,5607.0420232008855,5697.33586576871,5513.50337477388,
championxpresscw_000216::15,1,4728.571299623146,6193.472228997775,6352.766297768242,6266.798568331132,6385.000828730056,6347.943187204752,7008.225546260091,6858.846153846154,12,True,West,8176.5,4873.833333333333,7782.25,7401.166666666667,8324.75,9400.75,12.0,12.0,12.0,12.0,4.0,24267,2022,6420.717050241724,0.7448981757042664,0.9756659828779917,1.0007597910726758,0.9872171794106193,1.0058377399470115,4748.1730674341925,6475.7514010262275,6920.605005057451,6731.163554112659,
championxpresscw_000216::16,1,4582.102265770827,6179.112683655593,6455.113182645468,6500.564781228381,6668.790532067884,6366.728206335503,7141.450478718621,7296.576923076924,12,True,West,4991.0,4128.166666666667,5072.5,5072.5,4803.4,,12.0,12.0,12.0,10.0,,24273,2022,6651.573243650051,0.7196949700493257,0.9705318781327567,1.0138823228266622,1.0210212483642223,1.0474438857672297,4752.465173090706,6951.043526258096,7375.903812456541,7228.298895319664,
championxpresscw_000216::17,1,4569.575158775462,5945.492146301981,6079.312611346287,5965.620491071514,6063.748919311217,6086.279196534514,6786.410363285343,7027.5,10,True,West,4305.5,2661.25,5012.666666666667,4034.9166666666665,4323.583333333333,4838.25,12.0,12.0,12.0,12.0,4.0,24267,2022,5769.645912693233,0.7507994640432116,0.9768681248943203,0.9988553622068153,0.9801752923967566,0.9962981853944318,4276.495658839068,5957.784007518668,6247.940220541971,5924.202732307735,
championxpresscw_000216::18,1,4632.305088331696,5958.445659215402,6021.044891356697,5814.141261279517,5865.887256774408,6086.4914724521395,6479.693287767144,7127.923076923077,11,True,West,4094.5,2762.5833333333335,3812.0,3932.0,4266.363636363636,,12.0,12.0,12.0,11.0,,24272,2022,6029.3000825284935,0.7610796974410978,0.9789622948103548,0.9892472401560639,0.9552533323335295,0.9637551097087377,4486.358159921156,6290.707104485,6457.0534485539965,6087.535871354702,
championxpresscw_000216::21,1,4787.910107595405,5728.851157107144,6216.3192862875685,7037.602259200292,7603.926335124838,5927.840889218045,7100.777266756347,6269.846153846154,4,True,South,2967.0,2980.75,3641.0,3161.5,3248.625,,12.0,12.0,12.0,8.0,,24275,2022,6174.205023835219,0.8076988227372933,0.9664313304237236,1.048665003406928,1.1872117337023596,1.2827480489490481,4958.477577743691,6267.378489935319,6931.446862007192,,
championxpresscw_000216::22,1,7078.77972868508,8439.080352725752,8290.656035681453,7829.262699209136,7927.064806467664,8492.377617593458,8492.377617593458,16212.615384615385,1,False,West,11788.5,11147.0,11344.833333333334,11046.0,12135.25,,12.0,12.0,12.0,8.0,,24275,2022,8851.730297374268,0.8335450974318592,0.993724105631232,0.976246748437787,0.921916458706386,0.933432916365536,7302.480801768251,9374.769496576988,9319.233888267061,,
championxpresscw_000216::23,1,4949.611551170332,6258.862339175549,6404.590877448719,6300.269226196266,6454.061042838149,6372.657062068914,6372.657062068914,2589.3076923076924,1,False,West,18668.0,10020.833333333334,17837.583333333332,20207.083333333332,19345.285714285714,,12.0,12.0,12.0,7.0,,24276,2022,5158.439862419069,0.7766951058187677,0.9821432846950624,1.0050110676078712,0.9886408706497778,1.012773946562065,3939.0553013646268,5328.111897113463,5437.845737944055,,
championxpresscw_000216::24,1,6242.221734605846,7410.815962548769,7770.739734366497,7736.535816736475,7763.448876378109,7843.361147794173,7843.361147794173,,0,False,Midwest,5854.0,6652.0,6426.666666666667,6509.5,5955.545454545455,,12.0,12.0,12.0,11.0,,24272,2022,6703.867462727351,0.7958605522533381,0.9448520631531737,0.9907410340975947,0.9863801590868041,0.9898114762395535,5241.7175433188495,6761.854663111193,7031.079173036911,6937.771133650173,
championxpresscw_000216::25,1,6939.7566490491945,8142.244787137978,9265.032439068003,10633.168472332416,11668.02776235184,8604.817885076103,8604.817885076103,,0,False,Midwest,5277.5,10453.75,10267.166666666666,7247.666666666667,5212.909090909091,,12.0,12.0,12.0,11.0,,24272,2022,7907.506047462558,0.8064966326696196,0.9462425464296699,1.0767261507227193,1.2357226630878746,1.3559877638536035,6350.847836090155,7977.840107953671,9101.205246087547,10209.835089734595,
championxpresscw_000216::26,1,5923.633568584769,7096.170917032389,7471.8075244889105,7460.475638770434,7485.512810514454,7518.67886658209,7518.67886658209,,0,False,Midwest,7100.5,6054.0,6406.583333333333,7178.416666666667,6611.5,,12.0,12.0,12.0,8.0,,24275,2022,6662.840607255264,0.7878556424205398,0.9438055598533936,0.9937660135610384,0.9922588490818048,0.9955888452404786,5166.685863545079,6558.615969452861,7131.390971245011,,
championxpresscw_000216::27,1,5146.925995996763,6299.998226984186,7239.794754058417,8340.330639942635,9118.518492135589,6692.530224332483,6692.530224332483,3462.8571428571427,1,False,Midwest,5707.0,7085.5,6448.5,5996.0,5721.777777777777,,12.0,12.0,12.0,9.0,,24274,2022,4699.665860193692,0.7690553233937947,0.9413477437993268,1.0817724405242441,1.2462148634935009,1.362491940489529,3588.1505927533854,4573.224699701468,5560.402246026263,,
championxpresscw_000216::28,1,4702.314321844576,5819.331797325775,6506.822992984647,7580.836398797179,8297.6862664526,6067.695810763221,6820.541466048822,6429.692307692308,3,True,South,5087.5,3665.6363636363635,5423.583333333333,5828.75,5442.75,,11.0,12.0,12.0,8.0,,24275,2022,5979.7598299814845,0.7749752902087388,0.9590678206054952,1.0723713244560609,1.249376474237529,1.3675184988235067,4600.63410636191,6175.169549558239,6952.068344262261,,
championxpresscw_000216::29,1,3855.921641199981,5189.6818237515845,5491.050575512253,5774.757683714612,6130.98280492526,5345.3939568419055,5345.3939568419055,4465.5,1,False,West,3899.0,4377.0,4456.0,4230.5,3782.714285714286,,11.0,12.0,12.0,7.0,,24276,2022,4205.7580894786515,0.7213540615214235,0.9708698490050457,1.027248996022812,1.0803240566250756,1.1469655659481992,2995.0749228667937,4316.2337608839525,4550.712153956385,,
championxpresscw_000216::30,1,5701.861942180342,7288.576142439152,7098.132058736879,6456.319978031649,6291.219854219734,7436.437355549941,7436.437355549941,,0,False,West,5083.0,4073.0,5175.75,5315.416666666667,5240.0,,12.0,12.0,12.0,1.0,,24282,2023,7479.781781875575,0.7667464498877201,0.9801166598948841,0.9545070736647061,0.8682006812325511,0.8459991731826382,5693.597989774539,7813.278403024722,7729.131805548877,,
championxpresscw_000216::31,1,4365.126289829482,5856.325593309815,6095.343826260618,6107.116927927022,6250.955045247499,6028.605670088419,6398.805496206516,6589.7692307692305,11,True,West,7856.0,7199.454545454545,7674.166666666667,7914.416666666667,7877.714285714285,,11.0,12.0,12.0,7.0,,24276,2022,5418.149942292023,0.7240689686319225,0.9714228983936717,1.011070247387937,1.0130231204585407,1.0368823882879403,3906.794530939415,5489.459721701744,5864.60041637305,,
championxpresscw_000216::32,1,5433.541657609513,7325.918930233181,7501.158136387337,7261.107634751875,7269.350412801129,7548.10043120402,7548.10043120402,,0,False,West,8964.5,6379.833333333333,7891.416666666667,8600.416666666666,9338.57142857143,,12.0,12.0,12.0,7.0,,24276,2022,7310.869743362519,0.7198555063134994,0.9705645807185691,0.9937809127946122,0.9619781428363472,0.9630701762723596,5179.887895233582,7334.980399530043,7835.236963638101,,
championxpresscw_000216::33,1,5257.150281474435,7036.33827881746,7184.4824334699515,6937.5856078051365,6944.443715312792,7240.246482829335,7240.246482829335,,0,False,West,4706.5,3379.3333333333335,3998.3333333333335,4893.5,4524.8,,12.0,12.0,12.0,5.0,,24279,2023,6918.949526146303,0.7261010096744734,0.9718368422269249,0.9922980454475367,0.9581974348881662,0.9591446550586287,4987.504504987017,7240.179726574578,7201.450258996312,,
championxpresscw_000216::34,1,4453.485511944042,5957.721731431028,6135.712084266713,6037.744216336294,6114.475653196337,6129.824502942807,5982.654611126486,6990.165384615385,10,True,West,6897.0,2610.4166666666665,5858.416666666667,7237.833333333333,,,12.0,12.0,12.0,,,24283,2023,5257.167720911612,0.7265274087057487,0.9719237032921325,1.000960481221131,0.9849783160085077,0.9974960376534269,3780.2192126113714,5454.571049994648,5570.641139011276,,
championxpresscw_000216::35,1,5003.556108148594,5927.977651418173,5895.846139452556,5790.991111750533,5719.332209189317,6119.767731503591,6119.767731503591,4650.692307692308,2,False,South,5985.0,4335.333333333333,5353.666666666667,6797.75,7673.0,,12.0,12.0,12.0,3.0,,24280,2023,5130.853330662805,0.8176055575428268,0.9686605622141322,0.9634101158940522,0.946276291163704,0.9345668757569188,4124.360061179,5299.129612760879,5206.671211098326,,
championxpresscw_000216::36,1,5057.247439580396,6837.468951861877,7095.313712929613,7052.843019338997,7173.393215968758,7048.302268263973,7993.478232155981,7597.807692307692,10,True,West,7059.0,5541.583333333333,6937.583333333333,7125.583333333333,7853.0,,12.0,12.0,12.0,1.0,,24282,2023,7449.258268360637,0.7175128487822383,0.9700873616968154,1.0066698962212952,1.0006442333064332,1.017747670707601,5251.144030326002,7536.923811363293,8129.900163266828,,
championxpresscw_000216::37,1,4639.666191064272,5643.20556744638,6013.452699692345,6575.896895343222,7017.851891958494,5853.698899984769,7319.3906408484445,5769.0,3,True,Unknown,5741.0,3448.5,5526.666666666667,6056.416666666667,,,12.0,12.0,12.0,,,24283,2023,5515.286932588728,0.7926041756394995,0.9640409703104242,1.027291085933373,1.1233746401545068,1.1988747648049942,4353.254760987757,5496.282868580315,6196.763861284282,,
championxpresscw_000216::38,1,5898.849209137016,7050.068137677149,7415.335778055877,7398.598210247613,7423.660282159563,7467.7008781729455,7467.7008781729455,,0,False,Midwest,2900.0,1237.5833333333333,2555.6666666666665,2975.5454545454545,,,12.0,12.0,11.0,,,24284,2023,6379.031738351229,0.789915036149685,0.9440747899107101,0.9929877882133543,0.9907464601150121,0.9941025227534077,4959.536915471303,6484.507383259303,6867.264416107019,,
championxpresscw_000216::39,1,5457.534538351573,7132.892874591099,6813.368483486548,6017.815078435732,5753.956893440674,7307.891849820738,7307.891849820738,,0,False,West,6227.0,3932.25,5866.75,6783.833333333333,,,12.0,12.0,6.0,,,24289,2024,7069.141460211195,0.7468001238257852,0.9760534256902104,0.9323302292238602,0.8234679989939026,0.7873620753681266,5241.036105406637,7293.565993939774,,,
championxpresscw_000216::40,1,3859.9448692880433,5226.090205274096,5120.766996828548,4661.536307818007,4505.741020499906,5388.588253437593,5388.588253437593,4312.615384615385,1,False,West,5074.0,3939.0833333333335,5510.416666666667,5371.666666666667,,,12.0,12.0,3.0,,,24292,2024,4151.002877929319,0.7163183913385165,0.9698440406798879,0.950298437361921,0.8650756169473941,0.8361635383118233,2951.9244221426416,4290.634656299693,,,
championxpresscw_000216::41,1,5447.3091962056,7482.67111187886,7715.509107528985,7513.937160807824,7525.183445680948,7734.947306303161,7734.947306303161,,0,False,West,12966.0,8060.5,11414.333333333334,12635.333333333334,14619.0,,12.0,12.0,12.0,2.0,,24281,2023,7400.784833868378,0.7042464519139802,0.9673848851925956,0.9974869642927837,0.9714270651442916,0.9728810226733831,5145.378958314864,7519.880698969876,7961.180029545001,,
championxpresscw_000216::42,1,6157.835807247233,7561.963198525976,7454.291788862217,6972.791528995833,6966.150370464216,7655.512605461017,7655.512605461017,,0,False,West,7990.0,5828.333333333333,7313.833333333333,8282.818181818182,,,12.0,12.0,11.0,,,24284,2023,7187.470701835968,0.8043662292260579,0.987780125021503,0.9737155658975389,0.910819678361163,0.9099521781852925,5652.321047173557,7566.638245324747,7340.84183831271,,
championxpresscw_000216::43,1,4889.354961052111,6573.4870556642245,6791.273075843954,6714.380056075118,6814.188509149495,6769.416354993166,7843.806834031801,7296.576923076924,8,True,West,5925.5,5235.727272727273,6633.416666666667,5987.583333333333,,,11.0,12.0,12.0,,,24283,2023,7591.836809566643,0.7222712719458733,0.9710566924747621,1.003228745242515,0.9918698605563753,1.0066138869007968,5452.115687430008,7753.031767402142,8062.751030799888,,
championxpresscw_000216::44,1,4666.999532458146,6346.85169486532,6617.626860548483,6621.741702296388,6755.651470041968,6549.3236045830545,7111.581992795017,7296.576923076924,12,True,West,6555.5,3860.1666666666665,6379.416666666667,7556.8,,,12.0,12.0,5.0,,,24290,2024,6134.263039114026,0.7125925995155126,0.969085065582032,1.0104290549817436,1.0110573399767049,1.031503690749764,4326.3021948221185,6346.01204622118,,,
championxpresscw_000216::45,1,4588.445967944165,5632.207171592603,6145.195102243171,6971.9668457468215,7543.8061017102045,5861.877566091501,7273.422004195517,5769.0,3,True,South,6025.5,3959.1666666666665,6924.916666666667,6685.75,,,12.0,12.0,8.0,,,24287,2023,6190.104629493186,0.7827604579267226,0.9608196534456052,1.0483322165905586,1.1893743544008357,1.28692658907582,4763.761454892558,6341.371426064917,,,
championxpresscw_000216::46,1,5621.325038213462,6819.6768283216325,7222.054633096369,7239.75976009548,7262.842530627669,7236.839559957884,7236.839559957884,,0,False,Midwest,6638.0,4880.727272727273,6853.083333333333,7447.333333333333,,,11.0,12.0,6.0,,,24289,2024,6457.803513294857,0.7767651875712132,0.9423556749904403,0.997956991206034,1.0004035187063913,1.0035931390290398,4928.171316019553,6347.020836284291,,,
championxpresscw_000216::47,1,5406.4148907212175,7233.0938182906675,7384.19305701037,7129.430552016694,7136.418089594383,7442.145069765184,7442.145069765184,,0,False,West,7869.0,5834.090909090909,7932.083333333333,8901.333333333334,,,11.0,12.0,6.0,,,24289,2024,7154.604471919471,0.7264592184161497,0.971909812357217,0.9922129960903001,0.9579805936572051,0.9589195081115978,5175.907245031462,7188.14897821372,,,
championxpresscw_000216::48,1,5700.88459964571,7110.547890566187,7622.794963592766,7705.324102958298,7727.198241586565,7570.411949842854,7570.411949842854,,0,False,Midwest,5644.5,3863.9166666666665,5898.916666666667,5904.25,,,12.0,12.0,4.0,,,24291,2024,6549.416165241594,0.7530481349517643,0.9392550811866701,1.0069194403286073,1.0178209790972135,1.0207104042398862,4854.352484355783,6623.720008665807,,,
championxpresscw_000216::49,1,5768.162444587096,7508.79121198376,8043.263017866225,8587.35251833435,9207.473003950894,7687.321064114541,7687.321064114541,11237.208333333332,2,False,West,2027.5,1390.1666666666667,1796.0833333333333,2247.0,,,12.0,12.0,4.0,,,24291,2024,7808.787854649112,0.750347539341587,0.9767760640355999,1.0463024701040873,1.1170799875162336,1.1977479445905583,5816.9078630050535,8062.658910060515,,,
championxpresscw_000216::50,1,4538.279637151407,5529.098967863945,5853.084551543874,5908.0106028275995,5958.5725271417095,5870.309163635003,5870.309163635003,6319.846153846154,1,False,Midwest,2914.5,1901.5,3199.6666666666665,3464.5,,,12.0,12.0,2.0,,,24293,2024,4168.713161413677,0.7730903962034635,0.9418752596737556,0.9970658083567676,1.0064223941434205,1.0150355562281923,3199.4725580593513,4184.677588809048,,,
championxpresscw_000216::52,1,5782.3136658161575,6527.844102154584,5974.302170573942,4839.615501355368,4343.288569532261,6864.721856207943,6864.721856207943,9371.23076923077,1,False,Midwest,8752.0,4543.5,8594.333333333334,9081.5,,,12.0,12.0,2.0,,,24293,2024,5480.319110968902,0.8423230812457556,0.9509262339961069,0.8702904932952568,0.7049980469316146,0.6326969483263934,4557.214488761978,5473.77008228833,,,
championxpresscw_000216::54,1,4591.631680963796,6141.878506124311,6353.172730501387,6308.001248564735,6425.137459167835,6319.180858414208,6907.503561204996,6589.7692307692305,11,True,West,8028.0,4086.9166666666665,7939.25,9584.666666666666,,,12.0,12.0,3.0,,,24292,2024,6185.658769279374,0.7266181778687152,0.9719421937332569,1.0053791579713878,0.9982308450889505,1.0167674581765676,4394.2941244309095,6407.564622015583,,,
championxpresscw_000216::55,1,5644.708894138673,7297.838629281879,7796.309142804889,8317.233792575424,8930.960464934002,7461.809894501384,7461.809894501384,8017.638888888889,2,False,West,3418.5,2049.3333333333335,3538.6666666666665,,,,12.0,12.0,,,,24295,2024,7630.0808512312915,0.7564798586329926,0.97802526899803,1.0448281654227076,1.1146402696086377,1.1968893058392223,5739.107588170564,7848.00605067295,,,
championxpresscw_000216::6,1,5486.13480736677,7403.692047500427,7583.465961268499,7343.033114172045,7351.503804375668,7629.490770060569,7629.490770060569,,0,False,West,8211.0,5524.583333333333,7526.583333333333,8292.25,7842.583333333333,7996.166666666667,12.0,12.0,12.0,12.0,12.0,24253,2021,7029.633234260007,0.7190695909739224,0.9704044831607616,0.9939675123570921,0.9624538957419501,0.9635641520433094,5002.841446230529,7282.190865047109,7468.940009108714,7176.256376214272,6893.5399300635745
championxpresscw_000216::7,1,5394.594888174067,7087.977327254518,7185.267037697614,6894.488368383542,6898.6698183827,7268.938969322023,7268.938969322023,,0,False,West,7403.5,5783.916666666667,6530.916666666667,7964.5,7742.0,7275.5,12.0,12.0,12.0,12.0,12.0,24256,2021,6936.778492103092,0.7421433734609032,0.9751048065156086,0.9884891134761842,0.9484862092639903,0.9490614582813236,5061.378061357066,7211.94568802438,7385.168358562057,6903.019003340533,6944.869860783985
championxpresscw_000216::9,1,6004.809446217553,7932.527267002733,8511.056139358085,9077.39780587284,9701.22974987717,8143.102286686202,8143.102286686202,,0,False,West,11339.5,15009.5,15308.416666666666,13989.416666666666,10999.25,11719.5,12.0,12.0,12.0,12.0,12.0,24257,2021,8048.448114029533,0.7374105389828257,0.9741406883679019,1.04518595489995,1.1147345920871203,1.1913432262466446,5830.861221518044,8177.189814313281,9200.44915190091,9386.446700744964,10114.886103636627
champscarwash_000290::1,1,5016.443580148485,5404.47033971055,4454.070302465633,3402.792119981461,2948.406420702607,5448.912983650822,5448.912983650822,3720.4615384615386,1,False,South,2576.5,2419.6666666666665,2829.0833333333335,2561.8333333333335,2582.0,2483.0,12.0,12.0,12.0,12.0,12.0,24256,2021,3957.058848538315,0.9206319857189978,0.9918437596501138,0.8174236431798119,0.6244900827360174,0.5410999275542014,3622.2333572273615,4127.583691723543,3407.054303907271,2602.263090855853,2029.4476646645294
charliescw_000634::1,2,4679.4666387008065,5490.594201260348,5486.725646589609,5443.260282418168,5411.273791233065,5655.303789461875,5655.303789461875,6842.6923076923085,2,False,South,14805.5,6339.833333333333,13699.916666666666,17936.6,,,12.0,12.0,5.0,,,24290,2024,4821.818203064528,0.8274474392375794,0.9708752006375949,0.970191142837208,0.9625053728433068,0.956849356407071,3973.2040050624596,4839.26843499688,,,
circlek_000060::2,2,1110.5725923759355,1229.554871056646,1199.162552754563,1178.9788437382306,1173.9793370676423,1248.470669756024,5560.832354596379,911.2307692307692,3,True,South,501.0,870.3333333333334,933.3333333333334,632.75,506.90909090909093,,12.0,12.0,12.0,11.0,,24272,2022,2305.2000370591054,0.8895464020736373,0.9848488241192926,0.960505185907894,0.9443384392591508,0.9403339345545547,2004.8142040955584,2419.6067582677883,2384.72890023981,2311.6931869360483,
circlek_000060::3,1,5561.912696102911,6238.28275290415,6132.073064213501,5984.326683898849,5968.459536734146,6357.572193455975,6357.572193455975,,0,False,Unknown,939.5,834.4166666666666,892.4166666666666,878.2727272727273,,,12.0,12.0,11.0,,,24284,2023,5815.505238188105,0.8748485313038113,0.9812366361054282,0.9645306223223723,0.94129118817694,0.9387954009987722,5050.872622183444,6081.739394322988,6072.480180874651,,
circlek_000060::4,1,985.1936731105384,1087.371146563067,943.2961025391523,764.2309229387819,677.3494924821524,1103.2260885889968,4869.5930777446,911.2307692307692,3,True,South,788.5,610.0833333333334,783.5,650.0,,,12.0,12.0,2.0,,,24293,2024,1806.048127316551,0.8930115805823451,0.9856285649968557,0.8550342602445238,0.6927237588409618,0.6139716051752078,1606.1127368867142,1840.1281695140963,,,
classicautowash_000387::1,1,5647.342713139002,7335.796393821725,8059.410081773281,8183.871622835856,8172.122517994485,7981.500814033268,7981.500814033268,,0,False,Northeast,9939.5,10237.333333333334,9684.666666666666,10255.25,9510.666666666666,11957.6,12.0,12.0,12.0,12.0,5.0,24266,2022,9289.386950458615,0.7075539857378335,0.9190998741644867,1.0097612303193693,1.0253549819160295,1.0238829398633977,6469.2304055049135,9193.176241173951,10041.805898221488,10137.672204387489,
classicexpcw_000556::1,1,4879.145697914383,5729.725532180389,6140.998913570466,6374.2060195319755,6573.21314779289,6055.921576659653,7498.907269116533,6168.527972027972,4,True,Midwest,3804.5,965.75,2605.0,3931.5,3807.5,,12.0,12.0,12.0,2.0,,24281,2023,5653.497150728165,0.8056817837138571,0.9461360190434982,1.0140486193280167,1.0525575569041439,1.085419133089,4521.961078541614,5654.190132157838,6182.560770081844,,
classictouchcw_000410::1,1,5975.662275239197,7283.037848077513,7450.320378063413,7557.459442246327,7590.726458869616,7567.890498647728,7567.890498647728,8404.23076923077,1,False,South,2961.0,1396.6666666666667,2813.9166666666665,3071.0,2962.3333333333335,2762.0,12.0,12.0,12.0,12.0,2.0,24269,2022,7028.338631864412,0.7896073914265753,0.9623603630865016,0.9844646112935536,0.998621669221659,1.0030174802642782,5509.472009233902,7208.7008881892525,7257.556978382929,7352.426028847498,
clean_000473::1,1,8694.92746737542,10571.298236749008,10754.41583822425,10787.25929520354,10753.581735023636,10978.658415253762,8829.61298960909,11437.46153846154,5,True,South,8930.5,2952.75,7917.583333333333,8714.166666666666,6298.0,,12.0,12.0,12.0,1.0,,24282,2023,10688.356811191547,0.7919845156394225,0.9628952679738385,0.9795746831217602,0.9825662560204722,0.9794987081556883,8356.848994794704,10809.954627934381,11083.70386562709,,
clean_000473::2,1,8694.927467375406,10571.298236748988,10754.415838224231,10787.259295203516,10753.581735023616,10978.658415253742,8829.61298960909,11437.46153846154,5,True,South,11749.0,6730.666666666667,10667.083333333334,12241.416666666666,9141.0,,12.0,12.0,12.0,1.0,,24282,2023,10634.909192391686,0.7919845156394226,0.9628952679738384,0.9795746831217603,0.9825662560204719,0.9794987081556883,8234.692415276304,10913.886642960151,11135.903352644566,,
clean_000473::4,1,6759.735530102541,7825.294442894072,7794.797767014661,7744.446549760366,7718.168180783515,8034.096220666628,8034.096220666628,,0,False,South,9123.0,5614.25,8659.5,9830.25,,,12.0,12.0,4.0,,,24291,2024,8347.210038986068,0.8413809524354505,0.9740105455501713,0.9702146393222919,0.9639474481073331,0.9606765924622074,6983.158101532061,8550.374053945421,,,
cleancarwash_000496::1,1,2674.0601094816766,2872.6915090541643,2735.6804568804323,2631.4254079500693,2596.1981610754565,2894.1292861391103,4677.68821123053,2882.6923076923076,3,True,South,2069.5,1954.5,1963.8333333333333,2103.5,2024.5714285714287,,12.0,12.0,12.0,7.0,,24276,2022,2691.863774598559,0.9239601431382441,0.9925926677886789,0.9452516409624342,0.9092286998209749,0.8970567325756527,2461.611232274433,2852.3363558229166,2719.9106201366976,,
clearwater_000397::1,1,6328.293838023635,7857.351674448924,8060.637045993136,8113.051049672745,8086.778634618619,8198.673884102283,7078.9682798778895,8998.076923076922,14,True,South,13702.5,9617.75,13174.833333333334,13545.75,13593.916666666666,,12.0,12.0,12.0,12.0,,24267,2022,7437.071402078019,0.7718679785879242,0.9583686075969916,0.983163516434431,0.9895565019855752,0.986352030698448,5643.754488315911,7599.3746220827,7997.072275231315,7721.341650935031,
clearwater_000397::10,1,6727.418222848971,8314.824321933493,8538.781026847058,8665.875197486157,8697.488907714165,8667.221906234648,8619.54427358077,8586.0,7,True,South,12885.0,9441.25,12072.166666666666,13527.416666666666,7350.0,,12.0,12.0,12.0,1.0,,24278,2023,9242.010315950158,0.776190836652018,0.9593413451145558,0.9851808479375384,0.9998446204835805,1.0034921225978701,7047.679996801859,9247.19162951856,9819.171549434668,,
clearwater_000397::11,1,6304.637691572355,7843.294467779747,8052.518469522946,8107.633526605882,8081.428545061698,8187.543180212606,6838.24322267516,8998.076923076922,14,True,South,13744.5,9211.75,12959.666666666666,13761.583333333334,10327.666666666666,,12.0,12.0,12.0,3.0,,24276,2022,7032.25007541455,0.7700280234013548,0.9579545774775481,0.9835085192569142,0.9902400937805316,0.987039502227315,5392.503717410571,6963.774452932168,7498.208832247894,,
clearwater_000397::12,2,8328.247729254288,10266.839255507975,10915.878711872734,11711.59816369386,12159.660196055229,10695.807292576215,9196.944705852491,11357.115384615385,8,True,South,8395.5,7177.333333333333,7719.5,7731.25,,,12.0,12.0,8.0,,,24284,2023,11061.897473985511,0.7786460153442357,0.959893813965218,1.0205754846994362,1.0949709398581524,1.1368623109444997,8477.653809649599,11433.22228997607,,,
clearwater_000397::13,2,6798.672382892771,8374.381699815733,8849.675285436837,9394.213134461868,9685.670063374995,8722.688535576357,7868.388568210056,9215.576923076922,8,True,South,8324.0,7819.083333333333,8305.416666666666,7787.7,,,12.0,12.0,10.0,,,24281,2023,8635.537990464038,0.7794239534248765,0.9600688670310742,1.0145582121088643,1.0769859655250364,1.1103996232206415,6682.0426834194395,8763.779464715239,9582.298275873338,,
clearwater_000397::14,2,7592.7763971817985,9207.682324955724,9719.30902817144,10384.06260090969,10769.612140946288,9556.924993208186,9049.549178895142,9726.692307692309,4,True,South,16295.5,15598.166666666666,18842.25,16075.142857142857,,,12.0,12.0,7.0,,,24284,2023,10169.482609987774,0.794479019410297,0.9634565858264391,1.0169912430074166,1.0865485088864175,1.1268909349607663,8020.979174273946,10442.334671866001,,,
clearwater_000397::15,1,7007.890208113491,7415.848100878365,7243.548279171639,7326.010207268834,7467.818990055366,7441.133855805462,7441.133855805462,10727.115384615385,2,False,South,9017.0,7108.5,9015.0,7237.25,,,12.0,12.0,4.0,,,24287,2023,7377.111658550039,0.9417772000763082,0.9966018948970566,0.9734468455395853,0.984528749143948,1.0035861650612674,6858.820696502726,7722.215919393674,,,
clearwater_000397::17,2,7188.245054667071,7884.587755078311,7661.633695225933,7526.261966683291,7499.677202369045,7986.776771770883,7986.776771770883,,0,False,South,18347.0,12826.75,16842.583333333332,,,,12.0,12.0,,,,24292,2024,8077.15593237341,0.900018275216329,0.9872052243836641,0.9592898254407006,0.9423403435143858,0.9390117461247343,7107.3335988962735,8498.308890517339,,,
clearwater_000397::2,2,6608.228853057175,7448.338346713793,7330.598056724641,7243.611329810469,7218.54931890477,7597.149757059648,7597.149757059648,,0,False,South,23181.0,11939.5,17902.5,21207.083333333332,21772.75,,12.0,12.0,12.0,12.0,,24268,2022,7393.236511456296,0.8698300105136773,0.9804122052210998,0.9649142495727013,0.9534643335257866,0.9501654633301043,6394.209244797611,7622.956164220637,7734.075704101959,7374.908613566736,
clearwater_000397::3,2,7092.376175653568,8748.36704322298,9085.099752546406,9379.68480132758,9508.216133729817,9115.071423872729,8926.021950837863,9138.73076923077,8,True,South,12787.0,7193.333333333333,10190.166666666666,11551.75,11989.4,,12.0,12.0,12.0,10.0,,24269,2022,9882.26371395064,0.7780933188387704,0.9597694451752362,0.9967118555705635,1.0290303131099794,1.043131281322429,7610.291196792744,10125.114789485971,10374.93572263046,10625.338887285609,
clearwater_000397::5,1,7113.839215232735,9059.608862656967,9277.10909569359,9232.651362916851,9124.546438090198,9505.56385568616,7594.582250992963,9536.076923076924,13,True,South,20386.5,11272.666666666666,19249.916666666668,22018.583333333332,18473.875,,12.0,12.0,12.0,8.0,,24271,2022,8687.629338958743,0.7483868735443072,0.9530848459071236,0.9759662063754472,0.9712891842175092,0.9599163791458789,6392.203350574446,8828.281470017899,9179.07033916059,,
clearwater_000397::6,2,6723.881768748074,8493.176094381472,8664.979690369873,8608.180758271148,8506.487054177158,8895.527994648166,8078.867499902471,9179.26923076923,12,True,South,14437.5,7307.916666666667,12237.666666666666,14565.75,13246.0,,12.0,12.0,12.0,7.0,,24272,2022,8845.783388201577,0.75587213853898,0.9547691940817046,0.9740826734043221,0.9676975625786468,0.9562655594243459,6568.948455202263,8808.56057161219,9224.401449357612,,
clearwater_000397::7,2,5512.225411222566,6685.786149361024,6948.449593709287,7226.99645027009,7367.87325345799,6939.650491147783,6939.650491147783,7158.333333333333,1,False,South,20933.0,14823.25,21077.666666666668,20561.833333333332,18636.25,,12.0,12.0,12.0,8.0,,24272,2022,6024.121311922237,0.7943087938295971,0.9634182813514041,1.001267946069147,1.0414064021651874,1.0617066756973492,4765.107424481054,5999.486288077547,6504.837628037208,,
clearwater_000397::8,2,5412.56727584898,6116.996542708919,6387.265125170678,6985.178789767407,7428.859700161861,6243.362397998322,6243.362397998322,8402.8,1,False,South,18646.5,10022.166666666666,15230.166666666666,17684.583333333332,16031.166666666666,,12.0,12.0,12.0,6.0,,24274,2022,5392.800838505299,0.866931459494374,0.9797599679092924,1.0230489146711221,1.1188168080723486,1.1898812253063542,4601.560413400781,5689.182923236024,5786.932912055335,,
clearwater_000397::9,2,7405.885259154299,8977.124123155047,9250.96815021496,9508.292169497256,9628.26157241659,9316.695518087572,8912.424964746522,9215.576923076922,6,True,South,15609.5,8384.416666666666,13309.5,15739.333333333334,13368.8,,12.0,12.0,12.0,5.0,,24274,2022,9832.217540604715,0.7949047218272189,0.9635523781717159,0.9929452059751219,1.0205648720662508,1.033441691179468,7759.123303976899,10014.435205873147,10335.064233161722,,
coastlineexpress_000307::1,2,7241.014560788342,8739.172886126007,9901.228333871251,11822.024454398374,13126.383894948684,9060.729573939758,9060.729573939758,,0,False,South,10216.5,7385.75,10106.833333333334,10063.90909090909,,,12.0,12.0,11.0,,,24257,2021,9905.848489914286,0.7991646259496328,0.9645109496768777,1.0927628126490956,1.3047541434633014,1.4487115841866043,7815.249617381602,10035.3545027553,11571.02157097194,,
cocopahcw_000495::1,1,5364.452686557572,6719.421801699816,6680.114732904613,6297.917229624946,6294.975381663803,6829.0739807993405,6829.0739807993405,,0,False,West,1288.5,499.6666666666667,1053.5,1295.8333333333333,1197.0,,12.0,12.0,12.0,2.0,,24281,2023,6023.718370142386,0.7855314939683322,0.9839433312030558,0.9781874895024506,0.9222212626971391,0.9217904798458456,4697.581877522291,6265.192219688737,6346.253939314656,,
colonialcw_000420::1,1,7502.411053111922,8879.665129410221,9040.19313991653,9206.073993370694,9290.028027947124,9164.812984290082,9376.69563070864,8839.0,5,True,South,7968.0,3820.2727272727275,7694.083333333333,7806.083333333333,7635.909090909091,,11.0,12.0,12.0,11.0,,24272,2022,10362.23817022925,0.8186103814635634,0.9688866695513975,0.9864023581728105,1.004502111407111,1.0136625857910773,8339.76773692387,10704.585970109621,11179.206737864766,11040.526090927287,
colonialcw_000420::3,2,5249.346781517425,5920.801265367739,5842.628498060653,5795.461848516901,5788.454311036832,6040.13712697888,8072.616477039601,6315.7692307692305,7,True,South,5563.0,7311.25,5982.916666666667,5659.545454545455,,,12.0,12.0,11.0,,,24284,2023,7148.565802777314,0.8690774184696387,0.9802428555672825,0.9673006382527254,0.9594917676009189,0.9583316056157267,6167.70342970903,7468.256149566939,7496.619922963638,,
colonialcw_000420::4,2,5745.16342533064,6420.230321610584,6308.65862350209,6246.759460066223,6239.6756952719115,6534.426216213073,8974.288762648917,6315.7692307692305,7,True,South,4406.0,5016.833333333333,4621.333333333333,4289.272727272727,,,12.0,12.0,11.0,,,24284,2023,8435.23856074649,0.8792146755098204,0.9825239598973283,0.9654495153452322,0.9559767381819849,0.9548926698093503,7299.586874773887,8923.933904460466,8578.004900103062,,
colonialcw_000420::5,2,6807.696195179506,8110.967492759839,8242.844379707029,8339.574504130669,8375.6419580497,8384.405066672685,8362.20651159985,8478.884615384615,8,True,South,5896.0,6295.25,6498.5,5947.363636363636,,,12.0,12.0,11.0,,,24284,2023,8916.419036548274,0.8119474358699025,0.9673873612094747,0.983116191806101,0.9946531015396413,0.9989548323878319,7187.278653518204,9117.809915728098,9489.819537953641,,
colonialcw_000420::6,2,7154.495311170717,8127.589769762824,8030.724356987736,7953.240632866655,7928.762491572869,8306.13750757622,9712.811279297215,7987.653846153846,8,True,South,3586.0,2960.0,3298.5,3631.909090909091,,,12.0,12.0,11.0,,,24284,2023,10577.69546129355,0.8613504537632487,0.9785041196764996,0.9668422115168123,0.9575137211022957,0.954566726633271,9045.176463111877,11031.138007814565,10948.452511579675,,
conyerscw_000407::1,1,6619.68543612019,8354.120750388074,8965.806880830543,9647.337094282566,10006.437105245694,8748.195732764398,7111.54330169216,9924.46153846154,6,True,South,5601.0,4055.9166666666665,5336.0,5690.666666666667,6211.909090909091,,12.0,12.0,12.0,11.0,,24272,2022,7618.857448522356,0.756691509693553,0.9549535704944959,1.024874974762068,1.102780206225912,1.1438286717532893,5691.459234005453,7641.981462948823,8409.911382736918,8815.136299974462,
cosmicexpress_000633::1,1,7157.676751414935,8926.727696034117,10361.071174915374,12619.276818449658,14128.037234199375,9323.648543955474,9323.648543955474,,0,False,South,11148.5,11551.333333333334,11594.75,9749.0,,,12.0,12.0,1.0,,,24294,2024,10260.916811370356,0.7676905363464457,0.9574285918168074,1.1112678825321511,1.3534698094804036,1.5152906255093226,7701.39252082094,10470.3008243914,,,
crownamerica_000361::1,1,5113.99650011418,7337.419332620285,7675.522889403927,7565.261978475196,7576.0912793144735,7641.063421601067,7661.153418491212,8178.384615384615,11,True,West,12226.0,3920.8333333333335,9780.0,12648.833333333334,,,12.0,12.0,6.0,,,24289,2024,8109.026599204209,0.6692781119519384,0.9602615405439001,1.004509773823555,0.9900797259565229,0.9914969764414049,5396.264195171966,8189.141471863498,,,
cruisercw_000635::1,1,3541.738503563067,4670.882727961133,4870.343233948269,4874.852755000705,5019.611646846685,4793.40448970576,4793.40448970576,1371.923076923077,1,False,West,3909.5,3019.4166666666665,3775.1666666666665,4716.5,,,12.0,12.0,4.0,,,24291,2024,2853.4145012084105,0.7388774536280526,0.9744395112059179,1.0160509601073184,1.0169917363472791,1.0471913350160047,2086.6539316617977,2968.221769289618,,,
crystalclean_000481::1,1,4601.2784340573635,5709.83498056207,6042.9210844169,6404.97545718175,6591.534733866374,5957.126694209117,7425.910447204705,5757.0,5,True,South,5007.5,3482.75,5075.083333333333,5083.5,5730.0,,12.0,12.0,12.0,4.0,,24279,2023,6441.082808247324,0.7723989551087164,0.9584880889158464,1.0144019750815747,1.0751786533947623,1.1064956433231412,4891.293213314287,6582.47057667631,6984.303182930736,,
cudahycw_000277::1,1,6208.429408954581,8670.49900634713,9576.69342403343,10461.186860787962,11208.045336457571,8988.438350350085,7543.833471032494,10229.923076923076,5,True,West,7291.5,5298.666666666667,8664.666666666666,9417.75,10899.166666666666,8820.75,12.0,12.0,12.0,12.0,12.0,24255,2021,7729.092280109567,0.6907127987046574,0.9646279663262561,1.0654457482773338,1.1638492086203736,1.2469402247189065,5244.899998304429,7776.041829130499,8717.586213949091,9411.15225823646,10651.672809340087
detricks_000422::1,2,7318.4452126504975,8428.729865309951,8556.279677182676,8803.140448346941,8970.30836970458,8642.895546595308,8642.895546595308,13076.846153846154,1,False,South,12328.0,12646.916666666666,13482.083333333334,9949.5,,,12.0,12.0,2.0,,,24266,2022,8779.576245472686,0.8467584935159201,0.9752206097909256,0.9899783736890408,1.0185406500504057,1.037882307074537,7403.2554077274035,8850.787192354666,,,
detricks_000422::2,2,7671.934954292683,8776.981229030484,9265.679754369885,10153.99459091926,10757.384490174867,8985.338265383181,8985.338265383181,8796.884615384615,2,False,South,8601.0,8934.333333333334,9207.5,6152.0,,,12.0,12.0,1.0,,,24267,2022,9446.511636063964,0.8538281729302833,0.9768114421295176,1.0311998814854577,1.1300625854052073,1.1972153048059027,7938.673267904746,9935.689880827018,,,
detricks_000422::4,1,6351.96419548014,7680.183897163486,7871.163231143412,8014.461109799485,8067.44113128986,7966.102914667866,9703.10017057208,7843.285714285715,5,True,South,12342.0,7788.666666666667,12053.333333333334,13518.666666666666,14285.5,,12.0,12.0,12.0,6.0,,24277,2023,9928.095133004103,0.7973741067020819,0.9641080437238739,0.9880820415526339,1.00607049590617,1.0127211784366232,7859.124279618915,10117.921153769043,10486.077201794722,,
dickys_000583::1,1,7882.387179959041,9361.583631608146,9810.273346663264,9823.739149577124,9903.3896314513,9908.453706506172,9908.453706506172,15411.76923076923,1,False,Midwest,16233.5,11364.833333333334,15240.666666666666,16231.818181818182,,,12.0,12.0,11.0,,,24284,2023,9783.01864005696,0.7955214217515334,0.9448077277144732,0.99009125311062,0.9914502747413129,0.9994889136887679,7726.287379125605,9851.058952410727,10202.520036393036,,
dickys_000583::3,1,7737.093810561583,9188.400176268966,9913.25002969647,10406.84637084087,10795.223929255242,9725.071730554762,9725.071730554762,16945.46153846154,1,False,Midwest,14800.5,12144.666666666666,14538.416666666666,14667.7,,,12.0,12.0,10.0,,,24285,2023,9416.13228906328,0.7955821843712225,0.9448156713744689,1.0193498109171246,1.0701048443832113,1.1100405455456146,7395.584801146793,9344.445054978105,10391.026024014076,,
dickys_000583::4,1,6475.68100439601,7505.510952334211,7781.090041108674,7684.981043756288,7714.342119524869,7919.685712160499,7919.685712160499,,0,False,Midwest,10519.5,8034.5,10744.333333333334,10513.714285714286,,,12.0,12.0,7.0,,,24288,2023,6524.312913238156,0.8176689378535247,0.9477031318060599,0.9824998521293573,0.9703643961472074,0.9740717498018476,5215.65897303015,6589.822217303917,,,
dickys_000583::6,1,6423.938351947168,7565.884768495419,7903.768242882391,7848.412038250644,7876.587812682803,7999.535505454669,7999.535505454669,,0,False,Midwest,10757.5,8523.0,11185.0,10549.5,,,12.0,12.0,2.0,,,24293,2024,6790.991874990453,0.8030389198931434,0.9457905103785644,0.9880283970854337,0.9811084697229011,0.9846306460308812,5422.351438890219,6754.734394556512,,,
dinoclean_000636::1,1,8191.348824641696,9940.697582739536,10346.176821723378,10820.101218945729,11081.487782402715,10319.429809669133,10424.474050474271,10671.346153846152,8,True,South,11625.0,7450.083333333333,11835.416666666666,10315.333333333334,,,12.0,12.0,3.0,,,24292,2024,12325.394071678746,0.7937792083208454,0.9632991130406516,1.0025919079394467,1.0485173520738011,1.0738469069308023,9683.08361582171,12674.725738426569,,,
dinodashcw_000486::1,1,7120.319197831063,9005.336569777879,9138.77671391555,8917.740704105812,9082.49624612678,9169.374890663008,9169.374890663008,16937.615384615383,1,False,West,9493.0,6464.166666666667,8950.25,8996.166666666666,10386.6,,12.0,12.0,12.0,5.0,,24278,2023,10273.890860779078,0.7765326734630016,0.9821101958594619,0.9966630029732325,0.9725571056306761,0.990525128967658,7843.643012108695,10758.172194019491,10961.98899474508,,
dinodashcw_000486::2,1,7917.603349073695,10162.22336108304,10710.690453897178,11098.592975144222,11691.65205476292,10376.371351641488,10376.371351641488,9243.384615384615,1,False,West,15449.0,15999.166666666666,17826.916666666668,15707.75,14558.888888888889,,12.0,12.0,12.0,9.0,,24274,2022,10951.85901558239,0.76304163380016,0.9793619577305731,1.0322192692345,1.0696025227921784,1.1267572890896356,8210.078235915385,11186.68274338798,12191.362496396474,,
dirtydogs_000082::10,1,4451.164665531774,5362.706429584566,5504.259333973089,5630.682371173981,5686.7978352739,5557.793086687274,5457.040980273854,7449.923076923077,13,True,South,2508.0,2373.75,2764.6666666666665,2588.8333333333335,2593.4444444444443,,12.0,12.0,12.0,9.0,,24274,2022,4549.175165606024,0.8008870780371015,0.9648985390316159,0.990367803932389,1.0131147891527845,1.0232115061814075,3628.2195771410143,4537.532843422936,4725.707529246299,,
dirtydogs_000082::11,1,7475.465739487161,9382.526757073214,9654.663947939973,9717.68795037424,9675.502023131246,9813.38816560171,9611.984750438658,9986.23076923077,12,True,South,5174.0,3266.25,5088.833333333333,5762.666666666667,,,12.0,12.0,6.0,,,24289,2024,11359.2873024841,0.7617619535004709,0.9560945311387183,0.9838257475416999,0.9902479945139722,0.9859491808391125,8516.797970468071,11694.125317286615,,,
dirtydogs_000082::12,1,5642.094292202258,6628.661550574732,6556.104451698525,6398.625652687656,6297.863811282698,6829.60846722063,6829.60846722063,5253.0,13,False,South,6342.0,2648.1666666666665,6421.416666666667,6666.0,5563.0,,12.0,12.0,12.0,2.0,,24281,2023,6476.751188780233,0.8261226568524445,0.9705770956548444,0.9599531925095246,0.9368949455006802,0.9221412679086815,5311.87497399701,6644.876387012484,6581.784956612051,,
dirtydogs_000082::13,1,7741.569200580913,9045.144339709916,9046.531782017277,9004.463632771452,8974.109294795855,9307.117102688033,9307.117102688033,,0,False,South,7059.5,4391.916666666667,6998.916666666667,7729.25,,,12.0,12.0,8.0,,,24287,2023,10495.182515688228,0.8317902434412299,0.9718524264723761,0.9720014997344887,0.9674815018896485,0.9642200904729135,8666.623206024515,10870.685194824415,,,
dirtydogs_000082::7,1,4789.9338536319,5846.436463419544,5911.76647673848,5865.0822410040155,5805.391796189418,6077.111551388192,7621.86905393507,5722.285714285715,5,True,South,7050.0,6157.5,8872.833333333334,8224.833333333334,7143.333333333333,4412.0,12.0,12.0,12.0,12.0,1.0,24270,2022,6714.205239832111,0.788192517634095,0.9620419855686284,0.9727921606750921,0.9651101829230462,0.9552880092950234,5270.071853808928,6677.195802786246,7034.696378157363,6823.774357458299,
dirtydogs_000082::8,1,5948.587814379239,7433.190054165248,7427.493124553278,7159.245734871053,6948.627354914563,7767.008945861147,6974.013844427435,8645.0,5,True,South,5339.0,2910.25,5062.25,5242.666666666667,,,12.0,12.0,3.0,,,24292,2024,7064.900751532927,0.7658788416291317,0.9570209209204292,0.9562874429945405,0.9217506745226608,0.8946336232324439,5341.719236364123,7101.684463532704,,,
dirtydogs_000082::9,1,8512.550383642842,10969.023492753571,11685.450028151605,12290.44412252,12538.835250577353,11537.82046275747,9573.788205130457,11774.632867132868,12,True,South,7975.5,6621.75,8469.583333333334,9111.416666666666,7092.833333333333,,12.0,12.0,12.0,6.0,,24277,2023,12024.74491289419,0.7377953584145469,0.9507015235815205,1.0127952732381875,1.065231008074003,1.0867594352894485,8716.116112920383,11923.130817934154,12774.243931971117,,
dixhillscw_000517::1,1,2961.9564557476574,3156.1311521772423,3149.6940583812197,3068.0126404989883,3055.8536908931687,3290.0014799068613,5063.420772772861,3413.846153846154,4,True,Northeast,2276.0,2684.0,2866.0833333333335,2625.75,2250.5555555555557,,12.0,12.0,12.0,9.0,,24274,2022,3713.1389332965086,0.9002903110643917,0.9593099490844579,0.9573533865007217,0.9325262189808627,0.928830491279803,3308.54407935987,3802.5658592404347,3887.9152816020087,,
doubles_000498::1,1,6000.627688552372,7453.135667050837,7647.056021082134,7697.273678019799,7672.369503840411,7777.504292946382,7777.504292946382,,0,False,South,11631.5,7501.166666666667,12977.166666666666,11554.333333333334,11365.0,,12.0,12.0,12.0,3.0,,24280,2023,7902.8900173342445,0.7715364032642831,0.9582939959043516,0.9832274895711013,0.9896842724986542,0.9864821946544832,6019.456504855503,7954.6042942662325,8424.129792184052,,
dripautospa_000581::1,1,8093.349754629949,10393.73422185706,11549.634908789776,12230.88209729385,12548.060477476924,11103.223481423563,8500.5877537744,12996.923076923076,3,True,Midwest,9313.5,5987.0,9958.0,10492.7,,,12.0,12.0,10.0,,,24285,2023,8522.358404361497,0.7289189277483845,0.9361006053103833,1.0402055698611388,1.1015613724930364,1.1301277055686278,6073.456527943344,8502.544638681144,9337.665682650317,,
dripcw_000575::1,2,6087.772238298802,7425.745475008208,7883.051153494088,7915.576755583142,7940.257444663114,7885.131857735028,7885.131857735028,,0,False,Midwest,9921.5,6502.666666666667,9404.583333333334,10014.636363636364,,,12.0,12.0,11.0,,,24284,2023,6529.328389740458,0.7720571257571196,0.9417401774611824,0.9997361230885571,1.0038610512033794,1.0069910799112396,5012.285546732006,6466.655488732706,7066.697983511108,,
dripcw_000575::2,1,5776.876549759422,7317.4137521265,7896.566923340812,8017.436016234672,8038.716302790981,7804.628852472372,7804.628852472372,,0,False,Midwest,8920.0,7996.416666666667,11432.5,8653.5,,,12.0,12.0,8.0,,,24287,2023,6631.359164799338,0.7401859407996585,0.9375735720999044,1.011779941443252,1.0272667884386182,1.0299934122100443,4857.989052733933,6637.193885437886,,,
drivethruexp_000568::1,1,6549.850951042275,9208.105880743287,9610.342689782025,9486.476246205622,9540.263607587496,9556.520427137066,8027.375403672017,10074.884615384615,10,True,West,7306.0,8505.833333333334,9243.833333333334,7540.75,,,12.0,12.0,12.0,,,24283,2023,9148.516048441308,0.6853803119012924,0.9635416939617052,1.0056319936796372,0.9926705351110281,0.99829887670167,6164.607306434184,9398.628636719986,9849.083347644233,,
edgeexpcarwash_000258::3,1,7080.999837569058,8536.888495695888,8739.02314037739,8905.101086148543,8973.601751596936,8848.825008083562,8848.825008083562,10253.692307692309,1,False,South,9044.5,11118.083333333334,10877.916666666666,9113.666666666666,,,12.0,12.0,6.0,,,24253,2021,9047.952693138557,0.800219219060207,0.9647482561692977,0.9875913618355131,1.0063597232416248,1.0141009392093738,7113.2900075394755,9104.048659727743,,,
edgeexpress_000446::1,1,6497.26042205481,7813.464300124288,8436.780393344989,9415.69997242464,10057.097178523782,8094.289426079306,8094.289426079306,13743.384615384615,1,False,South,17424.5,9257.833333333334,14930.666666666666,18875.5,17935.916666666668,18814.333333333332,12.0,12.0,12.0,12.0,3.0,24268,2022,7947.392033157939,0.8026968248900309,0.9653057716159472,1.042312666280773,1.1632521987770574,1.2424929044568667,6352.808994892343,7930.398529090537,8933.365234650386,9817.308215390363,
edgeexpress_000446::2,1,5293.2428285784645,6274.886150028732,6389.335094800642,6503.373234339495,6559.590911766929,6478.795790474775,6478.795790474775,2427.3076923076924,1,False,South,8692.5,7848.583333333333,8544.916666666666,8461.0,8726.75,10192.25,12.0,12.0,12.0,12.0,4.0,24267,2022,5554.83852991526,0.8170102901469238,0.9685266140436416,0.9861917710378124,1.0037935203793358,1.0124707004056126,4466.886825381768,5792.937246224635,5864.606673840837,5934.61803295263,
edgeexpress_000446::4,1,6037.292055678675,7092.17626272743,7198.763081264443,7318.933358788374,7384.22343029538,7306.982542639549,7306.982542639549,8119.7692307692305,1,False,South,2241.0,1945.4166666666667,2170.0,2390.4166666666665,2289.285714285714,,12.0,12.0,12.0,7.0,,24276,2022,7118.59550032742,0.8262360037742452,0.9706026011888454,0.9851895826021758,1.0016355336938452,1.010570832379179,5839.08139654816,7303.573784368183,7592.359452591585,,
edgeexpress_000446::5,1,7227.273997186147,8661.198891357533,8729.617429361295,8688.808488960573,8634.324174623971,8965.299679445152,8965.299679445152,12379.23076923077,1,False,South,11815.0,8384.666666666666,11818.583333333334,12227.5,15807.25,,12.0,12.0,12.0,4.0,,24279,2023,9403.481501431179,0.8061385849439259,0.9660802428294913,0.9737117264887186,0.9691598496011802,0.9630826055285121,7525.658051807125,9682.075732288185,9644.47132940113,,
edgeexpress_000446::6,1,8234.661813796172,10143.663045217196,11079.3270122057,12450.739150153991,13323.636296139315,10565.668705974149,8292.322354209417,11771.0,7,True,South,8226.0,4563.916666666667,7744.583333333333,8437.583333333334,8742.0,,12.0,12.0,12.0,2.0,,24281,2023,9958.787450383785,0.779379142291301,0.96005878354691,1.048615787653943,1.1784146840714367,1.2610310494219574,7662.494273586292,10042.414985188343,11321.603850625183,,
edgeexpress_000446::7,2,7617.244043413891,9476.03998624808,10332.878991912974,11486.025881510735,12176.073960100564,9891.90412030877,9526.902249988532,10649.923076923076,7,True,South,4011.0,1651.4166666666667,4711.545454545455,4231.75,4638.0,,12.0,11.0,12.0,1.0,,24282,2023,11061.514223170516,0.7700483092810368,0.957959142243717,1.044579371801517,1.1611541864754957,1.2309130590036992,8327.784130999173,11293.489926729357,12637.446878302746,,
edgeexpress_000446::8,2,6549.817153045243,7995.803804077587,8618.24686525059,9492.296091962517,10026.00515949346,8311.591736094933,8311.591736094933,14836.636363636364,1,False,South,12714.0,4371.0,10726.166666666666,13531.666666666666,12344.6,,8.0,12.0,12.0,5.0,,24278,2023,9134.761556443093,0.7880340325910388,0.9620063229710902,1.0368948739173436,1.1420551433896966,1.2062677616795474,,9241.772119267362,10268.737264914722,,
edgeexpress_000446::9,1,7265.866452883026,8480.44944913954,8477.873544355458,8436.724781362946,8408.26332303561,8723.885040896888,8723.885040896888,,0,False,South,11327.0,6565.75,10700.5,12610.42857142857,,,12.0,12.0,7.0,,,24288,2023,9291.640898378815,0.8328704950628321,0.972095506690409,0.9718002363180913,0.9670834429628821,0.9638209677934007,7694.630172743136,9642.240270637878,,,
eightmile_000525::1,1,4546.671430412317,6044.59451211568,6175.238856580854,5982.773616484563,6007.629377452174,6212.22291464502,6212.22291464502,11435.115384615385,2,False,West,4959.0,3340.6666666666665,5330.25,5315.0,,,12.0,12.0,3.0,,,24292,2024,5401.899333358414,0.7318912236220235,0.973016357456497,0.9940465661692568,0.9630648640087365,0.967065969781843,3912.966911538269,5604.152587714142,,,
elitecare_000384::1,1,6032.23826128718,7675.438968965021,8298.720550556116,8436.416969761362,8458.364874031848,8190.735372557398,8190.735372557398,,0,False,Midwest,6141.5,5231.833333333333,6328.916666666667,6885.833333333333,6643.6,,12.0,12.0,12.0,10.0,,24273,2022,7577.563211709861,0.7364709011962294,0.9370878950235837,1.0131838196556218,1.0299950597875627,1.0326746609799076,5486.663147257114,7405.9392045232735,8086.808614380675,8176.015569091446,
elksedge_000551::1,1,6791.582645581296,8379.67570524644,8574.78430378742,8621.153323639455,8593.140384410653,8731.46834202881,8731.46834202881,,0,False,South,11347.0,8209.833333333334,10108.833333333334,10959.5,13757.25,,12.0,12.0,12.0,4.0,,24279,2023,9098.25356365591,0.7778282391393554,0.9597097964509566,0.9820552475135034,0.9873658113311419,0.9841575377474238,6952.691484670922,9026.16851378214,9672.897622820608,,
emmonscw_000437::1,1,4618.799596354186,5454.618340561071,5384.204983056928,5225.701050623337,5123.319085359486,5626.853453735671,5626.853453735671,2932.923076923077,1,False,South,2876.0,2297.5,2748.5833333333335,2978.4166666666665,2857.0,,12.0,12.0,12.0,2.0,,24281,2023,4545.153269763301,0.8208494559757483,0.969390510239741,0.9568767033522707,0.9287075083062616,0.9105122654221804,3715.3665243415344,4744.201454593202,4655.974474311923,,
encinocw_000505::1,1,8622.380003793767,13231.103334487094,14279.853317920146,14619.039585893815,14846.303418028474,13926.833734378995,10042.241401696016,16868.571428571428,5,True,West,20491.5,10015.333333333334,18163.416666666668,19648.5,20119.4,,12.0,12.0,12.0,5.0,,24278,2023,13732.997385129045,0.6191199068104796,0.9500438927353272,1.0253481581150572,1.0497030311926594,1.0660214447293737,8368.47049258189,13791.409766943358,15185.501223581594,,
eugeneoil_000271::1,1,6869.851765949047,8484.784307190128,8384.70153171606,7861.230343285067,7854.866988385369,8599.504415087655,8599.504415087655,,0,False,West,1265.0,1446.1666666666667,1442.25,,2.0,,12.0,12.0,,1.0,,24267,2022,9376.720204851581,0.7988660083592762,0.9866596838189591,0.9750214811222462,0.9141492304478266,0.913409262818002,7436.54135474928,9860.18220190815,,,
evanstoncw_000480::1,1,5678.036624361092,6153.545912925813,6349.90745922286,6483.09219250783,6767.013102245805,6435.769983489773,6435.769983489773,,0,False,Midwest,3303.5,2319.5833333333335,2305.6666666666665,3131.75,3730.909090909091,,12.0,12.0,12.0,11.0,,24272,2022,4875.783290075097,0.8822622062204587,0.9561475827619736,0.9866585467648497,1.0073529988081389,1.0514690735694094,4270.59284522921,4896.696660464534,5092.695324003656,5191.372003874439,
expressonvaghn_000523::1,1,5569.5532086326675,6631.082925910166,7367.361274284311,8610.152800338125,9457.486670851838,6853.4967650809685,6853.4967650809685,5581.928571428572,2,False,South,3926.0,4377.25,4643.583333333333,4194.545454545455,,,12.0,12.0,11.0,,,24284,2023,6254.895387561731,0.8126586178620407,0.9675473926968177,1.0749784419278516,1.2563152935604256,1.3799505559028458,5018.1439620947895,6449.987868512049,7198.2326980654525,,
expressprocw_000601::1,1,5631.1800150787385,7032.370943917529,7523.215518283546,8092.19646223365,8399.86938599578,7347.226598183212,7985.664020098239,7911.461538461538,5,True,South,6504.0,5159.75,6522.166666666667,6455.571428571428,,,12.0,12.0,7.0,,,24288,2023,7880.700043738999,0.766436142921084,0.9571463258879834,1.0239531090743617,1.101394703715093,1.1432707666962199,5905.241723222536,7932.740503221428,,,
expresstunnelcw_000348::1,1,5456.411152642633,6253.733338215773,6201.726719411415,6149.319809406046,6128.303526772931,6405.047073587521,6405.047073587521,,0,False,South,2028.0,1477.75,1888.4166666666667,1902.4166666666667,1978.8333333333333,1798.857142857143,12.0,12.0,12.0,12.0,7.0,24264,2021,5787.02248684641,0.851892435754801,0.9763758589697615,0.968256227965203,0.96007410074533,0.9567928941606384,4901.824847712291,5893.08153122608,5989.624323792306,5829.215964873126,
expresswash_000431::1,1,10113.47888432042,12871.020176688153,13359.15998780572,13546.290941634768,13529.84848714542,13502.634078166688,10726.196136533696,14249.53846153846,3,True,South,13843.5,9662.0,12846.0,13712.666666666666,14912.416666666666,11025.0,12.0,12.0,12.0,12.0,1.0,24270,2022,14063.391171819605,0.7490004413785886,0.9532229120761087,0.9893743628442868,1.0032332108842876,1.0020154888906259,10348.641603512182,14434.453805812245,14985.850381432318,14741.787284753047,
expresswash_000431::3,1,8917.95020883435,11496.591845465204,12065.455985424318,12388.024097070607,12452.700073178528,12093.899028987302,9907.33401311028,13562.615384615385,5,True,South,7872.0,6769.75,8900.083333333334,8206.5,7939.333333333333,,12.0,12.0,12.0,3.0,,24280,2023,12964.226015187753,0.7373924809078802,0.9506108673397685,0.9976481494103093,1.0243201193741018,1.029667937803287,9398.714041506599,13139.91912694082,14145.793398123826,,
expresswash_000431::4,1,8859.562973695165,11733.074656939089,12427.823434138636,12789.736595149416,12841.71454036865,12412.016930171592,10032.711314415012,13587.384615384615,9,True,South,11152.0,7688.916666666667,10959.166666666666,11731.727272727272,,,12.0,12.0,11.0,,,24284,2023,13171.806014286773,0.7137891467227224,0.945299601422384,1.0012734839193316,1.030431771653457,1.034619483087598,9305.257928109157,13270.320170577386,14298.258368376406,,
fastnfuriouscw_000519::1,1,6612.794701831885,7814.58166760867,7854.277070143941,7834.882611918492,7808.679368416738,8062.5818204781235,8062.5818204781235,,0,False,South,5273.5,4021.4545454545455,5181.833333333333,5843.8,,,11.0,12.0,5.0,,,24290,2024,8339.95574159619,0.8201832674784236,0.9692406032718255,0.9741640140872605,0.9717585243003304,0.968508542584151,6811.83731231403,8430.737979711725,,,
fasttrack_000411::1,1,6412.133614107671,7880.266713226268,8048.764350352042,8093.418436379784,8072.159418235779,8203.834267718352,7267.585120974967,8925.538461538461,7,True,South,5233.5,6555.166666666667,6312.333333333333,6035.666666666667,5480.416666666667,4116.0,12.0,12.0,12.0,12.0,1.0,24270,2022,7334.056454212466,0.781602041784178,0.9605589845024899,0.9810978729816007,0.9865409480816735,0.9839495965928144,5631.721242510185,7282.387096833859,7579.070281655159,7674.404906455187,
feelgoodcw_000632::1,1,6647.812844437256,7903.851967796892,8290.73004999474,8890.423748144287,9278.636909750114,8166.306017402697,8476.219135313535,8467.384615384615,3,True,South,12265.0,9156.166666666666,12578.666666666666,8912.0,,,12.0,12.0,1.0,,,24294,2024,8712.395988971053,0.8140538488602465,0.9678613501567899,1.0152362686785055,1.0886713930629675,1.1362097979156058,7062.856077670212,9079.597139041312,,,
fivestar_000150::5,1,6914.836127176818,8475.626377443303,8649.793723770961,8686.489381209482,8658.142748470798,8818.402914036875,8818.402914036875,,0,False,South,15025.5,10324.833333333334,12579.916666666666,13356.416666666666,14760.5,15098.666666666666,12.0,12.0,12.0,12.0,9.0,24262,2021,9173.611905433603,0.7841370137635677,0.9611294085862248,0.98087984957032,0.9850411084508945,0.9818266224475887,7080.082218641149,9320.128143601789,9741.342437739107,9480.799011771787,
fivestar_000150::6,1,5053.489641174683,5695.321420878458,5984.245331677989,6577.135238345851,6996.749983718113,5808.950689336585,5808.950689336585,11171.73717948718,2,False,South,5547.0,2691.1666666666665,3849.0833333333335,4979.75,5848.833333333333,6983.333333333333,12.0,12.0,12.0,12.0,3.0,24268,2022,4843.799296949736,0.8699487930671038,0.980438933890984,1.0301766449254235,1.1322415338142586,1.2044774276638215,4183.366628534297,5061.430632339985,5374.381884349181,5775.350800147336,
fivestar_000150::7,1,6910.136849837026,8325.880031341994,8437.119559396257,8446.814095888687,8418.93488567953,8628.913400136002,8628.913400136002,,0,False,South,13687.0,6732.333333333333,10696.5,13563.916666666666,15341.0,,12.0,12.0,12.0,5.0,,24278,2023,9154.690533737048,0.8008119364980664,0.9648816305435131,0.9777731179065116,0.9788966123771222,0.9756657061301411,7278.138297934522,9277.940467178802,9389.00192020183,,
flexwash_000565::1,1,5327.342738594533,6569.081659617167,7007.264407727274,7059.281584528112,7080.319345661713,6984.508103705703,6984.508103705703,,0,False,Midwest,5114.5,4113.416666666667,5544.5,5009.363636363636,,,12.0,12.0,11.0,,,24284,2023,5372.230742230167,0.762736997293776,0.9405217321076444,1.0032581111917527,1.0107056187368064,1.0137176792600722,4045.2409138941193,5385.054376497686,5761.31276057563,,
floriscarwash_000233::3,1,8077.772315953148,10161.50768162077,10449.864147944609,10498.580809292727,10438.789220446468,10633.400906839965,6680.92351483632,13030.346153846152,10,True,South,6982.0,6474.916666666667,7491.25,7493.166666666667,,,12.0,12.0,6.0,,,24289,2024,8468.822870662952,0.7596602805370668,0.9556216088010329,0.9827395994467494,0.9873210745340643,0.9816980768336956,6289.836759921525,8511.167247892892,,,
foamworks_000377::10,1,6487.077985571825,7798.185364587574,7894.780071560091,7900.5162603639155,7874.399797375926,8077.737913501775,8077.737913501775,,0,False,South,8024.5,5729.583333333333,7815.25,7214.875,,,12.0,12.0,8.0,,,24284,2023,8244.94990525796,0.8030810178588247,0.9653922234284261,0.9773503617100681,0.9780604848739104,0.9748273442016516,6583.627325071487,8497.054700182553,,,
foamworks_000377::3,1,4239.480902329912,5112.036280038481,5321.279873503733,5571.246811959424,5708.579241895949,5299.042636693088,7308.8065504817105,4923.076923076923,4,True,South,5870.5,6206.5,6550.333333333333,5550.333333333333,5830.0,6595.2,12.0,12.0,12.0,12.0,5.0,24266,2022,5888.354824199964,0.8000465731250647,0.9647094070616292,1.0041964630849851,1.0513685572902292,1.07728501793268,4662.538069484327,6056.668571302786,6320.723234047809,6543.423497347575,
foamworks_000377::5,1,6783.69065859586,8129.2992716611725,8219.210049139858,8220.440898818275,8193.209501642496,8414.651161093625,8414.651161093625,,0,False,South,7239.0,5496.083333333333,6583.25,7415.083333333333,6655.3,,12.0,12.0,12.0,10.0,,24270,2022,8962.114150022355,0.806176100319078,0.9660886846086004,0.9767737119207724,0.9769199865143181,0.9736837980313435,7103.355133435775,9030.20715948794,9220.697735303527,9159.822492111594,
foamworks_000377::6,1,5273.4440925616445,6269.320405589807,6558.598851730374,6954.228611082827,7204.485688546253,6477.380443849067,6477.380443849067,5077.555555555556,1,False,South,8798.5,7730.833333333333,9249.75,9513.75,9025.083333333334,,12.0,12.0,12.0,12.0,,24271,2022,5305.6845416184315,0.8141322156813126,0.967878984403821,1.0125387737504954,1.0736174401623384,1.1122529780364603,4243.728401475844,5308.452772135679,5815.883816247887,6062.725805248454,
foamworks_000377::7,1,4123.966163599184,5110.279398172293,5345.311435471322,5565.516373413299,5666.608281510026,5329.929639811074,6162.325428437106,5837.115384615385,4,True,South,3979.5,3383.8333333333335,3843.5,3623.6,,,12.0,12.0,10.0,,,24282,2023,5142.642107786374,0.7737374491392655,0.9587892793184103,1.0028859284643001,1.044200721120697,1.0631675583827944,3962.5023703290926,5309.153675427059,5521.332682188581,,
foamworks_000377::8,1,4347.629739622268,5312.458243553702,5514.73682224174,5711.158845108326,5804.482208254997,5523.447218582479,6330.072481453258,5757.0,5,True,South,4730.0,3867.3333333333335,4364.0,4761.083333333333,4912.666666666667,,12.0,12.0,12.0,6.0,,24277,2023,5403.635379643632,0.7871225283000044,0.9618012145895142,0.9984230144697618,1.033984506250794,1.0508803612220707,4186.338700880732,5493.776814358217,5818.259106969519,,
foamworks_000377::9,1,4117.986682079149,4924.221596921889,5050.499353888738,5185.261585021764,5254.633226383913,5094.531838720628,6507.7460572884365,5003.192307692308,4,True,South,6035.5,5029.833333333333,5231.833333333333,6339.916666666667,310.0,,12.0,12.0,12.0,1.0,,24279,2023,5150.746404660539,0.8083150351089542,0.9665699916714018,0.9913569124257456,1.0178092411969146,1.031426123681561,4133.299951255666,5306.034581831338,5355.9667739586885,,
foothillscw_000461::1,1,5012.003993888003,5889.209497635914,5708.759819003687,5270.659659391936,5277.428210211206,5908.58182925063,5908.58182925063,3594.8076923076924,2,False,West,2737.5,423.75,2691.3333333333335,2977.5833333333335,2746.5833333333335,2255.0,4.0,12.0,12.0,12.0,1.0,24270,2022,4611.868290301602,0.8482583704055533,0.9967213229545518,0.9661810539277432,0.892034639056594,0.8931801848093434,,4828.191868656893,4717.064674880414,4304.039084308319,
fordroadcw_000592::1,1,4415.809104297137,5330.162455146143,5792.275800497846,6072.813428413804,6264.739317307053,5652.749611707802,9119.821641292096,4644.384615384615,3,True,Midwest,11451.5,7659.166666666667,12477.5,14096.166666666666,,,12.0,12.0,6.0,,,24289,2024,6516.6612877644875,0.781178967338523,0.9429327002396274,1.0246828885717956,1.074311414012745,1.1082640745897743,5053.843487700604,6548.9616286631845,,,
frankiescw_000573::1,1,6194.9049651265605,7323.247929097968,6965.489781747002,6234.910222996118,6121.294668605539,7356.61783056885,7356.61783056885,2834.3076923076924,1,False,West,925.0,548.5833333333334,799.9166666666666,,,,12.0,12.0,,,,24286,2023,6541.02828562483,0.8420860112353478,0.9954639615324015,0.9468331701020816,0.8475240071719213,0.8320800141567515,5437.727006315587,6847.809699153095,,,
fullertoncw_000623::1,1,6243.082237919371,9038.551476785073,9533.682401627497,9495.799102220031,9556.403825056494,9426.577563359602,7603.872941732873,10074.884615384615,10,True,West,5411.5,5102.916666666667,5800.666666666667,5032.0,,,12.0,12.0,7.0,,,24288,2023,8026.140535172757,0.662285139644505,0.9588370133310357,1.0113620067885722,1.0073432312411545,1.013772364447678,5196.951640593887,8215.38927923516,,,
gallocw_000541::1,1,8248.837494985322,9314.214671127827,9702.563755187151,10485.30755928761,11049.75939344983,9504.552484962633,9504.552484962633,11486.25,2,False,South,13867.5,8549.916666666666,12073.833333333334,14832.5,14987.0,,12.0,12.0,12.0,2.0,,24281,2023,10947.859139338014,0.8678827864895264,0.9799740372694092,1.0208333080950205,1.103187927666942,1.1625754511779387,9447.30926689121,11438.974569661375,12036.90175456607,,
gallocw_000541::3,1,7854.118315108558,9258.898422103694,9743.978303461712,10519.416994268391,11020.83544390338,9547.250309738423,9547.250309738423,11412.307692307691,2,False,South,11413.0,5254.25,11603.416666666666,15334.666666666666,,,12.0,12.0,3.0,,,24292,2024,10696.152898206876,0.8226576302390616,0.9697973889570483,1.0206057228354661,1.1018268771625621,1.1543465486247766,8708.831383094532,10818.79420521321,,,
gateexpress_000618::1,1,6942.600380122473,7779.416153416986,7460.508953449623,7102.629447553863,6927.147399717681,7923.188951775322,7923.188951775322,6173.163461538461,2,False,South,13313.0,14686.916666666666,13992.166666666666,14577.714285714286,,,12.0,12.0,7.0,,,24288,2023,7521.158773959645,0.8762381438053258,0.9818541752274984,0.9416043210452494,0.8964357016832726,0.8742877952147713,6479.329246530856,7633.737488612847,,,
gateexpress_000618::10,1,6516.128174885671,7992.998751178201,8363.82532372944,8748.059949253913,8938.860303604417,8317.677904305934,7132.869870581924,9171.375,19,True,South,4933.0,7302.833333333333,5576.416666666667,4892.0,,,12.0,12.0,3.0,,,24292,2024,7846.544453791838,0.783407129952985,0.9609651687811027,1.0055481133021051,1.051743052556192,1.0746821897223149,6039.168895953212,8118.988224815985,,,
gateexpress_000618::11,1,6279.9796925837,7806.95099553433,8232.791506853135,8665.498576502408,8877.111995446954,8148.29810336285,7928.916124693743,8349.833333333334,21,True,South,9896.5,12402.5,11282.083333333334,11429.0,,,12.0,12.0,5.0,,,24290,2024,8543.10471789676,0.7707105966081329,0.9581081713630919,1.0103694541385781,1.0634734353823048,1.0894436952157307,6556.871554680913,8727.173249408812,,,
gateexpress_000618::12,1,5977.499729789582,7613.175156240057,8300.442855682908,9119.844614488373,9573.707984780624,7988.091386360544,7848.101751089611,8349.833333333334,11,True,South,11060.0,12262.083333333334,12094.75,12471.25,,,12.0,12.0,4.0,,,24291,2024,8314.169239316689,0.7483013702116635,0.9530656057890566,1.0391021402003107,1.1416800551456219,1.1984975536368399,6123.523438620696,8376.089554608026,,,
gateexpress_000618::13,1,6869.350882535228,8438.831232621249,8813.986431590925,9190.623175649152,9373.567892307046,8784.554820611029,8171.271101033561,8573.608974358975,24,True,South,14391.5,15625.583333333334,15623.583333333334,16837.0,,,12.0,12.0,4.0,,,24291,2024,9598.181296566578,0.7819805354754922,0.9606441538530085,1.0033503816164755,1.046225262785699,1.0670509870704008,7379.1787315875345,9843.013702508728,,,
gateexpress_000618::14,1,6609.802584352193,8209.223093531486,8661.708834724854,9133.715187372298,9369.780557990032,8566.371885958177,8373.60164683379,8797.384615384615,13,True,South,12162.0,13907.0,13325.416666666666,13657.25,,,12.0,12.0,4.0,,,24291,2024,9205.085911764216,0.771598836981015,0.9583080448547743,1.0111292096626054,1.0662291234803964,1.0937863406734403,7029.631507255547,9401.55260540572,,,
gateexpress_000618::15,1,6461.570408050829,8088.66793086096,8581.639844588659,9092.8632150985,9347.07835705848,8455.244390245278,8074.608992618608,8984.379807692309,18,True,South,8318.5,11140.25,9248.25,9615.25,,,12.0,12.0,4.0,,,24291,2024,8924.271745924312,0.7642085917120824,0.9566450781946371,1.0149487641645465,1.0754110461418283,1.1054770182446887,6781.137634322146,9024.502760065976,,,
gateexpress_000618::17,1,7929.901097674269,9143.033888054366,9384.289277731436,9837.390866700358,10144.7857408872,9377.86014968127,9377.86014968127,11914.061538461538,2,False,South,15451.5,17479.833333333332,16170.166666666666,15754.666666666666,,,12.0,12.0,3.0,,,24292,2024,10375.602659545264,0.8455981397785919,0.9749595048466483,1.0006855645048602,1.0490016602598522,1.0817804466013492,8710.10616611744,10781.18527919169,,,
gateexpress_000618::18,1,6560.396128867488,7939.013648452269,8073.65352160199,8113.319930090322,8101.009531216129,8236.184503600905,9189.382835569511,8063.576923076924,4,True,South,10401.5,8639.833333333334,10597.0,12062.4,,,12.0,12.0,5.0,,,24290,2024,9671.68411238353,0.7965334101001801,0.9639188686194788,0.9802662286246919,0.9850823432310354,0.9835876706834729,7648.076057022242,9792.113988287318,,,
gateexpress_000618::19,1,5992.49491385079,7323.106428579061,7626.854079650184,7927.91150341007,8072.533865047331,7614.126928920429,7358.55327298796,8112.879807692308,22,True,South,5491.5,5824.25,5999.5,4908.5,,,12.0,12.0,2.0,,,24293,2024,7636.191795382334,0.7870232489938853,0.9617788745764144,1.0016715180674771,1.0412108410352086,1.0602047930650793,5933.067785900239,7827.420434700739,,,
gateexpress_000618::2,1,7722.086762458184,9910.914068730995,10318.178064296144,10473.923418703062,10459.43883100977,10416.043159551198,9768.411367927793,10602.923076923076,11,True,South,10687.5,12788.5,11826.166666666666,11212.5,,,12.0,12.0,6.0,,,24289,2024,12037.454351602328,0.741364704828173,0.9515047045137275,0.9906043884653728,1.0055568374924395,1.0041662338369612,8724.960402766148,12045.524261552846,,,
gateexpress_000618::20,1,6687.623733255765,8291.429710353432,8670.016151139773,9011.992017816036,9163.210594996024,8648.819557137318,8068.24522650429,9171.375,23,True,South,7396.0,5514.666666666667,7798.833333333333,6872.0,,,12.0,12.0,2.0,,,24293,2024,8805.428312504126,0.773241213910735,0.9586776155494011,1.0024508077504013,1.0419909859697576,1.0594752884437522,6769.916882762518,9011.553583126131,,,
gateexpress_000618::21,1,6074.453306256702,7453.156647311927,7729.194854527566,7966.739007926001,8067.358000156043,7756.360175360529,7724.283984967748,8112.879807692308,24,True,South,6509.0,5133.75,6913.083333333333,,,,12.0,12.0,,,,24295,2024,8058.484263646057,0.783157714304358,0.9609090448105051,0.9964976715600111,1.0271233965170645,1.0400958462170768,6246.197925780978,8256.176469693517,,,
gateexpress_000618::3,1,9911.770086069426,12393.182356133437,12573.915063574348,12410.553801945622,12217.400094301382,12951.520074972104,8940.152540771041,13654.083333333334,3,True,South,6562.5,5572.3,6712.5,7129.857142857143,,,10.0,12.0,7.0,,,24288,2023,11723.900128138339,0.7652978205410205,0.9568901784804692,0.9708447341152293,0.9582314454291847,0.9433178517717501,8821.160504512365,11700.500890902715,,,
gateexpress_000618::4,1,8498.054057824485,10613.972831631552,10812.52988741148,10742.004761461596,10616.821115856705,11089.500100056845,9279.523948602618,11219.615384615385,7,True,South,14414.5,15374.0,15022.166666666666,15293.166666666666,,,12.0,12.0,6.0,,,24289,2024,11281.048161008692,0.7663153416429407,0.9571191429609298,0.9750241029670991,0.9686644722070504,0.9573759881026813,8493.138176269344,11161.457987514006,,,
gateexpress_000618::5,1,8360.874589711446,10604.016792171067,10900.592056484546,10907.109935910275,10809.793111995708,11116.150836181663,9173.96780677768,11219.615384615385,13,True,South,11422.0,12675.75,12527.583333333334,12647.666666666666,,,12.0,12.0,6.0,,,24289,2024,11492.073365795843,0.7521375620864965,0.9539288327805283,0.9806085053294257,0.9811948485269751,0.9724403052188894,8607.663566991318,11804.026914221582,,,
gateexpress_000618::6,1,5035.793867783909,6029.763916783032,6241.7031460048065,6494.0692124568595,6632.027075159352,6240.239631767017,8142.999138893415,6450.0,15,True,South,15251.0,16134.333333333334,15900.666666666666,15820.166666666666,,,12.0,12.0,6.0,,,24289,2024,7505.567626972955,0.8069872576925301,0.9662712127411707,1.000234528531619,1.0406762553472593,1.0627840381958849,5961.508989522082,7666.236943763131,,,
gateexpress_000618::7,1,7768.9806842568,9653.570586932934,10138.149584023053,10605.791978244406,10825.342794985285,10074.636287078943,8576.650041785144,9998.53846153846,15,True,South,12261.5,15066.333333333334,13450.666666666666,12887.5,,,12.0,12.0,6.0,,,24289,2024,10577.297941486899,0.7711425467756862,0.9582053695887721,1.006304276912266,1.052722071152751,1.0745145022127645,8097.584730697755,10801.89467271508,,,
gateexpress_000618::8,1,6279.91375746878,7869.910912707889,8310.308976218721,8735.636170003478,8935.343618767345,8228.553287462286,6726.983368736535,8573.608974358975,28,True,South,11308.0,13993.0,12663.416666666666,12799.4,,,12.0,12.0,5.0,,,24290,2024,7416.897576973962,0.7631856461375032,0.9564148930893047,1.0099356090797886,1.0616247917253967,1.0858948476862857,5588.141517287057,7450.792815626233,,,
gateexpress_000618::9,1,5393.9468123093,6505.106365626525,6747.152607413943,7015.949044066406,7156.402793981233,6743.310288188875,8063.999287826608,7054.384615384615,19,True,South,11214.0,14061.666666666666,12240.833333333334,12507.8,,,12.0,12.0,5.0,,,24290,2024,7909.310164916695,0.7998959830985342,0.9646755210153132,1.0005697971857823,1.0404309966805274,1.0612596022039653,6185.417631632679,8131.795818062639,,,
genesis_000221::6,1,4696.385770261126,5782.338082272118,6174.271932270239,6681.981304177475,6979.507400506182,6022.251049030231,8011.1848763163825,5661.636363636364,5,True,South,4782.5,6004.833333333333,5867.916666666667,4530.0,,,12.0,12.0,2.0,,,24254,2021,6727.480339740957,0.7798389226927678,0.9601622441833031,1.0252431992625892,1.109548779978789,1.1589532458348941,5129.254523362206,6793.2433973091975,,,
glacierexpress_000240::3,1,5575.593340099185,6702.8250501127595,6218.847131193866,5318.411574810937,5062.436479187382,6756.727648922224,6756.727648922224,8406.870192307691,2,False,West,6517.5,5929.416666666667,7452.5,7516.333333333333,7439.5,,12.0,12.0,12.0,2.0,,24281,2023,5924.622840293742,0.8251913692256867,0.9920223810089397,0.9203933404339367,0.7871283039888821,0.7492438266318014,4861.085306553862,6274.206026292152,5719.681464660251,,
gocleancw_000426::1,1,3569.458071113016,4199.6088639617265,4217.044953637452,4210.173256020926,4200.273713147707,4328.384235317997,7136.756434915413,4126.5,4,True,South,3643.0,6594.083333333333,6181.5,5256.666666666667,4577.583333333333,3393.0,12.0,12.0,12.0,12.0,2.0,24269,2022,5134.073402607918,0.8246629405004234,0.9702486275812781,0.974276941318643,0.972689351760291,0.9704022297454657,4190.3635291461205,5311.148375119853,5470.7618949455255,5258.833031450592,
gocleancw_000426::2,1,3861.201773441615,4651.836456487646,4658.717295753101,4582.858846620244,4519.863924463068,4821.041333691316,5815.71589238216,5237.115384615385,4,True,South,3144.0,3388.5833333333335,3787.5,3561.1666666666665,2564.0,,12.0,12.0,12.0,1.0,,24282,2023,4565.953823243335,0.8009061748668347,0.9649028362355657,0.9663300878995101,0.9505952198736484,0.9375285569274208,3595.3096023800827,4594.998191919782,4783.459665361873,,
gocleancw_000426::3,1,7042.452787781109,8108.73788417844,8057.842163738347,7997.1716479592915,7969.930670470756,8314.242873511916,8314.242873511916,,0,False,South,5620.0,5754.0,6027.0,6287.583333333333,5709.666666666667,,12.0,12.0,12.0,6.0,,24277,2023,8405.41049225794,0.8470347685196252,0.9752827777032846,0.969161267757714,0.9618640890846752,0.9585876659752035,6994.736863630591,8474.126759349147,8580.534240572642,,
grandprix::2,1,4039.51664563827,5417.201023256141,5561.176027662227,5422.116741072725,5456.457749351746,5576.142621059224,5576.142621059224,10915.115384615385,2,False,West,4766.0,2277.5833333333335,3969.1666666666665,4603.083333333333,4483.2,,12.0,12.0,12.0,10.0,,24273,2022,4591.983378489371,0.724428501950859,0.9714961383514807,0.997315959362217,0.9723777007774522,0.978536260666026,3312.7255129384566,4803.493546250779,4957.87657174894,4741.646849885721,
grantspass_000460::1,1,5136.183278986882,6688.682269586207,6756.59214643162,6462.837282252361,6465.528447403755,6848.203008164386,6848.203008164386,,0,False,West,12221.5,5422.583333333333,8972.25,11019.833333333334,11730.625,,12.0,12.0,12.0,8.0,,24275,2022,6140.580463383203,0.7500045300735909,0.9767061901657998,0.9866226422283995,0.9437274675630096,0.9441204414786757,4532.932965241497,6339.762975041855,6485.845232192232,,
greatnorthaw_000297::1,1,6126.542186591066,7033.055559716288,7257.43893596698,7143.987396372578,7172.301006073661,7412.064464443938,7412.064464443938,,0,False,Midwest,5080.5,5024.583333333333,5138.333333333333,5771.833333333333,5660.416666666667,5870.083333333333,12.0,12.0,12.0,12.0,12.0,24254,2021,6316.254206541552,0.8265635324652679,0.9488659459795884,0.9791386692305896,0.9638323345193043,0.9676522702250587,5183.008712689779,6387.502177549442,6669.545523030827,6479.448421429887,6447.492842956238
greenwayaw_000607::1,1,5099.717487694222,6503.467419592843,7536.534610133789,8639.173857918862,9341.69460639246,6941.863147254414,6941.863147254414,10049.76923076923,1,False,Midwest,5170.5,5644.5,5014.5,,,,12.0,12.0,,,,24291,2024,5597.912433520993,0.7346323860779679,0.9368475410185864,1.0856645327435726,1.2445036259949542,1.3457042307276263,4082.6511155669905,5508.443472233399,,,
grimescene_000454::1,1,4721.851234619352,5787.992195630788,5907.073314905498,5932.195469874117,5912.8376775799725,6022.153974561484,6022.153974561484,,0,False,South,10695.5,6990.25,9854.666666666666,10149.083333333334,10605.25,10770.333333333334,12.0,12.0,12.0,12.0,3.0,24268,2022,5101.130997461311,0.7840801239166563,0.9611166071276438,0.9808904488091629,0.9850620716329465,0.9818476416505987,3948.5881858604143,5156.115906320396,5296.919832303036,5263.893259128867,
gwatzillacw_000494::1,1,8580.720716979846,10977.85051157353,11867.952630210684,12830.175983109702,13325.33148520937,11529.520539643188,9534.341789464224,12531.923076923076,3,True,South,5931.0,6431.75,6425.166666666667,6759.583333333333,5866.888888888889,,12.0,12.0,12.0,9.0,,24274,2022,12048.683715358302,0.7442391630663072,0.9521515204233522,1.0293535268360752,1.1128108874080522,1.1557576431206702,8902.217924186572,12049.791838491497,13375.086490272892,,
haffners_000014::15,1,4244.3680792881605,5002.87854183199,5184.3000725668,5401.410373747305,5570.852550928424,5155.137133660472,6082.0236892834555,4884.076923076923,7,True,Unknown,4231.0,1970.4166666666667,3558.9166666666665,3074.25,5210.571428571428,,12.0,12.0,12.0,7.0,,24276,2022,4017.222461582991,0.8233278706738093,0.9704646864126448,1.0056570636532458,1.0477723935758745,1.0806410007123841,3283.558796069518,4030.056103984199,4237.536555308096,,
halloffamecw_000586::1,1,7927.8726861605055,9605.434003505008,9721.94369281476,9686.400481145094,9620.880819365348,9967.725698223168,9967.725698223168,7993.846153846154,2,False,South,9796.5,6145.666666666667,10031.083333333334,10406.875,,,12.0,12.0,8.0,,,24287,2023,11068.386437954954,0.7953542188238302,0.963653524817327,0.975342218190031,0.9717763885568979,0.9652032078972991,8690.801350386912,11367.679696387422,,,
happycarwash_000373::1,1,5289.322760356369,6546.809471970485,6354.5021083909205,5791.150423831224,5685.676756593846,6638.148920928003,6638.148920928003,11595.0,7,False,West,2948.5,1855.9166666666667,2746.5833333333335,3296.75,2973.8333333333335,3224.5,12.0,12.0,12.0,12.0,4.0,24267,2022,6559.972640768553,0.7968068844735906,0.9862402229830137,0.9572701944599596,0.8724044146664957,0.8565153967348774,5110.366072104445,6895.270994379947,6647.724043515702,6048.893736296212,
happycarwash_000394::1,1,4827.041965851523,6387.779611605963,6493.657325299952,6246.343847258846,6251.067687546252,6559.428819082479,6559.428819082479,,0,False,West,9065.5,4686.416666666667,6341.25,7102.833333333333,8263.333333333334,10141.5,12.0,12.0,12.0,12.0,4.0,24267,2022,5679.725132074652,0.735893642417286,0.9738316837927777,0.9899729846002465,0.9522694764347749,0.9529896367441091,4149.430239116289,5809.584785337031,5897.776748861484,5674.62809837618,
happycarwash_000394::3,1,7528.260569743526,9297.3281487512,9187.950564454806,8615.090768619772,8608.679547497883,9422.906166221985,9422.906166221985,,0,False,West,12472.5,9517.5,12044.5,13294.416666666666,13076.0,,12.0,12.0,12.0,1.0,,24282,2023,9909.708413516104,0.7989319257714632,0.9866731117496489,0.9750654842972525,0.9142710981779735,0.9135907113621872,7816.0183905101385,10420.793005869418,10228.950505007204,,
highway80cw_000598::1,1,4607.835820608382,5557.184859130809,5544.146190605109,5418.7004746383145,5322.937640979692,5760.708546174514,7565.911625642969,6368.6,11,True,South,3438.0,2344.0,3720.0,3977.4,,,12.0,12.0,5.0,,,24290,2024,6691.216401742293,0.7998731030522774,0.9646703725049833,0.9624069931964851,0.9406309017727837,0.9240074546931333,5232.666717229609,6788.348495356821,,,
huzzyscw_000571::1,1,6569.1849633376105,7709.787591375709,8579.046700896162,9563.319625759732,10335.77952503575,8148.100315504102,8148.100315504102,4324.416666666667,1,False,Midwest,8103.0,8307.416666666666,8765.75,8028.25,,,12.0,12.0,4.0,,,24291,2024,6453.660251568951,0.8062228874180463,0.9462067589798352,1.0528891850499265,1.173687025865743,1.2684894791205454,5173.4359720906305,6518.816275594836,,,
ikocarwash_000359::1,1,4296.251342543889,4844.626893162623,4760.2200996866,4690.526637328235,4665.997809132235,4941.975476135814,4941.975476135814,6821.2307692307695,13,False,South,5530.0,3060.5454545454545,4853.333333333333,5562.916666666667,5691.375,,11.0,12.0,12.0,8.0,,24275,2022,3785.6616755612367,0.8693388632319108,0.980301686351283,0.9632221209257538,0.9491197720381669,0.944156407020585,3257.197125086967,3956.8070409944694,3897.8252181239304,,
imperialcw_000484::1,1,5941.5178525632255,7464.595066432906,7658.177462782655,7673.284661581234,7618.644028687541,7809.059013777192,7835.296917106984,8518.038461538461,4,True,South,6582.0,6550.833333333333,7581.416666666667,7140.833333333333,7075.666666666667,,12.0,12.0,12.0,6.0,,24277,2023,7905.441950186417,0.7608493983821684,0.9558891862980464,0.9806786514574493,0.9826132249792943,0.9756161421300941,5913.546186747085,7881.410522755959,8349.943909790676,,
internationalautospa_000316::1,1,5381.331551151766,6280.332399209645,6562.8303515179805,7049.517295681908,7375.309960295912,6460.475441294945,6742.718649304877,6649.384615384615,3,True,South,7931.0,9407.583333333334,8924.75,7906.916666666667,7518.583333333333,7813.083333333333,12.0,12.0,12.0,12.0,12.0,24257,2021,5768.916005465135,0.8329621558120381,0.9721161323617395,1.0158432473202808,1.0911762392318443,1.1416048288262817,4720.9641487873005,5797.1940686433045,6409.501145805384,6577.294670533768,7110.846893827021
intracoastalcw_000313::1,1,7181.634271706669,8219.542025076551,8506.772360863062,9043.613498540935,9405.071163222565,8415.539095324828,8415.539095324828,,0,False,South,1448.5,6111.916666666667,5242.5,4089.5833333333335,2882.2,1220.0,12.0,12.0,12.0,5.0,6.0,24255,2021,8692.799749393818,0.8533778038885658,0.9767100992547035,1.010841048268544,1.0746326998308438,1.1175839190679373,7387.383314098808,9141.99920239174,9526.374354583422,,
jallocw_000405::1,2,5737.699854152121,7039.864788262831,7282.9180496011395,7476.393614464977,7551.859125996896,7326.230247462119,8798.226257561928,7246.846153846154,3,True,South,8211.5,10414.75,10198.833333333334,8069.625,,,12.0,12.0,8.0,,,24269,2022,8445.920478110414,0.783172199118328,0.9609123042101375,0.9940880648849408,1.0204966759070773,1.0307974047925859,6510.438400402485,8578.876126704774,,,
jammincw_000186::3,1,8513.320095630375,10637.534477591786,10943.079384892852,11033.449630561016,11002.001545501984,11115.149303264096,9010.544936051105,11619.713286713286,6,True,South,6857.0,3914.6666666666665,6959.0,8883.0,,,12.0,12.0,3.0,,,24292,2024,11220.311872816195,0.7659204445531234,0.9570302824873389,0.9845193335980909,0.9926497008295617,0.9898204014471597,8531.682567097727,11444.510152264193,,,
jetexpress_000303::1,1,6765.443380688504,8001.160929620702,8044.472289405002,8025.789605343914,7998.962227975554,8256.58408019672,8256.58408019672,,0,False,South,9148.5,6471.583333333333,6729.166666666667,7265.0,8719.25,9312.333333333334,12.0,12.0,12.0,12.0,12.0,24257,2021,8365.101791259565,0.8193998044439839,0.9690643069706457,0.9743099823448216,0.9720472204229879,0.9687980102038726,6804.765819763092,8514.471634415417,8584.75160832759,8624.698800426031,7681.2577711069125
jimwood_000518::1,1,5309.512233521761,7238.855160078299,7443.249057737234,7231.35189199067,7241.136698877012,7473.0960170286335,7473.0960170286335,,0,False,West,4254.5,4212.083333333333,5043.083333333333,4727.666666666667,4904.25,,12.0,12.0,12.0,4.0,,24279,2023,6924.389594556985,0.7104836096610021,0.9686554466292713,0.9960060784414667,0.9676514092034799,0.9689607469751406,4856.802899819846,7148.541127713811,7466.311728945687,,
jjexpresscw_000427::1,1,5407.154973130021,7196.127188174872,7331.548330720957,7066.014926243758,7072.184179589065,7397.095535277158,7397.095535277158,,0,False,West,4555.5,4599.833333333333,6781.25,5650.5,4694.333333333333,4986.0,12.0,12.0,12.0,12.0,1.0,24270,2022,7240.822344764874,0.730983525539585,0.9728314517307696,0.9911387916725419,0.9552418097813583,0.9560758200108985,5174.785905618869,7408.079061212986,7682.957713191113,7256.904976929272,
jjscarwash_000042::4,1,6671.892742454079,8163.608521290608,8260.177553200505,8197.375615874877,8113.937639821444,8490.435065140548,8077.835555514452,8565.807692307691,6,True,South,10411.5,7314.583333333333,9080.083333333334,10443.333333333334,10862.555555555555,,12.0,12.0,12.0,9.0,,24274,2022,8581.022946350546,0.7858128224603099,0.9615065021589057,0.9728803635887379,0.96548357687006,0.9556562858757496,6704.648764338434,8807.808943066111,9003.076475851183,,
joescw_000659::1,1,6229.4526721068105,7323.214696857547,7512.444845032332,7759.9672588518915,7912.318061182824,7546.312907108811,7546.312907108811,6380.7692307692305,1,False,South,3862.5,3014.75,3975.1666666666665,,,,12.0,12.0,,,,24295,2024,7278.705790761217,0.8254962057349244,0.9704361304656345,0.995511972205052,1.028312416192259,1.0485011897305805,5946.787175144146,7531.204602744328,,,
joespremiumcw_000369::1,1,4514.653159808943,6320.102746397177,6562.115838599936,6428.5933098823,6440.473237083695,6554.524676292904,6554.524676292904,,0,False,West,7074.5,4681.166666666667,6351.25,7206.333333333333,7030.5,6197.5,12.0,12.0,12.0,12.0,8.0,24263,2021,5808.853670427006,0.6887842189591592,0.9642350984284781,1.0011581560344855,0.9807871092672691,0.9825995865693019,3933.6594804444258,5841.758768356875,6100.013457289453,5960.501164234786,
johnsautospa_000372::1,1,5816.075759283375,6470.366250766143,6595.771817109585,6939.7394755190135,7201.860935528178,6577.984152646134,6577.984152646134,,0,False,South,11005.5,8098.833333333333,9567.833333333334,10095.583333333334,11989.416666666666,12335.285714285714,12.0,12.0,12.0,12.0,7.0,24264,2021,5687.986434853108,0.8841729661120779,0.9836396836199887,1.0027041209055354,1.054994860808133,1.0948431568706465,4940.910649552869,5783.624203805906,6037.647722375964,6319.199159312476,
johnsautospa_000372::2,2,5919.325662469942,6902.939152287775,7177.494323004296,7103.683750670029,7130.188431050022,7289.53167597606,7289.53167597606,,0,False,Midwest,2800.5,2918.3333333333335,2796.0,2902.8333333333335,2859.6666666666665,2843.875,12.0,12.0,12.0,12.0,8.0,24263,2021,6080.538778084141,0.8120309953488679,0.9469660684838823,0.9846303771007673,0.9745048195731798,0.9781408117820268,4917.046159438705,6200.008797330505,6399.844287393311,6292.452719222719,
jupitercw_000637::1,2,6620.560962882493,7684.819387736165,8131.891877766793,8946.697763034359,9511.451790505487,7894.98532798245,7894.98532798245,4802.615384615385,2,False,South,622.5,1049.3333333333333,1064.25,377.6,,,12.0,12.0,5.0,,,24290,2024,8126.882794636295,0.8385779944918993,0.9733798187690879,1.0300072184991487,1.133212715585967,1.204745974231737,6707.697080110985,8361.91962157094,,,
kentoncw_000450::1,1,6325.421731068407,7437.194864856632,7763.110406424993,7704.396648810604,7732.24033881264,7861.798128516466,7861.798128516466,,0,False,Midwest,1661.0,1361.4166666666667,1656.3333333333333,1738.75,,,12.0,12.0,12.0,,,24283,2023,7045.812525110346,0.8045769717902976,0.9459915840220184,0.9874471818688003,0.9799789466566265,0.9835205906351256,5627.879362082139,7103.7056277646,7493.343492419706,,
kindcw_000508::1,1,6664.18826763616,7870.468305987787,8232.580003060262,8182.338722206209,8211.39740854711,8324.431701650918,8324.431701650918,,0,False,Midwest,13368.0,9905.666666666666,12260.166666666666,13602.333333333334,13407.285714285714,,12.0,12.0,12.0,7.0,,24276,2022,7242.685818574028,0.8005577445382254,0.9454661396797694,0.9889660097070123,0.9829306090148439,0.9864213802028805,5756.23356269648,7192.493886126111,7834.013712385165,,
kingscw_000295::1,1,6610.313577404254,8228.122000025394,8449.475283237245,8508.115175189057,8480.625490659068,8590.310163020811,8590.310163020811,,0,False,South,12555.0,11097.666666666666,12471.333333333334,12787.666666666666,14013.333333333334,13229.0,12.0,12.0,12.0,12.0,12.0,24255,2021,8733.38739799807,0.7695081378854096,0.9578375918771189,0.9836053789547873,0.9904316623879795,0.98723158183113,6634.540701694746,8915.407594605085,9263.946927588739,9061.169216062877,9095.230579601526
kiwicw_000382::1,1,7530.2234576267,8902.264470912825,8949.004108966043,8927.579115897517,8897.729587412892,9185.637922677104,9185.637922677104,,0,False,South,22068.5,6725.333333333333,21267.5,22843.5,21821.666666666668,21310.333333333332,12.0,12.0,12.0,12.0,3.0,24268,2022,9975.442193138118,0.8197823081003891,0.9691503786509265,0.9742387174736259,0.971906272710521,0.9686566858297956,7995.1681689260895,10219.343106818253,10404.078441765096,10283.522099925764,
kiwicw_000382::3,1,6928.482662216683,8035.1563088460125,8010.229848833933,7961.341025830018,7934.361478239487,8253.153361289387,8253.153361289387,,0,False,South,7813.5,6470.25,8450.75,,,,12.0,12.0,,,,24295,2024,8716.758228119483,0.8394952037016611,0.9735862108820286,0.9705659762007013,0.9646423224330125,0.961373323735245,7264.727314677604,8925.026786165574,,,
lakecharlestoyota_000582::1,1,6525.890173851331,7268.316462954983,7113.99827639267,7011.755392599902,6987.277113381842,7391.341549906005,7391.341549906005,,0,False,South,6084.0,3122.5,5962.833333333333,6275.333333333333,,,12.0,12.0,9.0,,,24286,2023,7182.753523932691,0.8829101090497328,0.9833555131879156,0.9624772753848911,0.9486444842599744,0.9453327337404263,6305.583923963389,7605.317449049542,,,
lakeeffect_000492::1,1,3217.29319905494,3938.7128310302105,4216.711385327119,4236.510795200961,4227.738509121014,4235.336372576605,4235.336372576605,,0,False,Northeast,1283.5,1951.1666666666667,1251.8333333333333,1060.5833333333333,1384.4,,12.0,12.0,12.0,10.0,,24273,2022,3826.1600143301034,0.7596310932672559,0.9299645847571865,0.9956024774395534,1.000277291464253,0.9982060779151366,2860.6968992956763,3711.075461967879,4123.934243713222,4045.1963867671634,
lakehavasuexp_000487::1,1,5292.760575787028,6728.246468685473,6730.255643467256,6381.061894914036,6380.288037255013,6857.509799227935,6857.509799227935,,0,False,West,5533.0,1115.5833333333333,2704.8333333333335,5586.916666666667,5056.5,,12.0,12.0,12.0,2.0,,24281,2023,6231.457038199857,0.7718196153920075,0.9811501063320368,0.9814430953091738,0.9305217319022219,0.9304088836990577,4725.161243381863,6429.914144367528,6547.278365065663,,
lakesedge_000550::1,1,5697.856196731717,7160.785692124179,8368.083341102665,10264.424271399204,11533.63207973326,7491.75805214563,7491.75805214563,,0,False,South,7949.5,5086.166666666667,6506.166666666667,7665.166666666667,11266.25,,12.0,12.0,12.0,4.0,,24279,2023,7334.876044985144,0.7605499479657993,0.9558218034114622,1.1169719153845414,1.3700955369827361,1.539509418143855,5546.747252320649,7484.215923657201,8757.681511021294,,
launchcw_000311::1,1,6860.219840503601,8210.663953702087,9002.33341808819,10323.944392077296,11224.78952658397,8496.396363800048,8496.396363800048,6132.384615384615,2,False,South,16524.5,17487.166666666668,19091.083333333332,15990.0,17418.0,16497.25,12.0,12.0,12.0,12.0,12.0,24256,2021,8840.519001105407,0.8074270016088726,0.9663701647306193,1.0595472518730118,1.2150968422405224,1.3211235735668572,7064.707413101066,9108.871989724477,10088.550547206862,11270.388212058262,11070.037072952928
launchcw_000311::3,2,6796.298336098157,8048.421102253856,8760.104329189051,9982.263268435016,10823.074050964138,8307.964336008275,8307.964336008275,11005.653846153846,2,False,South,6225.5,5777.083333333333,6972.916666666667,6679.75,6080.142857142857,,12.0,12.0,12.0,7.0,,24276,2022,8509.224332251639,0.8180461616381435,0.9687597077626452,1.054422476420742,1.2015293836987255,1.3027347751187262,6843.699346821209,8597.581228278072,9813.13885120364,,
licketysplitexp_000558::1,1,5260.72519324445,7039.417010067078,7186.956290090265,6939.409019462423,6946.234968082415,7243.099284523791,7243.099284523791,,0,False,West,9962.0,6268.272727272727,9610.083333333334,10885.0,,,11.0,12.0,2.0,,,24293,2024,6847.620084583001,0.7263085851225253,0.9718791270897091,0.9922487608925249,0.958071779340336,0.9590141864994616,4886.209130823591,6879.508080818236,,,
liquidsunshine_000493::1,1,6588.51807646015,8151.11228596869,8575.602240476923,9012.706603963446,9228.706324574434,8498.419051838955,7169.5644645249085,8760.604166666668,26,True,South,1351.0,3116.6666666666665,3621.8333333333335,2615.3333333333335,982.7142857142857,,12.0,12.0,9.0,7.0,,24275,2022,7964.628947858899,0.7752639680711525,0.9591327794320625,1.0090820643424574,1.0605156734431924,1.0859321325861724,6149.003833884286,8225.458341238404,,,
lonestarsuds_000315::2,1,7062.032911884977,7901.408939224565,7750.144398243461,7646.316876828903,7619.762661093038,8044.407386236362,8044.407386236362,15255.923076923078,2,False,South,17423.5,13472.0,19606.166666666668,18672.75,17350.666666666668,,12.0,12.0,12.0,3.0,,24280,2023,8626.869935176059,0.8778810635532723,0.9822238680680865,0.9634201782848079,0.950513382739843,0.9472124291131908,7454.0948553453945,8957.016786075574,9010.607818526669,,
lonestarsuds_000315::4,1,7745.950677049862,9076.255761509432,9025.814508669902,8892.489845681797,8804.493906165999,9345.509107446744,9345.509107446744,13543.807692307691,2,False,South,23788.0,13554.833333333334,21990.75,22987.4,,,12.0,12.0,10.0,,,24285,2023,10314.930894824422,0.8288420232641673,0.971189012514817,0.9657916337032831,0.951525459281403,0.9421096063295632,8487.585903374389,10676.691237756482,10493.228091846917,,
luvcarwash_000457::1,1,4673.119761482807,5650.783889349001,5730.460455989884,5733.56508138799,5710.3477599499265,5861.270012684654,8278.012427811771,5619.346153846154,4,True,South,7046.0,5684.666666666667,6139.416666666667,7338.166666666667,7448.9,,12.0,12.0,12.0,10.0,,24273,2022,7154.547664202542,0.7972879173574132,0.9640886492381122,0.9776823868527336,0.9782120716124165,0.9742509298482906,5662.959579342581,7244.9105239335295,7572.557978059128,7312.6263361643905,
luvcarwash_000457::10,1,7853.731353515291,10722.411694010008,10629.755126035883,9815.621877649915,9546.54800726045,11072.066122929,6382.589667604878,13897.807692307691,6,True,West,6284.5,5066.5,6679.5,6816.833333333333,5910.454545454545,,12.0,12.0,12.0,11.0,,24272,2022,7316.170322526722,0.709328436654754,0.9684201281823185,0.9600516297516377,0.8865212480372449,0.8622192011200714,5123.256489681698,7551.169434873864,7574.794144331343,6879.52258862176,
luvcarwash_000457::11,1,2635.920221986911,3357.137637736836,3398.0764297979204,3291.327044541394,3331.983984083241,3422.8626164696193,5536.735149181525,3502.9166666666665,5,True,West,9066.0,4739.0,7033.833333333333,9097.083333333334,8599.42857142857,,12.0,12.0,12.0,7.0,,24276,2022,3519.0399376795385,0.7700923225208584,0.9807982422617438,0.9927586381783375,0.9615714719909231,0.9734495238140433,2649.4998220231732,3629.810796910471,3679.8254767807925,,
luvcarwash_000457::12,2,6565.770174070279,7695.303023651338,7714.479727736906,7696.292710495589,7678.1764607484865,7924.057967124949,7924.057967124949,9327.96153846154,2,False,South,6430.5,7874.166666666667,7928.416666666667,7574.083333333333,6450.083333333333,,12.0,12.0,12.0,12.0,,24271,2022,8165.059082011476,0.8285868429168632,0.97113159136106,0.9735516524162829,0.9712564878280416,0.9689702539536477,6726.903870467942,8464.747550978129,8337.886843191121,8320.38621887152,
luvcarwash_000457::13,2,6886.826728599558,8103.632948750076,8129.800603977241,8103.085881675557,8075.90504483302,8352.365768314097,8352.365768314097,,0,False,South,6179.0,4558.416666666667,5847.416666666667,6123.916666666667,6271.0,,12.0,12.0,12.0,12.0,,24271,2022,8888.824499951857,0.8245360559670084,0.9702200757888712,0.9733530390657471,0.9701545773313449,0.9669003093075891,7253.8259798263825,9195.130813093905,9159.064949777723,9022.00077936811,
luvcarwash_000457::15,2,6141.986394770766,7666.724872087726,7968.56270580093,8175.865194391755,8241.177288408884,8009.165699126779,6894.248796533593,8797.384615384615,29,True,South,10300.5,4732.833333333333,8305.166666666666,10641.5,11214.916666666666,,12.0,12.0,12.0,12.0,,24271,2022,7386.793858551815,0.7668696872435057,0.9572438828333407,0.9949304340987382,1.0208135905195657,1.0289682593665657,5569.300972823905,7374.775869368639,7856.02415250368,7940.641145932878,
luvcarwash_000457::16,1,8244.826447813553,10405.82744377059,10716.739102594696,10775.927602656362,10716.643660311156,10896.856775589857,8764.444632986195,11370.53846153846,3,True,South,9503.5,7824.75,11498.666666666666,10700.333333333334,9746.7,,12.0,12.0,12.0,10.0,,24273,2022,10075.85011124613,0.7566242832779871,0.9549384430821165,0.9834706762964304,0.9889023802529562,0.9834619175978896,7489.851205578497,9946.322770781031,10672.687579631594,10581.05636046656,
luvcarwash_000457::17,1,8343.971619229571,10514.6833325508,10739.346310225284,10670.321330003266,10537.214681725509,11007.15128964236,9401.90559838935,11370.53846153846,3,True,South,7819.0,5702.0,7330.916666666667,8574.166666666666,8477.777777777777,,12.0,12.0,12.0,9.0,,24274,2022,11023.979448053806,0.7580500530669712,0.9552592724372774,0.9756699101911067,0.9693989888231983,0.9573062461348145,8321.96516539531,11339.018983566011,11763.718462906781,,
luvcarwash_000457::18,1,9984.747052920138,12515.095677372934,12810.841320676029,12799.784622648353,12689.027008574143,13085.959227996584,9044.570351976728,13654.083333333334,3,True,South,4785.0,6332.666666666667,6051.916666666667,5086.75,3738.0,,12.0,12.0,12.0,1.0,,24282,2023,12410.467079302762,0.7630122392218984,0.956375872744405,0.9789760993040573,0.9781311709472563,0.969667319566973,9320.208216636422,12546.320935946698,13171.805683117971,,
luvcarwash_000457::19,1,7684.511193116713,9607.37298034696,9964.386236470173,10179.221138898598,10231.309445526187,10039.985123171586,9649.836832685982,9753.46153846154,16,True,South,10668.5,7012.916666666667,10890.416666666666,11424.666666666666,11715.5,,12.0,12.0,12.0,6.0,,24277,2023,11973.866097705191,0.7653906951895174,0.9569110773056638,0.9924702192509294,1.0138681496056867,1.0190562356425248,9098.37165795269,12211.600260848554,12815.75862507018,,
luvcarwash_000457::2,1,8608.738360908332,11611.43379733085,11552.961409857466,10735.085615212944,10492.494617949998,11964.4067548702,7860.225755431453,14390.46153846154,7,True,West,9788.5,12419.916666666666,13646.083333333334,11560.083333333334,10007.416666666666,7971.0,12.0,12.0,12.0,12.0,1.0,24270,2022,9526.230081528574,0.7195290612636587,0.9704980811191771,0.9656108862359387,0.8972518099021622,0.876975752573687,6804.8021708477545,9710.679550898998,9907.267810395146,9097.296601497339,
luvcarwash_000457::20,1,8024.217963734671,10109.71108160139,10340.37465091554,10296.614563985391,10181.711121678954,10582.748886508767,9758.175627069097,10769.307692307691,3,True,South,12177.5,12210.25,13071.0,13533.166666666666,12990.125,,12.0,12.0,12.0,8.0,,24275,2022,11381.622348748611,0.7582356956389852,0.9553010460722147,0.9770972326573663,0.9729621929432579,0.962104575178849,8519.680683959075,11588.06772868916,11905.51074173675,,
luvcarwash_000457::21,1,5076.158235462531,5816.406511485377,5743.537646619614,5658.3168401653975,5616.911937032991,5956.7611950959645,5956.7611950959645,5253.0,13,False,South,18407.0,15350.333333333334,19107.166666666668,20115.75,17799.222222222223,,12.0,12.0,12.0,9.0,,24274,2022,5077.746583598499,0.8521674898838635,0.97643775215865,0.9642047848666668,0.9498982173103955,0.9429473086242299,4230.511596140465,5214.296208281256,5135.443694716484,,
luvcarwash_000457::22,2,5640.49736671791,6724.104776312671,6872.718292425251,7019.068543985836,7090.027065667509,6951.699500709363,7104.433681635725,7054.384615384615,23,True,South,10178.0,9647.833333333334,10967.666666666666,10870.75,11093.285714285714,,12.0,12.0,12.0,7.0,,24276,2022,6865.919911167552,0.8113839451981986,0.9672605634962403,0.9886385756064323,1.009691017753227,1.019898380956201,5539.148397336308,7089.552309080668,7266.785852737175,,
luvcarwash_000457::23,2,5443.242670002086,6498.881439904874,6678.02531367222,6873.830754592652,6975.457088355372,6721.240732624636,8064.942956344859,6801.615384615385,13,True,South,6934.5,6078.416666666667,6616.083333333333,7300.083333333333,7726.857142857143,,12.0,12.0,12.0,7.0,,24276,2022,7685.186640728359,0.8098568235446176,0.9669169277570377,0.9935703212142589,1.0227026568513384,1.0378228315044247,6159.930529291215,7922.949836379823,8234.65611754636,,
luvcarwash_000457::24,2,6760.287136372323,8522.137545008974,8797.347102441277,8880.794883799008,8854.344764362297,8921.99663047021,7649.483702449229,9355.914529914531,18,True,South,9593.0,9837.166666666666,11450.416666666666,9895.25,10832.42857142857,,12.0,12.0,12.0,7.0,,24276,2022,8513.402227876311,0.7577101198721301,0.9551827800410005,0.986028964906439,0.9953820037848377,0.992417407346146,6342.045858334693,8552.04053656644,8805.022952195617,,
luvcarwash_000457::25,1,5109.622983477199,6140.540316194835,6368.431302595153,6634.069472630891,6777.357507819453,6360.241494378958,7423.445931222572,6801.615384615385,17,True,South,16354.0,11877.083333333334,15041.5,17134.75,17313.714285714286,,12.0,12.0,12.0,7.0,,24276,2022,6739.137228569588,0.803369335581514,0.9654571012156865,1.001287656800993,1.0430530788011645,1.0655817886489267,5322.831132869085,6934.320035227782,7143.311360065298,,
luvcarwash_000457::26,1,4625.117858800909,5033.219098651176,4781.609570509499,4551.57301598123,4454.889744755722,5088.009327307148,5088.009327307148,5253.0,13,False,South,12817.5,12713.666666666666,15914.25,15351.833333333334,12085.5,,12.0,12.0,12.0,10.0,,24273,2022,4099.719117238646,0.9090230699810398,0.9892314999577704,0.9397800324081141,0.8945685283148195,0.8755663478929769,3668.0478446879456,4259.767691969589,4118.456005636725,3841.8881635466023,
luvcarwash_000457::27,1,7320.89423124522,8394.633090999863,8327.823594395823,8260.16352412468,8233.118353330306,8598.740230929308,8598.740230929308,,0,False,South,22705.0,17735.5,24428.833333333332,24282.916666666668,21975.0,,12.0,12.0,12.0,11.0,,24272,2022,9004.235179459005,0.8513914869659942,0.9762631345467002,0.9684934502894958,0.960624847627472,0.9574795995948482,7587.33539825227,9168.197630512559,9392.348546765668,9142.32630859724,
luvcarwash_000457::28,1,7741.384416470119,10406.483361809054,10528.199241457847,10032.76404611674,9955.278250174157,10716.399423929195,7556.521656243823,11595.0,5,True,West,17404.5,17028.333333333332,20844.083333333332,19802.416666666668,17506.0,,12.0,12.0,12.0,6.0,,24277,2023,9457.86692734231,0.7223867000686803,0.9710802061531867,0.9824381142372217,0.9362066165352206,0.9289760353598344,6782.800423318837,9889.267546151244,10073.57214709651,,
luvcarwash_000457::29,1,9620.854236058023,13706.50577605425,14306.845725824309,14073.229150175854,14092.782110541992,14256.9671722536,8044.232699134388,16129.384615384615,5,True,West,13438.5,13176.75,15318.166666666666,14798.416666666666,12998.0,,12.0,12.0,12.0,6.0,,24277,2023,10851.735425137667,0.6748177308552541,0.9613900074575019,1.0034985388524833,0.9871124047732023,0.988483871799106,7269.955956501343,11028.043106942969,11640.45767200096,,
luvcarwash_000457::3,1,7782.486942953379,10605.324892144048,10611.812231343736,9921.95321884643,9715.982965670784,10947.571969236791,6701.006223788065,13405.153846153846,7,True,West,9792.0,13161.75,15687.416666666666,14650.833333333334,10825.916666666666,,12.0,12.0,12.0,12.0,,24271,2022,7846.414984446324,0.710887031829756,0.9687376271145351,0.9693302095810326,0.9063154137490579,0.887501173134387,5506.641277727596,8101.100920535935,8011.288524331773,7461.065647521455,
luvcarwash_000457::30,1,5417.245158712534,6948.320086572763,6866.876877864107,6389.769719103562,6306.963561462352,7093.836293525516,7093.836293525516,2973.6153846153848,7,False,West,12957.0,15807.916666666666,16624.0,14055.916666666666,12379.0,,12.0,12.0,12.0,5.0,,24278,2023,6400.602265979861,0.7636552261090106,0.9794869516391906,0.9680061103371453,0.9007495316653206,0.8890765589302736,4778.758400389906,6584.963484008537,6707.513788034423,,
luvcarwash_000457::31,1,5463.165583212743,6835.5288250743615,6633.961080932978,6035.040213969974,5906.5179872529925,6945.58761666948,6945.58761666948,9456.692307692309,6,False,West,11002.0,7568.416666666667,10543.416666666666,10933.5,10834.4,,12.0,12.0,12.0,5.0,,24278,2023,6846.8636832929715,0.7865663619448253,0.9841541425046635,0.9551331646888169,0.8689027548203145,0.8503986002677859,5354.820385054465,7181.60321423781,7001.025882628217,,
luvcarwash_000457::32,1,6728.902522408053,8511.05750753467,8370.405407106913,7745.467868697033,7639.424984561018,8666.240846794855,8666.240846794855,15939.76923076923,1,False,West,17664.5,17086.166666666668,21264.833333333332,18816.583333333332,18284.0,,12.0,12.0,12.0,4.0,,24279,2023,8955.25030854505,0.776449978873676,0.9820933502768298,0.9658634643419407,0.8937517437634608,0.881515425155349,6881.836672074469,9249.33721524429,9327.943477758809,,
luvcarwash_000457::33,1,6336.32777873382,7766.949762379238,7650.281963886407,7150.806810341586,7143.666541992384,7860.174997337864,7860.174997337864,13885.25,1,False,West,12604.5,12662.166666666666,11876.916666666666,12868.833333333334,11959.666666666666,,12.0,12.0,12.0,3.0,,24280,2023,7890.947556030735,0.8061306244300985,0.988139547148734,0.9732966462550077,0.9097516038464117,0.908843192983852,6253.997664156362,8323.845959332055,8055.862610974102,,
luvcarwash_000457::34,1,6310.556259677037,7917.143705235833,8235.701333670828,8439.776679869721,8496.322191526679,8279.959574865657,7127.209402766641,9203.444444444443,17,True,South,4239.0,2265.0833333333335,3620.1666666666665,4581.416666666667,4816.333333333333,,12.0,12.0,12.0,3.0,,24280,2023,7680.846878144023,0.7621481968140438,0.956181444323572,0.9946547756912754,1.019301676965815,1.0261308783822813,5751.216942181604,7830.55857261729,8087.567109473244,,
luvcarwash_000457::35,1,5688.026807468105,6995.105258467662,7308.172408951593,7616.860647362722,7764.393158482232,7283.433251223257,6700.03204689927,8112.879807692308,22,True,South,5116.5,3839.4166666666665,5481.75,5574.0,5387.0,,12.0,12.0,12.0,3.0,,24280,2023,6710.54756277215,0.7809540653801966,0.9604131756535051,1.0033966340975502,1.0457788771639345,1.0660347792956293,5218.828976979803,6721.811279296548,7289.42434976362,,
luvcarwash_000457::36,1,6042.447645829344,7532.363246539183,7871.759515299843,8156.079719380611,8272.6592058409,7866.479475913858,6514.176775347727,9171.375,31,True,South,5832.0,2889.1666666666665,5135.916666666667,6171.25,5564.0,,12.0,12.0,12.0,2.0,,24281,2023,6753.242928893758,0.7681260294812358,0.9575265872875286,1.0006712074190434,1.0368144662874252,1.051634245175458,5105.647629469846,6684.496301346972,7391.0661997389225,,
luvcarwash_000457::37,2,5108.912814043963,6171.006232196948,6182.572422643621,6076.749291021191,5988.104964432491,6399.2709881253595,8115.949953561283,6368.6,9,True,South,5697.5,5154.583333333333,5679.666666666667,6177.583333333333,,,12.0,12.0,12.0,,,24283,2023,7442.436440562598,0.7983585667061427,0.964329568734941,0.966136991872379,0.9496002438867416,0.9357479899732583,5898.7395651483375,7727.810136631784,7573.788912669406,,
luvcarwash_000457::38,1,7110.513805536452,8324.799377687448,8333.477038066789,8298.017749230603,8270.084926356965,8570.074431762474,8570.074431762474,,0,False,South,9790.5,11471.333333333334,11128.666666666666,9826.333333333334,,,12.0,12.0,12.0,,,24283,2023,8827.760507825902,0.8296910210235062,0.9713800555610129,0.9723926092381641,0.9682550385416056,0.9649956942854913,7271.31619596881,9064.406618302115,9041.730190120184,,
luvcarwash_000457::39,1,4857.197701554881,5959.345659328279,5976.3732209698455,5844.80421332332,5734.07583855089,6201.714166581506,7612.697963808381,6246.453846153847,8,True,South,5172.5,4201.75,5568.416666666667,5944.5,,,12.0,12.0,6.0,,,24289,2024,7082.937217215912,0.7832024454993954,0.9609191103067517,0.9636647321113362,0.942449789901407,0.9245953109947364,5476.490613868336,7253.8208095185055,,,
luvcarwash_000457::4,1,6776.679805638713,9109.046599760874,8968.951495431504,8221.38027680041,7981.264637159501,9380.210196529277,5958.742885721383,11770.615384615385,5,True,West,13819.5,8916.5,15370.916666666666,14446.916666666666,12392.4,,12.0,12.0,12.0,10.0,,24273,2022,6578.731795203714,0.7224443443864529,0.9710919487850352,0.9561567712789698,0.8764601330407671,0.8508620244045925,4646.687670307311,6710.214604267162,6597.948983393179,6024.659833067319,
luvcarwash_000457::40,2,6622.941081861765,8488.740428895579,8809.642417405705,8902.340563420548,8866.8046902238,8918.82177156769,9427.65103726596,8573.608974358975,12,True,South,9700.0,5830.636363636364,8863.75,10398.583333333334,8033.0,,11.0,12.0,12.0,1.0,,24282,2023,10827.761435823782,0.7425802702970294,0.9517782333039587,0.9877585451354082,0.9981520868373353,0.9941677182618769,7994.658953777882,10983.507408476069,11322.071468102971,,
luvcarwash_000457::41,1,6793.994311857888,8433.066567542013,8651.685409139685,8711.456702795535,8685.450402708093,8798.818200839434,7909.982711146037,9171.375,19,True,South,7661.0,4751.5,7833.333333333333,8825.142857142857,,,12.0,12.0,7.0,,,24288,2023,8871.330751686093,0.7721485041263518,0.9584317319725362,0.9832781189085471,0.9900712236518803,0.9871155653471139,6779.579460457078,8941.905359769926,,,
luvcarwash_000457::42,1,11154.917249844935,13952.884239806905,14789.322906092086,15647.022326246268,16069.300118395257,14582.7127249132,10524.360558146118,16091.777777777776,4,True,South,11265.0,6882.583333333333,10931.416666666666,12287.3,,,12.0,12.0,10.0,,,24285,2023,14719.865098155044,0.7649411642586775,0.9568099230241097,1.0141681582210633,1.0729843357275217,1.1019417595014651,11070.188092630877,15035.092254214724,15957.612525154782,,
luvcarwash_000457::43,1,4900.000700788104,5943.0745755892285,6194.112086094195,6491.401617963323,6655.97052622994,6168.703708787214,7726.673470398966,6246.453846153847,8,True,South,4808.0,7038.5,6212.5,5216.111111111111,,,12.0,12.0,9.0,,,24286,2023,6895.254346285648,0.7943323155249191,0.9634235742467935,1.0041189167945912,1.0523121103573885,1.07899014775967,5381.009243166695,7082.896298342804,,,
luvcarwash_000457::44,1,6743.392532040729,7960.066903235024,8917.77162247515,9851.194246156394,10465.124586239986,8494.28413378178,8494.28413378178,8502.0,1,False,Northeast,12610.0,12372.0,13223.333333333334,11975.75,,,12.0,12.0,4.0,,,24291,2024,10069.341144970489,0.7938741424038603,0.9371086224415105,1.0498555831219676,1.1597439043719033,1.23201960535087,7960.536309343747,9841.498611359684,,,
luvcarwash_000457::45,1,4756.893611265614,5807.049427496411,5839.759785943653,5746.0221891505935,5659.713181664221,6036.391511963248,6932.971738112737,6124.307692307692,7,True,South,10406.0,10270.583333333334,11318.25,11849.142857142857,,,12.0,12.0,7.0,,,24288,2023,6052.4712558073,0.7880359651686183,0.962006757843272,0.9674256175017972,0.95189687046687,0.9375987575437237,4694.4504320859605,6018.8889634991365,,,
luvcarwash_000457::46,1,6218.255468418927,6984.099050147003,7108.7796078038555,6926.270821627962,6853.187774808295,7371.241980111557,7371.241980111557,12249.0,1,False,Northeast,8491.0,6352.75,8831.833333333334,8789.5,,,12.0,12.0,4.0,,,24291,2024,8553.759326705442,0.8435831417821423,0.9474792808309497,0.9643937381223063,0.939634167527782,0.9297195497446658,7163.594867247483,8726.549847502603,,,
luvcarwash_000457::47,1,6321.840110798337,7099.755241297676,7069.951453010045,6652.472662655743,6446.499635118936,7493.144065411875,7493.144065411875,,0,False,Northeast,10904.5,7063.25,10985.75,12824.25,,,12.0,12.0,4.0,,,24291,2024,8692.00573646316,0.8436832463931607,0.9475001653938471,0.9435226910483046,0.8878079220928574,0.8603197241163134,7280.237163270803,8705.604903588415,,,
luvcarwash_000457::48,2,4779.2492791949535,5880.991288086868,5957.573072105435,5906.2095466423825,5838.682281313326,6124.212304816228,7095.672050020613,6116.2692307692305,6,True,South,7435.0,9299.583333333334,8339.666666666666,8598.75,,,12.0,12.0,8.0,,,24287,2023,6435.317227153185,0.7803859568089168,0.9602853388119668,0.9727900953760626,0.9644031350770771,0.9533768574158745,4957.860768724403,6586.2294841979065,,,
luvcarwash_000457::49,2,4766.348152471445,5824.961038344442,5881.617284276729,5819.553480975555,5750.374954255884,6056.506849915366,7016.914688691698,6124.307692307692,7,True,South,9274.5,10246.416666666666,10323.5,10757.333333333334,,,12.0,12.0,6.0,,,24289,2024,6404.475010924637,0.7869797344550268,0.9617690828543917,0.9711236906070567,0.9608762319911978,0.9494540494635518,4927.69693372007,6367.366095925138,,,
luvcarwash_000457::5,1,8094.907469762208,10801.464425948445,10591.60949820142,9663.38185395371,9367.253721436482,11108.383953179658,7785.386264067501,13080.53846153846,6,True,West,8517.0,11646.083333333334,13992.833333333334,12124.0,8641.0,,12.0,12.0,12.0,12.0,,24271,2022,9122.139802131402,0.7287205325168047,0.9723704610387219,0.9534788807124085,0.869917883166765,0.8432598081699547,6599.39051264839,9316.705253314598,9367.818866377696,8325.785238619219,
luvcarwash_000457::50,2,4766.348152471454,5824.961038344453,5881.617284276738,5819.553480975565,5750.374954255894,6056.506849915377,7016.914688691711,6124.307692307692,7,True,South,5882.5,5743.75,6741.083333333333,6599.2,,,12.0,12.0,5.0,,,24290,2024,6324.8247446362,0.7869797344550269,0.9617690828543918,0.9711236906070564,0.9608762319911976,0.9494540494635518,4899.1194503349925,6344.385370274679,,,
luvcarwash_000457::51,1,9113.534637433748,12955.914810480652,13455.294155892092,13352.72810221859,13501.411667956876,13471.40232932245,8110.09445247682,16283.223214285714,4,True,West,20701.0,19328.333333333332,20028.583333333332,18114.0,,,12.0,12.0,1.0,,,24294,2024,11086.91175133107,0.6765097214561564,0.9617346801587414,0.998804268996161,0.991190655270866,1.002227632870047,7469.202753672518,11382.625944782032,,,
luvcarwash_000457::52,1,6743.713642227206,8767.713361036725,8435.928759342505,7545.608257810753,7273.6372146649,8974.083213845412,8974.083213845412,,0,False,West,20386.5,18773.5,20827.666666666668,19669.0,,,12.0,12.0,1.0,,,24294,2024,10153.002672792898,0.7514654680071227,0.9770037954974282,0.9400323752656282,0.8408221851753306,0.8105159091285196,7551.212260472049,10418.966138646934,,,
luvcarwash_000457::53,1,5545.957354460352,6585.78642712973,6768.612468393068,6992.339212985313,7116.955864741936,6802.537339233307,7314.995982927829,7054.384615384615,23,True,South,7829.0,3923.25,8389.25,9221.666666666666,,,12.0,12.0,3.0,,,24292,2024,7482.920993204697,0.8152777526812399,0.9681367552584422,0.9950129092795157,1.0279016290961511,1.0462207717251673,6037.95539941828,7721.016286067351,,,
luvcarwash_000457::54,1,7770.802878450544,9739.359558566715,10027.970868074435,10108.722552822068,10075.705149156747,10183.443419471389,10264.810225013896,10207.26923076923,10,True,South,14453.0,14354.416666666666,15311.666666666666,15334.0,,,12.0,12.0,5.0,,,24290,2024,12383.277714097594,0.7630820497899833,0.9563915816475637,0.9847328113887607,0.9926625146749036,0.9894202514928655,9290.305340529218,12455.221951621654,,,
luvcarwash_000457::55,1,9775.620561223015,14493.60290947766,15294.030670205144,15309.003466664226,15433.13377549994,15174.005593116535,9102.548757330622,18610.131868131863,4,True,West,30447.0,26077.5,29199.166666666668,26883.0,,,12.0,12.0,1.0,,,24294,2024,12610.586981282899,0.6442346749666141,0.9551599820190175,1.0079099138557757,1.0088966537358421,1.0170771113001933,7981.612044840575,12858.43214399174,,,
luvcarwash_000457::56,1,9799.01411705003,14486.996316939774,15404.970267283526,15567.018812454948,15770.766485589407,15160.203280186632,8742.643041277755,20351.69230769231,5,True,West,16731.5,15362.25,18316.75,16084.666666666666,,,12.0,12.0,3.0,,,24292,2024,13894.643181723826,0.6463642957780575,0.9555938036710435,1.0161453631309014,1.0268344378205005,1.0402740777361963,8943.641310047224,14156.76578800258,,,
luvcarwash_000457::57,1,10428.412012206398,14964.284011695188,15526.91816376764,15240.511874910835,15251.89973904944,15583.875936679491,8844.594494472183,20508.666666666668,3,True,West,18755.5,17408.083333333332,18218.916666666668,,,,12.0,12.0,,,,24295,2024,12524.432926129724,0.6691796093975074,0.9602414747459597,0.9963450830112301,0.9779667097477024,0.9786974563337812,8249.103522394005,12543.212449824476,,,
luvcarwash_000457::58,1,6946.191632061097,8781.131475127828,8314.6890715568,7296.22768570434,6990.997198389203,8940.307823426816,8940.307823426816,19860.416666666668,2,False,West,18535.5,18431.916666666668,18577.916666666668,,,,12.0,12.0,,,,24295,2024,10026.440414422259,0.7769521776263209,0.9821956523821374,0.9300226833095534,0.8161047505082101,0.7819638133790293,7733.697188542233,10180.058125944726,,,
luvcarwash_000457::59,1,9691.044779687398,14271.876315653715,15153.63696656574,15370.8765202442,15641.117456763566,14925.805753108423,9140.10194706914,18610.131868131863,4,True,West,26980.0,26984.416666666668,25968.25,,,,12.0,12.0,,,,24295,2024,12746.815189336276,0.6492811805264956,0.9561879976015015,1.015264248860392,1.0298188770842798,1.047924495031444,8216.381613826243,13123.836243117385,,,
luvcarwash_000457::6,1,8447.33699898182,11455.19151076008,11199.030123016004,10115.903564544677,9718.849197260648,11814.679986172096,8181.028663838827,13897.807692307691,4,True,West,15987.0,15021.916666666666,18827.833333333332,17825.0,15665.416666666666,12245.0,12.0,12.0,12.0,12.0,1.0,24270,2022,9978.119245322949,0.7149865259887348,0.9695727285180165,0.9478911097146391,0.8562147748719672,0.822607908858775,7043.061292264967,10226.540336310332,10344.522665638391,9029.994378450794,
luvcarwash_000457::61,1,10255.204627970015,15148.723401130432,16335.037300525946,16920.21117620696,17410.36253495941,15850.55489971475,9041.43511073888,20351.69230769231,5,True,West,18770.0,20338.333333333332,20712.583333333332,18770.0,,,12.0,12.0,2.0,,,24293,2024,12756.087172751226,0.646993413975341,0.9557219603335811,1.0305656428987173,1.067483837837845,1.098407131177012,8068.89833568271,12993.185655032812,,,
luvcarwash_000457::62,1,8260.732966436388,10387.28372009268,10662.55742586071,10686.988322583142,10611.693550324197,10868.663120704954,9790.850968912737,11219.615384615385,13,True,South,5426.5,4080.3333333333335,5810.25,5224.5,,,12.0,12.0,2.0,,,24293,2024,12284.544492624102,0.7600505117045699,0.9557094193401543,0.9810367022553482,0.9832845313076528,0.9763568373104483,9283.663071023895,12331.582114016279,,,
luvcarwash_000457::63,1,7570.627064607717,9716.94364749242,10087.46780619952,10192.352032776576,10149.537288241556,10212.280625828624,9124.912962664355,10241.653846153846,12,True,South,10444.5,5731.583333333333,10941.0,8759.0,,,12.0,12.0,1.0,,,24294,2024,11277.855745962026,0.7413257960675593,0.9514959491924448,0.9877781639378935,0.9980485658608279,0.9938560895566874,8219.753342958691,11436.682885912473,,,
luvcarwash_000457::7,1,8054.992595638476,11010.28001567864,11035.65139713826,10337.29216181346,10128.40122833464,11371.692940304363,7533.501689765193,13405.153846153846,7,True,West,12905.5,12126.583333333334,14459.0,14589.416666666666,12512.333333333334,10470.0,12.0,12.0,12.0,12.0,1.0,24270,2022,8874.910867669496,0.7083371524295559,0.9682181952570336,0.9704492950231639,0.9090372221690312,0.8906678435219474,6176.113058446522,9036.855823970098,9337.313664722837,8451.283428984052,
luvcarwash_000457::9,2,6908.675461851416,8147.947433759284,8182.314112292173,8159.000398978326,8131.675420481086,8402.574732439922,8402.574732439922,,0,False,South,8121.5,4702.666666666667,7399.083333333333,8180.166666666667,8415.416666666666,6541.0,12.0,12.0,12.0,12.0,1.0,24270,2022,8537.730997299825,0.822209344378576,0.9696965148435283,0.9737865324425636,0.9710119408374643,0.9677599639890173,6896.616733568739,8838.018341632738,9000.546200254854,8730.11942478487,
magicbrush_000533::1,1,3129.8350253741114,3780.791564022531,3671.620719566424,3449.4658335794243,3499.0813730583704,3814.936817954219,3814.936817954219,,0,False,West,1021.0,876.8333333333334,1012.75,1068.909090909091,,,12.0,12.0,11.0,,,24284,2023,2589.8126086784746,0.8204159530622326,0.9910495886141574,0.9624329038129001,0.9041999902449812,0.9172055895108565,2115.884970828123,2736.5730781102584,2726.1021104224214,,
magicbrush_000533::2,2,3070.9573225429976,3684.473512909202,3480.827830546937,3049.878112359226,2949.1204796118477,3712.5922183938033,3712.5922183938033,2009.076923076923,1,False,West,4528.5,3557.25,4047.25,4393.5,4848.0,,12.0,12.0,12.0,1.0,,24282,2023,2089.0811139252833,0.8271733446318542,0.9924261260514179,0.9375734327355953,0.8214955839342651,0.794356154979967,1700.8178980944851,2162.3387866033545,2096.846659922676,,
magicbrush_000533::3,1,3070.957322543003,3684.473512909208,3480.8278305469435,3049.878112359231,2949.1204796118527,3712.5922183938096,3712.5922183938096,2009.076923076923,1,False,West,1605.5,1429.4166666666667,2036.1666666666667,1560.0833333333333,,,12.0,12.0,12.0,,,24283,2023,2141.6742490847764,0.8271733446318543,0.9924261260514178,0.9375734327355955,0.821495583934265,0.794356154979967,1758.7173328085235,2197.1366914039377,2165.464884884498,,
magicbrush_000533::4,1,5626.618262833867,7613.570145275528,7759.42226307292,7454.376899336319,7423.329161419114,7849.487329285761,7849.487329285761,5756.076923076924,2,False,West,8681.0,5760.833333333333,7922.25,8316.916666666666,8668.666666666666,,12.0,12.0,12.0,3.0,,24280,2023,7295.48344350389,0.7168134716061569,0.9699448926899918,0.9885259938089439,0.9496641738021133,0.9457087896330901,5191.661074695422,7619.333133858076,7564.493202988551,,
magicbrush_000533::6,1,3965.515216321168,5099.828801365994,5192.327495189613,5058.748925649881,5129.0812457436,5209.242856669284,5568.532127974585,5834.384615384615,3,True,West,3422.0,2702.3333333333335,3278.0833333333335,3393.1428571428573,,,12.0,12.0,7.0,,,24288,2023,4306.020052301989,0.7612459863037873,0.978996169248817,0.9967528176464234,0.9711102102243652,0.9846116579450592,3236.0556707902115,4456.118125105138,,,
magiccitycw_000357::1,1,5256.291682384965,5805.975691379127,5876.242072472931,5703.131643127788,5729.225060469468,6087.967993995444,6087.967993995444,,0,False,Midwest,6332.5,5542.0,5616.5,6159.833333333333,5933.416666666667,7036.375,12.0,12.0,12.0,12.0,8.0,24263,2021,4631.142932235727,0.8633901636094735,0.9536803900916618,0.9652222347864939,0.9367873892820693,0.9410734527711375,3909.2386758946122,4707.145663480665,4732.078283401849,4607.052145460946,
magictunnel_000072::14,1,6317.202775368912,7353.68280414208,7451.218325745723,7122.860560436923,7013.053725595991,7763.752362243188,7763.752362243188,10644.96153846154,2,False,Midwest,5153.5,4470.75,6068.333333333333,3189.0,,,12.0,12.0,5.0,,,24254,2021,6544.472269346699,0.8136790665929582,0.9471815252511961,0.95974446093652,0.917450767115775,0.9033072409292693,5294.752108312057,6510.910501039389,,,
magictunnel_000072::15,1,6423.712885808346,7933.7057693142015,8121.700941198578,8167.042140934958,8140.521887508886,8268.61656520289,8268.61656520289,,0,False,South,7690.0,8475.416666666666,8681.166666666666,1984.25,,,12.0,12.0,4.0,,,24258,2021,8552.309859289075,0.7768787964895462,0.9594961511097145,0.9822321397000578,0.9877156688223528,0.9845083301802783,6575.818916132339,8745.673595970788,,,
magnolia_000414::1,2,7764.855118078172,9566.601123857768,10573.884943694497,12029.662013607662,12936.10378092601,9964.985267757544,8962.861746701059,10355.384615384615,3,True,South,7993.0,10703.416666666666,11310.083333333334,10012.916666666666,8546.166666666666,8919.0,12.0,12.0,12.0,12.0,3.0,24268,2022,10099.52703648943,0.7792139084441944,0.9600216023210012,1.0611039213381572,1.2071931558725464,1.2981558359932295,7737.147380222841,10196.75901017268,11455.474169165054,12976.415571698773,
magnolia_000414::10,1,5663.964003077604,6807.609928661681,6891.467761218083,6896.26976795146,6873.470524796248,7051.389185861327,7051.389185861327,,0,False,South,11127.0,10447.75,9095.833333333334,9824.416666666666,10834.181818181818,,12.0,12.0,12.0,11.0,,24272,2022,6510.545334054241,0.8032408726544783,0.9654281942502272,0.9773205789060827,0.978001580423203,0.974768282337639,5199.732759699508,6701.633427569343,6853.068831822964,6670.124252156827,
magnolia_000414::11,1,6123.811203843431,7278.794583317719,7654.637058736625,8220.700533268762,8576.864949539406,7519.99843896816,7519.99843896816,6966.692307692308,1,False,South,7208.5,8266.916666666666,8880.666666666666,7824.833333333333,7899.818181818182,,12.0,12.0,12.0,11.0,,24272,2022,7260.086065560199,0.8143367652990757,0.9679250125371651,1.0179040754943214,1.0931784893291476,1.1405407885584962,5851.388867282904,7390.325986346884,8011.866821149215,8388.589045794999,
magnolia_000414::12,1,6253.0852634494695,7488.090175402351,7568.731935907326,7569.016080331229,7544.024240718721,7749.6535489324915,8869.51138437109,7883.307692307692,3,True,South,6853.0,10874.833333333334,9842.833333333334,7672.25,7351.916666666667,,12.0,12.0,12.0,12.0,,24271,2022,8852.156138280805,0.8068857819212869,0.966248378475426,0.9766542321043388,0.9766908975400397,0.973465999877879,7022.379021058355,9041.437784060925,9311.520096290626,9071.026326939864,
magnolia_000414::13,1,6750.323096920606,8252.87283252954,8413.689138358935,8445.557262334774,8417.95072968424,8581.70237883563,8581.70237883563,,0,False,South,8133.5,5920.5,7213.0,8025.833333333333,8399.09090909091,,12.0,12.0,12.0,11.0,,24272,2022,9004.834310854623,0.7865948734796946,0.9616824807258457,0.9804219217749789,0.9841354185346,0.9809185122109062,6958.859274102099,9244.512782500788,9655.884344188242,9259.52633693808,
magnolia_000414::14,1,3455.5272240916424,4016.954955165003,3901.678025836255,3719.058363702065,3613.172846446359,4128.2814045500545,6479.20228202162,4126.5,4,True,South,10771.5,6483.083333333333,9930.333333333334,11238.166666666666,11835.714285714286,,12.0,12.0,12.0,7.0,,24276,2022,4467.936759311028,0.8370377126624835,0.9730332217027765,0.9451095125288589,0.90087326886269,0.8752244559840422,3701.3929401290634,4633.4159142723365,4577.983793595018,,
magnolia_000414::16,2,7165.7788368895235,8609.644745124304,8714.420008770694,8719.929341431654,8691.094221468864,8917.233815719146,8917.233815719146,,0,False,South,8629.0,8180.5,8762.416666666666,8562.416666666666,9685.4,,12.0,12.0,12.0,10.0,,24273,2022,9522.190294827924,0.8035876354680542,0.9655062234599445,0.977255972968777,0.977873802754876,0.9746401632026686,7523.037726368132,9668.788211633444,10177.673288724878,9876.544213163157,
magnolia_000414::17,2,7250.14233605918,8511.295866283623,8884.863439211795,9444.313675111933,9791.484874188436,8767.704972046715,8767.704972046715,7866.5,2,False,South,9658.5,13750.416666666666,11853.166666666666,9402.583333333334,10655.5,,12.0,12.0,12.0,10.0,,24273,2022,9126.473918255884,0.8269144957744536,0.9707552767137377,1.0133625010807965,1.0771705600521901,1.1167671477776393,7414.37996166532,9457.783615300834,10026.582824216512,10314.251426780187,
magnolia_000414::18,1,6184.139755712787,6846.39454979977,6552.126586020174,6249.0025161425265,6108.794689842634,6951.6464314557,6951.6464314557,4349.115384615385,2,False,South,8510.0,7795.083333333333,8787.25,8578.916666666666,8521.363636363636,,12.0,12.0,12.0,11.0,,24272,2022,6101.695865121602,0.8895935397016165,0.9848594311155308,0.9425287448988017,0.8989241006082013,0.8787550906215221,5405.44923776341,6407.197754762925,6057.654677411763,5738.404686957548,
magnolia_000414::19,2,5764.1579077858405,6922.658950321369,6897.835013058295,6737.066834480655,6617.061362227643,7169.275500375629,7169.275500375629,6407.538461538462,2,False,South,4386.0,3315.8333333333335,4722.75,4534.916666666667,4480.583333333333,,12.0,12.0,12.0,12.0,,24271,2022,6746.388508365418,0.8040084256050464,0.9656009104349054,0.9621383656824023,0.9397137596578163,0.922974903374957,5338.729674534166,6794.214611070322,7027.025259522866,6676.057684700663,
magnolia_000414::2,2,7742.409016163217,9751.943139306995,10351.069693077152,10940.127849265577,11220.353769343792,10207.622428949362,9323.333767321705,10925.53846153846,3,True,South,8515.0,12059.75,11422.583333333334,9234.75,9079.833333333334,10100.666666666666,12.0,12.0,12.0,12.0,3.0,24268,2022,11127.666540785283,0.7584928880407382,0.9553589199821855,1.0140529555365376,1.071760630393106,1.0992132445575447,8379.183738168198,10989.454589936438,12080.107933446985,12664.726334690582,
magnolia_000414::20,1,6311.732125079164,7970.619439656089,8448.892295654527,8903.25931789143,9113.408603970072,8347.771983574139,7662.800841129703,9203.444444444443,25,True,South,2772.0,4234.416666666667,3605.25,2930.9166666666665,3151.5,,12.0,12.0,12.0,10.0,,24273,2022,8325.50217182677,0.7560978111882694,0.954819975358674,1.0121134492268549,1.0665431848654132,1.0917174812515809,6249.345233945488,8559.48746106054,9087.241554632634,9450.740276371916,
magnolia_000414::21,1,7130.768933189199,8912.244740010561,9258.895668831035,9485.99471268898,9551.854994314275,9312.907740762392,8907.922727709254,9171.375,19,True,South,6502.5,7045.25,6103.666666666667,6429.166666666667,7075.5,,12.0,12.0,12.0,10.0,,24273,2022,10160.10412745869,0.765686628890135,0.9569776688543646,0.9942002999025807,1.0185857067142403,1.0256576420816472,7680.051682287641,10277.78709427976,10595.213579657679,10841.084680706606,
magnolia_000414::22,1,6019.96343398804,7021.91983014057,7017.884633460373,6982.9753286537525,6959.407818077204,7222.416870407972,7222.416870407972,,0,False,South,8453.0,8872.333333333334,9773.5,9264.166666666666,9018.111111111111,,12.0,12.0,12.0,9.0,,24274,2022,6938.495994253595,0.8335109343595659,0.9722396195255791,0.9716809150430491,0.9668474492610264,0.9635843434337914,5654.231017299725,7189.608747967487,7137.159996029738,,
magnolia_000414::23,1,4652.546557073331,5614.537568240773,5615.075525344281,5506.9015420318865,5420.203996867378,5820.97735544741,7096.777542350045,6124.307692307692,11,True,South,6187.5,6117.916666666667,8263.25,7498.25,6961.444444444444,,12.0,12.0,12.0,9.0,,24274,2022,6077.96251612152,0.7992724027210596,0.9645352018053384,0.9646276187777227,0.9460441444388021,0.9311501601694122,4830.262046695913,6157.578751701929,6267.175037963885,,
magnolia_000414::24,1,6061.989801729887,7387.110966038873,7442.29220300485,7348.200769774121,7253.880039541834,7675.765533234478,8011.559661027746,8088.461538461538,5,True,South,5559.0,7976.583333333333,9216.833333333334,7377.25,6156.222222222223,,12.0,12.0,12.0,9.0,,24274,2022,8006.736427421576,0.7897570314625589,0.9623940353641873,0.9695830560197889,0.9573248085755004,0.9450366882800201,6258.383654062619,8212.493810442667,8361.250455313064,,
magnolia_000414::25,2,7722.463404212825,9422.447108613302,9688.543612732728,9873.63079760958,9934.563501251929,9793.43163432293,8930.874630484579,10083.0,4,True,South,3390.0,6389.25,6297.666666666667,4383.916666666667,3274.4444444444443,,12.0,12.0,12.0,9.0,,24274,2022,10039.790798219276,0.7885349786021882,0.962119046769118,0.9892899623434751,1.0081890767487034,1.0144108696725238,7783.389496322131,10158.593665877504,10863.045078523885,,
magnolia_000414::26,1,6648.273886950296,8178.591403381382,8560.666847051307,8948.805333195283,9138.77432665194,8516.302429168312,7563.065046681031,9187.409722222224,22,True,South,5205.5,3885.0,4770.75,5279.0,6600.6,,12.0,12.0,12.0,5.0,,24278,2023,8210.635076916631,0.7806526297351744,0.9603453460470978,1.0052093520928809,1.0507852918122835,1.073091802770139,6297.175447847035,8417.45460611129,8947.843301262783,,
magnolia_000414::27,1,6233.707191841018,7609.215447538172,7752.468467658481,7779.64038157056,7754.18413321541,7909.572917587539,7909.572917587539,,0,False,South,10992.0,8842.0,9941.666666666666,10795.416666666666,10717.375,,12.0,12.0,12.0,8.0,,24275,2022,7878.591752704282,0.7881218438456891,0.9620260824220358,0.9801374294711002,0.9835727494555282,0.9803543394831583,6183.460316797799,8081.254191773831,8133.826848639587,,
magnolia_000414::28,1,11154.917249844952,13952.884239806932,15153.59490327661,16695.991270588635,17592.728091759946,14582.712724913228,10524.360558146136,16091.777777777776,4,True,South,4456.5,6557.666666666667,5056.416666666667,4798.666666666667,4999.875,,12.0,12.0,12.0,8.0,,24275,2022,15253.59965222619,0.7649411642586772,0.9568099230241097,1.0391478724934409,1.1449166959220876,1.2064098377049135,11484.348412443056,15221.878853549826,17159.804311277643,,
magnolia_000414::3,2,5483.847862263442,6411.267443638128,6802.544581910505,7499.894314366654,7982.791805604596,6597.940950189808,6597.940950189808,4304.153846153846,1,False,South,7042.0,6538.25,6458.166666666667,6830.75,7159.75,8653.333333333334,12.0,12.0,12.0,12.0,3.0,24268,2022,5724.401626467847,0.8311453381688243,0.9717073086950998,1.0310102247451625,1.1367022486236253,1.2098913685147408,4723.3830591333635,5750.042290111226,6318.284033726096,6826.954951475669,
magnolia_000414::39,2,7125.522325585823,8402.556710480869,8815.526355144428,9471.128696567836,9893.731683706475,8664.86460184173,8664.86460184173,8471.76923076923,1,False,South,5953.5,5667.833333333333,7511.333333333333,6357.333333333333,6486.625,,12.0,12.0,12.0,8.0,,24275,2022,8789.498267128538,0.8223466439477061,0.9697274102465367,1.0173876638846353,1.0930498203693493,1.1418218446949013,7175.713772948411,9177.609648395908,9631.218490330588,,
magnolia_000414::4,1,6122.928630352234,7654.918919647343,7687.495396885977,7496.855794771818,7339.652104131409,7999.585328563192,7999.585328563192,,0,False,South,11838.0,7952.5,10684.0,11583.833333333334,11519.5,14573.0,12.0,12.0,12.0,12.0,3.0,24268,2022,7851.218425285281,0.7654057527819351,0.9569144655929616,0.9609867363295855,0.9371555508013227,0.9175040708578436,5932.581354186072,7941.6333771852305,8065.077928816455,7697.79485946018,
magnolia_000414::40,2,7030.303509610178,8251.718520650316,8269.383498835205,8238.226236174196,8210.543685268134,8499.94178357759,8499.94178357759,,0,False,South,12229.0,7650.25,10608.333333333334,12591.083333333334,13268.57142857143,,12.0,12.0,12.0,7.0,,24276,2022,8875.461786844859,0.8271001953440619,0.970797063174379,0.9728753101359073,0.9692097247172864,0.96595293171671,7177.050254001371,9183.030200799614,9140.807400384674,,
magnolia_000414::41,1,7615.012418112528,8497.399263258018,8561.30081542546,8875.860814852656,9135.568148670523,8645.361893699357,8645.361893699357,7836.326923076923,2,False,South,6499.0,6107.083333333333,6289.083333333333,6877.333333333333,6377.0,,12.0,12.0,12.0,2.0,,24281,2023,9297.206641339566,0.8808205499948203,0.9828853167443259,0.9902767426849812,1.0266615699825457,1.056701646616832,8142.500224128999,9598.186982579857,9841.54262942072,,
magnolia_000414::42,1,7007.617945026975,8512.712170160818,8655.785410492854,8678.615062473218,8650.126617948934,8839.058246849478,8839.058246849478,,0,False,South,3981.5,6458.5,5189.333333333333,4273.916666666667,4264.142857142857,,12.0,12.0,12.0,7.0,,24276,2022,9589.758808946872,0.7928014217492811,0.9630790896977084,0.9792655697882805,0.9818483847605093,0.9786253666822611,7524.631808795549,9843.198386922251,9891.622215728114,,
magnolia_000414::43,1,6932.651481900927,8325.284118545009,8424.79267249914,8429.324766048945,8401.441008696363,8621.69748217525,8621.69748217525,,0,False,South,4324.5,3622.0,4084.3333333333335,4681.666666666667,4433.0,,12.0,12.0,12.0,2.0,,24281,2023,9142.920414004217,0.8040935669841923,0.9656200691055264,0.9771617120545928,0.9776873734523831,0.9744532356958416,7227.942094786807,9284.7739853676,9671.949395563162,,
magnolia_000414::44,1,5329.007693427556,6345.650934191406,6586.274800072094,6908.652783053035,7097.855659280195,6558.722375120478,7705.618107412131,6752.192307692308,14,True,South,6548.5,4599.75,6875.416666666667,6867.833333333333,4871.0,,12.0,12.0,12.0,1.0,,24282,2023,7300.464035107298,0.8125069775239063,0.9675132703074418,1.0042008829427103,1.0533534411000478,1.0822009613038108,5827.587207010327,7540.219574897319,7848.327935182832,,
magnolia_000414::45,1,7758.753862372691,8986.266047353709,8993.86643653467,9026.04553292845,9055.494339145458,9227.154441467568,9227.154441467568,8885.76923076923,1,False,South,5738.5,3996.25,5459.333333333333,6120.75,,,12.0,12.0,12.0,,,24283,2023,10089.249710912836,0.8408609514006,0.9738935339554644,0.9747172320120184,0.9782046664749299,0.9813962036279944,8435.307382255138,10320.582946800421,10605.470815891304,,
magnolia_000414::46,1,4536.398166608139,4920.314724610267,5007.391527605731,4950.5816607846,5050.9557467833165,5146.554230159596,5146.554230159596,3255.4615384615386,1,False,Midwest,3894.0,3311.3333333333335,3962.0,4357.545454545455,,,12.0,12.0,11.0,,,24284,2023,3256.058090604131,0.881443770673619,0.9560405864911458,0.9729600240606909,0.9619215963514837,0.9814247593436288,2858.09311325838,3319.0347365110556,3322.9576641813387,,
magnolia_000414::47,1,6445.757327023167,7802.94915925257,7922.674466816044,7938.5727919811825,7912.453250983152,8095.658364826522,8095.658364826522,,0,False,South,3770.5,3174.8333333333335,4042.0,4382.090909090909,,,12.0,12.0,11.0,,,24284,2023,8273.375456009353,0.7961992757782695,0.963843681096315,0.9786325101412323,0.9805963189445055,0.9773699549082571,6440.230585971784,8498.767302803564,8571.143977975235,,
magnolia_000414::48,1,5380.3643770587305,6372.067787853616,6716.61432844365,7253.358497135049,7596.768972602785,6577.660605108822,6577.660605108822,6048.675,2,False,South,4970.0,4254.7,4944.75,5337.333333333333,4627.5,,10.0,12.0,12.0,2.0,,24281,2023,6152.589339597686,0.8179753714990767,0.9687437784346119,1.0211250977630106,1.1027261715968466,1.1549347752455377,4996.251069036745,6417.748302740124,6766.5541599441685,,
magnolia_000414::49,1,3495.6967078362436,4127.7466226395,4071.239037775766,3944.610384068131,3862.8971001011546,4257.9552438982155,6746.625450003016,4239.692307692308,4,True,South,6653.5,3893.8333333333335,5012.833333333333,6732.7,,,12.0,12.0,10.0,,,24285,2023,4804.296305214403,0.8209801436606661,0.969419917824334,0.9561488565691197,0.9264095459248621,0.9072188125126041,3927.824314230925,4965.752236340755,4818.290290785037,,
magnolia_000414::5,1,6658.653838315334,8189.630083458375,8369.563518054269,8410.147495609388,8382.76387206197,8527.393508549181,8527.393508549181,,0,False,South,9157.0,9889.333333333334,10370.75,9013.75,9261.666666666666,9450.5,12.0,12.0,12.0,12.0,2.0,24269,2022,8997.266071925555,0.780854528601227,0.9603907777033885,0.9814914146583386,0.9862506623129039,0.9830394086607811,6914.912367824009,9012.15788786002,9658.293186240327,9271.62920235112,
magnolia_000414::50,1,6920.6859561519495,8330.712459308865,8438.68529392623,8446.918673984432,8419.021423230408,8632.046708001992,8632.046708001992,,0,False,South,5060.5,4797.833333333333,5544.583333333333,5194.272727272727,,,12.0,12.0,11.0,,,24284,2023,9412.744213082702,0.801743339703712,0.9650912166156623,0.9775995866778021,0.9785534021907059,0.9753215787660061,7491.999087293605,9390.529758111159,9976.136104384377,,
magnolia_000414::51,1,6866.633483116079,8381.984714435564,8539.862739042,8569.82790320062,8541.786436830562,8712.888739893577,8712.888739893577,,0,False,South,7233.0,5757.166666666667,6849.166666666667,7668.0,,,12.0,12.0,10.0,,,24285,2023,9567.9411488348,0.7881006733938797,0.9620213186078107,0.9801413737720138,0.9835805504966537,0.9803621613713955,7485.939136829447,9911.03516591152,9877.944209720017,,
magnolia_000414::52,1,4654.948302488112,5552.064704379005,5643.033108144521,5707.611816568875,5730.626279464312,5740.67303670543,7058.975420027708,5707.307692307692,3,True,South,5427.0,4130.916666666667,5530.916666666667,5383.777777777777,,,12.0,12.0,9.0,,,24286,2023,5791.716887540955,0.8108715254683073,0.9671452578607983,0.9829915537887969,0.9942408808296234,0.9982498990663847,4636.329517602166,5921.0494150400855,,,
magnolia_000414::53,1,5109.200713720851,6045.5547635359335,6551.989028056064,7409.62721122028,7991.868158408425,6239.312762012674,6239.312762012674,4062.0993589743593,2,False,South,6335.5,3408.0833333333335,5371.166666666667,6295.333333333333,,,12.0,12.0,9.0,,,24286,2023,5428.189268372475,0.8188723515877617,0.9689456185533103,1.0501138952269042,1.1875710505062236,1.2808891721322226,4345.783585774684,5605.585558210718,,,
magnolia_000414::54,1,6351.116612788696,7696.751044611833,6458.05445286116,4694.270548088302,3851.4897087711174,7987.459188771603,7987.459188771603,14836.636363636364,1,False,South,4434.5,4014.3333333333335,4697.083333333333,4729.75,,,12.0,12.0,8.0,,,24287,2023,8520.28933583183,0.7951360329598678,0.9636044282306401,0.808524250357309,0.5877051058598569,0.48219209860694645,6736.179241906566,8623.568258422823,,,
magnolia_000414::55,2,6017.075638473528,7383.222592958798,7538.908096894538,7582.383105747919,7564.5942568251885,7683.690143959821,8882.220719268578,7843.285714285715,3,True,South,8709.5,4813.75,7750.416666666667,8641.375,,,12.0,12.0,8.0,,,24287,2023,8825.430714120816,0.7830971220519055,0.960895410229781,0.9811572246729526,0.9868153144760087,0.9845001705035887,6840.1352180567,9038.130942533033,,,
magnolia_000414::56,1,6017.075638473537,7383.222592958809,7538.90809689455,7582.383105747933,7564.594256825203,7683.690143959835,8882.220719268595,7843.285714285715,3,True,South,4070.5,3782.8333333333335,4141.166666666667,4846.75,,,12.0,12.0,8.0,,,24287,2023,8881.466718391512,0.7830971220519053,0.9608954102297809,0.9811572246729524,0.9868153144760087,0.9845001705035888,6837.911225988662,8975.133666667101,,,
magnolia_000414::57,1,8222.137399601075,9400.250710843657,9682.645650857588,10260.859955792595,10667.026699362328,9621.853773121298,9621.853773121298,11412.307692307691,2,False,South,10108.0,8827.916666666666,10612.833333333334,11504.42857142857,,,12.0,12.0,7.0,,,24288,2023,10922.741038944996,0.854527370034417,0.9769687767551933,1.006318104511847,1.066411961534519,1.1086249023198342,9169.989344748488,11391.709937698333,,,
magnolia_000414::58,1,5169.764552626725,6065.278785560066,6428.320960970045,7050.49003592897,7470.8234613028035,6247.081309350508,8025.893689290276,6163.153846153846,3,True,South,2849.5,1744.3333333333333,2743.25,3303.5714285714284,,,12.0,12.0,7.0,,,24288,2023,7107.032343159647,0.8275487858447951,0.970898005838611,1.0290118925374416,1.1286054537782206,1.195890223186406,5856.94996402549,7357.075697597103,,,
magnolia_000414::59,1,6100.658371032822,7487.5336809142145,7645.494232293764,7679.716155372706,7654.676473954842,7792.655568289373,7792.655568289373,,0,False,South,9746.5,9859.25,11552.5,10212.555555555555,,,12.0,12.0,9.0,,,24286,2023,7797.461559898788,0.7828728368103693,0.9608449411498706,0.9811153804109536,0.9855069415134616,0.9822937003791096,6008.28397066002,7814.06099986895,,,
magnolia_000414::60,1,6185.563074272407,7893.685374339627,8178.604417975236,8259.14282454867,8226.306354317663,8285.908316102063,7027.076988981195,9355.914529914531,14,True,South,1881.0,1342.9166666666667,1825.75,2460.6666666666665,,,12.0,12.0,6.0,,,24289,2024,7457.822954504989,0.7465159929723045,0.9526638569002476,0.9870498327964476,0.9967697576979726,0.9928068282304578,5527.099505275002,7344.415375373533,,,
magnolia_000414::61,1,7142.109037227143,8216.227601839548,8161.843714117855,8099.568393451064,8072.338067069098,8422.649774638447,8422.649774638447,6508.692307692308,1,False,South,6664.0,4469.272727272727,6950.666666666667,7769.0,,,11.0,12.0,5.0,,,24290,2024,8521.422677987635,0.8479646225743404,0.9754920151826258,0.9690351531288991,0.9616413611117707,0.9584083730248196,7173.579888871981,8950.589756108173,,,
magnolia_000414::62,1,7777.882774563986,9297.124147265198,10168.249122344345,11550.3244771862,12450.91726039716,9617.827214157202,9617.827214157202,13833.557692307691,2,False,South,8076.0,6743.666666666667,8253.083333333334,10050.5,,,12.0,12.0,6.0,,,24289,2024,10714.827755958111,0.8086943757021479,0.9666553515933478,1.0572293404665178,1.200928673389392,1.2945665359915928,8554.301188719905,10948.547530913573,,,
magnolia_000414::63,1,6860.029744145105,8220.154673289428,8401.212031658186,8555.234775723464,8621.119179401652,8508.545874221069,9246.630100464872,8411.692307692309,4,True,South,8980.5,3513.1666666666665,7761.25,8840.2,,,12.0,12.0,5.0,,,24290,2024,9808.56109908994,0.8062517198067196,0.9661057006455828,0.9873851720200417,1.0054872950316753,1.0132306162351026,7731.662018696663,10099.422635723446,,,
magnolia_000414::64,2,3198.814571783732,3504.931663980176,3754.2431909664374,4311.553502498389,4726.92908215288,3549.374719721621,7007.791163125411,3289.923076923077,3,True,South,8235.5,7406.583333333333,8442.333333333334,8457.666666666666,,,12.0,12.0,6.0,,,24289,2024,4672.235251535537,0.9012332662454462,0.9874786239124025,1.0577195949772482,1.214736071269631,1.3317638895347783,4186.776451475172,4846.032028475389,,,
magnolia_000414::65,1,6090.975814873781,6864.778387140356,6901.511486684019,7054.031736514149,7177.72411727411,7001.791314792879,7001.791314792879,2851.269230769231,2,False,South,7183.5,4809.666666666667,6285.583333333333,7911.666666666667,,,12.0,12.0,3.0,,,24292,2024,6106.760726009201,0.8699167885802604,0.9804317321821557,0.9856779753065481,1.0074610081010127,1.0251268274890644,5257.772198757655,6381.089898608712,,,
magnolia_000414::66,2,7318.4452126504975,8428.729865309951,8556.279677182676,8803.140448346941,8970.30836970458,8642.895546595308,8642.895546595308,13076.846153846154,1,False,South,10001.5,11542.666666666666,10689.166666666666,12706.5,,,12.0,12.0,4.0,,,24291,2024,9302.796743323908,0.8467584935159201,0.9752206097909256,0.9899783736890408,1.0185406500504057,1.037882307074537,7744.550773507667,9541.057575494684,,,
magnolia_000414::67,2,7671.934954292669,8776.981229030467,9265.679754369865,10153.994590919245,10757.384490174849,8985.338265383165,8985.338265383165,8796.884615384615,2,False,South,3878.0,6192.166666666667,4599.416666666667,5366.75,,,12.0,12.0,4.0,,,24291,2024,9774.16244852521,0.8538281729302833,0.9768114421295175,1.0311998814854573,1.1300625854052078,1.1972153048059029,8199.006858759669,10192.175369473407,,,
magnolia_000414::68,1,6686.954665098206,8068.335298412308,8652.1417294062,9646.499670555671,10355.050069129182,8364.69934791785,8364.69934791785,,0,False,South,5476.0,4090.5,5602.083333333333,5624.5,,,12.0,12.0,2.0,,,24293,2024,8895.546445136517,0.79942558446679,0.9645696710451028,1.034363743337637,1.1532392581398503,1.2379464746341147,7081.745101680483,9148.492943904796,,,
magnolia_000414::7,1,4921.287512647844,5983.684248438218,6006.9403259798755,5905.181272991186,5815.727015716532,6214.352392328676,7947.907389941864,5722.285714285715,5,True,South,7858.0,9629.916666666666,10528.5,9441.583333333334,7715.916666666667,,12.0,12.0,12.0,12.0,,24271,2022,6973.528159076483,0.7919228267008065,0.9628813866147651,0.9666237037660046,0.950248859443641,0.9358540759445461,5435.523826907237,7003.184970331764,7297.475307908776,7028.704098023666,
magnolia_000414::70,1,6648.313301746029,8284.480942957622,8709.427935682545,9111.15218041774,9296.137163749,8651.237020454933,7298.614857348369,9339.879807692309,20,True,South,3519.5,2470.25,3858.25,2794.0,,,12.0,12.0,1.0,,,24294,2024,8010.04274470189,0.7684812340740169,0.9576065160820174,1.0067263115193845,1.0531617800871003,1.0745442694228893,6111.02693957225,7929.163978481916,,,
magnolia_000414::8,1,6813.792585305154,8119.637251370262,8189.996588451565,8182.664350624306,8155.454467203741,8393.705576647371,8393.705576647371,,0,False,South,9736.5,6246.916666666667,7466.0,8671.416666666666,9963.666666666666,,12.0,12.0,12.0,12.0,,24271,2022,8928.613789109177,0.8117740755956716,0.9673483513599034,0.9757307441468334,0.9748572041161159,0.9716155031567365,7206.710436788572,9205.206466707275,9326.530262567157,9132.196857885821,
magnolia_000414::9,1,4987.3973808010605,5925.56891631904,6408.51485748275,7237.374066930214,7811.37505685122,6121.33184598794,6121.33184598794,,0,False,South,6696.0,5783.083333333333,5934.25,6600.25,6552.636363636364,,12.0,12.0,12.0,11.0,,24272,2022,5394.306939933032,0.8147569036091246,0.9680195528368214,1.0469151189186119,1.1823201631641247,1.2760907680525395,4338.889841008719,5519.750386757301,6090.312318001747,6672.496307488202,
magnuscarwash_000376::1,1,3341.589751629062,3981.0961508211744,3880.667008025705,3599.356744338645,3602.0501981464445,4005.692732847111,4005.692732847111,1632.2307692307693,1,False,West,736.0,1239.0833333333333,1999.9166666666667,1414.3333333333333,689.5454545454545,,12.0,12.0,12.0,11.0,,24272,2022,2651.6026040389615,0.8342102039499103,0.9938595934170782,0.9687879892044186,0.8985603700512356,0.8992327765455512,2162.6231116850436,2837.5877235429857,2770.3179812290587,2509.047276090944,
mainstreet_000067::3,1,5333.155249187977,6173.248580053868,5939.14926219987,5592.831941661854,5398.776669001495,6337.822995638871,6337.822995638871,5043.153846153846,2,False,South,9766.0,6494.166666666667,9199.083333333334,9615.5,6417.0,,12.0,12.0,12.0,1.0,,24282,2023,5247.48980368013,0.8414806240025607,0.9740329738305648,0.9370961079674623,0.8824531618365401,0.8518345609709288,4370.276079369732,5368.576398863636,5303.079962372128,,
martintowncw_000477::1,1,5573.287948909216,6926.3328359594825,7221.780952073924,7453.060036486991,7548.492093893693,7228.692983731216,7228.692983731216,,0,False,South,14433.5,8430.0,13142.166666666666,14728.0,17338.5,,12.0,12.0,12.0,4.0,,24279,2023,6993.894055468,0.7709952492729143,0.9581722244322424,0.9990438061662256,1.0310383984021358,1.0442402396784884,5361.528369423016,7142.154273255444,7480.1388159347625,,
megashine_000539::1,1,4577.436644742498,5619.059527255505,6250.368908309432,6779.663242817366,7121.466090074372,5971.213949952648,5971.213949952648,2466.3076923076924,3,False,Midwest,3523.0,2419.0,3338.5833333333335,3906.5833333333335,4218.4,,12.0,12.0,12.0,5.0,,24278,2023,4345.015998771256,0.766583928009948,0.9410246516623414,1.046750118266822,1.1353911113620587,1.1926328799742378,3296.5847027076247,4294.634966019657,4790.64235756203,,
midtowncw_000328::1,1,6527.648432316659,7976.4270477067985,8130.103678165357,8160.132533407649,8133.449756208243,8293.255238047326,8293.255238047326,8612.76923076923,1,False,South,7692.0,2871.0,4061.6666666666665,5604.083333333333,7725.0,7581.777777777777,12.0,12.0,12.0,12.0,9.0,24262,2021,8052.766721126717,0.7871032839275804,0.9617968841852351,0.9803271990070351,0.9839480757774168,0.9807306688083183,6231.605906082637,8254.581966901513,8558.571234502599,8414.16852650761,
midtowncw_000328::3,1,5296.212831064456,6301.525189082197,6630.571640570114,7106.894608686182,7397.861397688259,6511.89294561811,6511.89294561811,2064.6923076923076,1,False,South,7588.5,4787.416666666667,7326.416666666667,7635.909090909091,,,12.0,12.0,11.0,,,24284,2023,5344.716122834462,0.8133138666888415,0.9676948379998368,1.018224914927673,1.0913715363623187,1.1360539031383066,4270.650550100847,5439.30211113516,5732.2842034093055,,
mojoxpresswash_000048::2,1,6522.5417843566565,7599.575737244756,7591.464811285165,7552.0352857934995,7526.526912388713,7814.459410301522,7814.459410301522,,0,False,South,4078.5,3687.4166666666665,4498.416666666667,4600.166666666667,4702.0,,12.0,12.0,12.0,8.0,,24275,2022,7631.606513787231,0.8346760078833122,0.9725017865249267,0.9714638483216904,0.9664181345465717,0.9631538814401879,6343.420719682442,7922.878108818661,8026.112595913006,,
monkeyshinecw_000417::1,1,11119.274960173474,14941.427893773993,15576.653297607614,15572.0261137556,15902.588137320256,15385.325206637515,9437.27792306156,19691.92307692308,3,True,West,336.0,320.6666666666667,423.75,356.3333333333333,356.3333333333333,,12.0,12.0,12.0,3.0,,24272,2022,14474.534787690804,0.7227195272659178,0.971148005849625,1.0124357521469587,1.0121349990728528,1.033620539295431,10296.281010533754,14987.643721521894,15688.38230722513,,
monstercw_000412::1,1,5451.957157457324,6894.165815202586,6881.15816758478,6511.150329582561,6509.566389241895,7019.526770210439,7019.526770210439,,0,False,West,5941.5,2790.5,5183.25,6032.0,6057.333333333333,6632.666666666667,12.0,12.0,12.0,12.0,3.0,24268,2022,6156.67517946146,0.776684431291638,0.9821411102042004,0.9802880440298526,0.9275768214482303,0.9273511737097833,4747.193549678332,6306.5287228661455,6508.671986388395,6078.173234574393,
moonstone_000312::1,1,5422.358985286839,6047.925203733133,5876.17212597952,5721.912551094684,5659.084487402618,6152.52975783906,6152.52975783906,6767.192307692308,2,False,South,3222.5,2512.75,3680.6666666666665,4250.5,3770.5833333333335,3289.5833333333335,12.0,12.0,12.0,12.0,12.0,24258,2021,5236.848238314239,0.8813218625034855,0.9829981230123026,0.9550822762770994,0.9300097319812687,0.9197979871925474,4581.9529981829555,5321.427505482757,5246.243464648879,5101.929837129734,5324.0134271256275
mountainedge_000549::1,1,6336.8821982441395,8035.973809369679,8312.819694240228,8396.800125504978,8369.986252130739,8423.847509423387,8423.847509423387,,0,False,South,11024.0,9601.083333333334,10235.666666666666,10721.25,13262.5,,12.0,12.0,12.0,4.0,,24279,2023,9094.992145108623,0.7522550937864614,0.9539552799810525,0.9868198213394821,0.9967891888014174,0.993606097779857,6754.331721486863,9342.135668834235,9593.880557439876,,
mountainexp_000478::1,1,6141.525563279113,7075.811618695214,7244.843357789244,7571.571895907934,7795.970255385357,7256.236522266126,7256.236522266126,6269.2307692307695,1,False,South,8671.5,6212.666666666667,7162.5,8516.833333333334,9450.666666666666,,12.0,12.0,12.0,6.0,,24277,2023,6447.8007843950645,0.8463789106699505,0.9751351953568121,0.9984298796708292,1.0434571520200846,1.0743820479752872,5335.478196675589,6646.241177762851,6942.591598555907,,
mountainexp_000478::2,1,7467.213180975764,8547.622692173321,8629.240838325135,8819.435311933275,8954.665946136573,8751.750909169989,8751.750909169989,10248.153846153846,2,False,South,5689.5,6206.833333333333,5939.0,6050.083333333333,6045.571428571428,,12.0,12.0,12.0,7.0,,24276,2022,9111.313567052934,0.8532250584453563,0.9766757281925399,0.9860016501707688,1.0077338127496713,1.02318565039985,7729.696677520419,9484.14070517085,9675.854252485418,,
moyoka_000134::3,1,5254.769841803063,5610.3740163750845,5269.361721153322,4975.4509236822405,4858.660667560475,5642.9727017097475,5642.9727017097475,5741.115384615385,14,False,South,3197.5,3872.1666666666665,5560.5,5012.166666666667,3494.0,2176.0,12.0,12.0,12.0,12.0,1.0,24269,2022,4812.864687509417,0.9312059652904109,0.9942231360919421,0.9337918150050192,0.8817074238503304,0.8610108402772113,4435.703929857398,5025.987361164541,4915.379233967655,4485.224871164246,
mrcleancw_000329::11,1,6796.464281776137,8421.132372179338,8838.104878388167,9256.039212426644,9459.443310616698,8782.900923064055,8460.572212731975,9063.384615384615,13,True,South,313.5,7527.75,6780.083333333333,5743.416666666667,188.85714285714286,,12.0,12.0,12.0,7.0,,24276,2022,9536.58142928909,0.7738290960254943,0.9588099018702686,1.0062853897371364,1.0538703890100956,1.077029490993805,7255.392541271446,9745.224135461956,10403.967522801984,,
mrcleancw_000329::15,1,7293.892060603411,8995.95183521584,9348.54756676928,9657.260872103743,9791.146575347717,9372.805712742978,8823.841749834917,9557.96153846154,4,True,South,282.5,3100.25,3489.9166666666665,1338.090909090909,,,12.0,12.0,11.0,,,24284,2023,9803.42686961234,0.7781972958947457,0.9597928422846982,0.9974118586560781,1.0303489870673441,1.0446334721348138,7495.124428319705,9895.449662282675,10299.396850704965,,
mrcleancw_000329::16,1,7444.88082235062,9142.806744714975,9391.791097673064,9526.835415013553,9551.980040753897,9516.659170003755,8956.460456587609,9838.46153846154,13,True,South,6172.5,6524.0,6739.5,6410.583333333333,,,12.0,12.0,12.0,,,24283,2023,10237.056054861569,0.7822998270040685,0.9607160014233617,0.9868790013280845,1.0010693085491464,1.0037114779587224,7975.132950045104,10498.970181211953,10937.085923281607,,
mrcleancw_000329::18,1,6145.9960028697,7433.703642946365,7545.083395586314,7559.049363074247,7534.16433640772,7711.053032684145,7711.053032684145,,0,False,South,2866.5,2472.75,2705.5,0.6666666666666666,,,12.0,12.0,3.0,,,24286,2023,7695.311289427968,0.7970371850406449,0.9640322289884139,0.9784763979194085,0.9802875600821814,0.977060370934208,6036.855207072435,7909.719260870151,,,
mrcleancw_000329::3,1,7876.152772735572,9148.32471076742,8761.845841535345,8173.943314907072,7841.690029583256,9400.016108979193,9400.016108979193,10608.23076923077,2,False,South,6007.5,9306.75,9656.166666666666,8916.25,9163.916666666666,3469.0,12.0,12.0,12.0,12.0,10.0,24258,2021,10621.791318748883,0.8378871569392335,0.9732243652251458,0.9321096623617222,0.8695669475607667,0.8342209139506288,8835.464704413795,10781.544625808287,10599.145436767067,9690.607644291436,9792.408443606831
mrcleancw_000329::4,1,6768.825402914753,8072.705596112824,8145.502919092131,8139.465593282006,8112.414571090368,8346.79092507075,8346.79092507075,,0,False,South,1928.5,6152.5,9599.166666666666,11422.75,12240.916666666666,3238.1111111111113,12.0,12.0,12.0,12.0,9.0,24259,2021,8860.871723223234,0.8109494371763454,0.9671627896974545,0.9758843838565523,0.9751610728422567,0.9719201839264476,7133.72435030755,8858.934726875621,9457.53884214491,9028.404090823022,
mrdcarwash_000205::3,1,6071.783829322598,7255.036429519859,7630.09257987433,7612.294100684354,7638.104466947374,7684.587830917571,7684.587830917571,,0,False,Midwest,454.5,433.75,379.875,588.5,,,12.0,8.0,8.0,,,24287,2023,6975.607479169121,0.7901248528768006,0.94410221981334,0.9929085004632273,0.9905923737454914,0.9939510921089119,5441.174795783997,,,,
mrsuds_000654::1,1,2803.3391535206606,3252.2194414761475,3164.151337091282,3029.434102407305,2952.4693053260494,3340.727487226257,3340.727487226257,5253.0,13,False,South,7988.0,8367.5,7937.25,5881.0,,,12.0,12.0,1.0,,,24294,2024,2080.9174863008416,0.8391403262431981,0.973506355699909,0.9471444016879143,0.9068186836522206,0.8837803492249016,1707.2076858804207,2181.270251407695,,,
napcowash_000528::1,1,4878.800517318642,5784.312670706563,6238.345053383811,6975.24505194657,7459.639080988382,5972.4566828024335,7526.639417150411,5737.538461538462,3,True,South,2896.5,1650.0,3009.1666666666665,3493.3,,,12.0,12.0,10.0,,,24285,2023,6606.809092426043,0.8168833658295167,0.968498053298967,1.0445190956925645,1.1679021585927354,1.2490068119653777,5366.2347519374025,6763.790764421784,7305.409411772565,,
naplescw_000547::1,1,6394.4928905525485,7514.399160314439,7534.372566081459,7507.71072894333,7482.503878170519,7742.630544987657,7742.630544987657,9476.76923076923,1,False,South,4416.0,2372.9166666666665,4032.5,5239.0,,,12.0,12.0,7.0,,,24288,2023,7972.963666229381,0.8258811851344435,0.9705227592422102,0.973102425887928,0.969658914411665,0.9664033218031388,6517.041802064443,8246.92622532468,,,
nationwideexp_000560::1,1,6323.05691090101,6779.362217749789,6518.803245100485,6282.119765867876,6263.088049036724,6835.999121057838,6835.999121057838,,0,False,Unknown,7460.5,3633.75,6628.5,7819.2,,,12.0,12.0,10.0,,,24285,2023,4980.681201647585,0.924964558790427,0.9917149048288226,0.9535991929869837,0.9189760932701447,0.9161920500755626,4529.361402308551,5188.113402456466,5115.467179291712,,
nationwideexp_000560::3,1,7781.467544125434,8291.461975063183,7947.747267713586,7645.139997741805,7621.554832909034,8348.13740897332,8348.13740897332,,0,False,Unknown,9676.0,2731.5454545454545,9458.5,9145.625,,,11.0,12.0,8.0,,,24287,2023,6780.229736277619,0.9321202039344993,0.9932110085000257,0.9520383863316194,0.9157899089591085,0.9129647081176108,6178.929445873229,7177.158449545537,,,
newdaycw_000610::1,1,6690.741444437259,8321.301143102408,9408.696635963508,11096.228350287973,12214.682159490048,8685.993724707172,8685.993724707172,,0,False,South,12990.5,8671.5,13052.416666666666,12860.285714285714,,,12.0,12.0,7.0,,,24288,2023,9223.28723361343,0.7702908448351223,0.958013718042715,1.083203250446822,1.2774851907531233,1.4062504011193997,7013.832505572704,9340.220222813825,,,
oasisautospa_000475::1,1,8437.250998057943,10457.273045396434,10961.479082565018,11470.736935638051,11722.937441182085,10907.237897037592,9500.233602510105,11357.115384615385,8,True,South,5632.5,2650.75,4925.333333333333,5828.333333333333,4996.666666666667,,12.0,12.0,12.0,3.0,,24280,2023,11502.445984546566,0.7735460689226832,0.9587462145880793,1.0049729533764142,1.0516628539617263,1.0747851611787103,8833.28990027999,11874.345748654287,12450.169363598612,,
obxpress_000458::1,1,5866.40038622191,6936.001367811546,7392.540838500186,8159.829770730376,8678.333624218661,7156.959197807152,7156.959197807152,,0,False,South,3259.0,3041.5,2946.0,2963.5,3045.3333333333335,,12.0,12.0,12.0,9.0,,24274,2022,7026.89715328689,0.8196777743289829,0.9691268562683288,1.03291644316838,1.1401252326868787,1.212572739953254,5735.831340916038,7039.627823134718,7857.627246392614,,
oceansexp_000393::1,1,5110.929702552179,6880.355341655692,6966.217859539091,6635.611505616918,6580.3211194323185,7087.081164274083,7087.081164274083,7944.384615384615,2,False,West,12060.0,11000.5,13219.666666666666,12873.833333333334,11564.666666666666,12129.0,12.0,12.0,12.0,12.0,6.0,24265,2022,6835.758321624055,0.7211614463111179,0.9708306116683842,0.9829459685964564,0.9362968127227018,0.9284952389996127,4909.178426661217,7084.460093575829,7193.204748551283,6788.683931464925,
olliewash_000159::3,1,7283.378361292831,8327.880760256898,8246.237083546963,8167.084914994837,8135.741020063295,8524.429259908547,8524.429259908547,13283.53846153846,1,False,South,9289.5,7334.416666666667,8990.166666666666,9380.916666666666,9038.0,,12.0,12.0,12.0,4.0,,24279,2023,9370.469585679719,0.8544124350409553,0.97694291387037,0.9673653017839028,0.9580799682866341,0.9544030189008311,7880.157527385763,9772.532854719246,9775.619730295955,,
orbitcw_000611::1,1,6451.176203582527,8209.848045891411,8758.4800477687,9295.511161808055,9550.912587456956,8612.65736154204,8630.754488924176,8685.576923076922,12,True,South,9737.5,4911.333333333333,9433.666666666666,10007.875,,,12.0,12.0,8.0,,,24287,2023,9279.769586783304,0.7490343494202916,0.9532305421263724,1.0169312071879,1.079284914237405,1.1089391097925818,6900.57094156362,9431.449975355325,,,
orcaexpresscw_000424::1,1,5142.228134593764,6378.3101817255265,6314.675381075191,5930.559834153782,5926.385337455716,6470.008552601422,6470.008552601422,,0,False,West,4110.5,5097.363636363636,4903.166666666667,4275.333333333333,,,11.0,12.0,6.0,,,24289,2024,5741.107105506748,0.7947791865786958,0.9858271638854286,0.9759918135712856,0.9166231830975337,0.915977975805437,4529.896011056287,5902.91699888829,,,
ottosexpresscw_000299::3,1,7404.883849378576,8346.128070721941,7609.786238076798,6691.3787663723715,6237.191302873895,8512.839742603937,8512.839742603937,8152.36217948718,2,False,South,11986.5,7912.545454545455,11763.75,11415.666666666666,12162.583333333334,12619.857142857143,11.0,12.0,12.0,12.0,7.0,24264,2021,8539.027688041791,0.8698488487125619,0.980416444227458,0.8939186532541361,0.7860336819080761,0.732680455812979,7332.7543351067425,8654.151262651389,8006.525450307753,7042.061271948756,
ottosexpresscw_000299::4,1,4839.462562400514,5553.597766866773,4688.064926303068,3544.6757214052323,3001.520735276636,5689.713914746683,5689.713914746683,4656.2307692307695,1,False,South,7871.5,6436.916666666667,8005.583333333333,8591.42857142857,,,12.0,12.0,7.0,,,24288,2023,4337.336695562839,0.8505634263714955,0.976076802820064,0.8239544195978771,0.6229971795625946,0.5275345615352032,3606.8389112287173,4558.510438569625,,,
overflowexpress_000089::3,1,7439.635802388246,8532.681499686858,8625.090203441905,8833.128222951043,8980.248942756034,8740.618137041152,8740.618137041152,11423.307692307691,1,False,South,11260.5,9078.583333333334,12143.833333333334,7804.25,,,12.0,12.0,4.0,,,24256,2021,8911.74258872416,0.8511567129171815,0.9762103052559754,0.9867826357600887,1.0105839294726593,1.02741577334209,7542.060630191235,9196.142155003921,,,
papabear_000353::1,1,8027.786453419591,9176.795006036877,9409.597704250766,9905.169372392951,10257.90510981158,9392.814975253154,9392.814975253154,19810.53846153846,1,False,South,21341.0,12279.666666666666,17530.416666666668,18067.916666666668,20562.75,21729.0,12.0,12.0,12.0,12.0,7.0,24264,2021,10495.749509740459,0.8546731171187824,0.9770015730337055,1.001786762439357,1.054547481078854,1.0921012643001744,8878.23529314579,10928.871523858206,11130.768848882093,11655.549228091824,
papabear_000353::3,1,5566.906182720221,6395.530806537099,6355.787024950059,6316.0441180476655,6301.089149511648,6554.067638134251,8453.823396531237,6315.7692307692305,3,True,South,19882.5,11214.583333333334,14775.0,18708.333333333332,21043.25,20294.5,12.0,12.0,12.0,12.0,2.0,24269,2022,7639.663542427777,0.8493818633072506,0.9758109253138129,0.9697469382173425,0.9636830845776343,0.9614013002931691,6379.701415600629,7830.216744033837,7919.2994316723625,7702.399843761551,
papabear_000353::4,1,7919.1177819419245,9062.686075036869,9210.302974235734,9544.278384694975,9784.078429214527,9278.557010005392,9278.557010005392,17556.46153846154,1,False,South,20070.0,13596.416666666666,19096.0,21076.083333333332,,,12.0,12.0,12.0,,,24283,2023,10419.408813098686,0.8534859217227919,0.9767344281297466,0.9926438954143346,1.0286382219134986,1.0544827626390627,8736.76503927608,10846.413936447181,11312.012335892683,,
papabear_000353::5,1,4803.82690549706,5532.893267901068,5501.148058788806,5463.532504289465,5447.04260560833,5673.547230065644,6825.9256468518015,5935.153846153846,7,True,South,12462.5,7228.583333333333,11767.333333333334,14767.285714285714,,,12.0,12.0,7.0,,,24288,2023,5922.25409202597,0.8467060748239297,0.9752088144398952,0.9696135126251795,0.9629835238414417,0.9600770707861556,4935.437946539808,6073.859872644309,,,
paradisebay_000076::2,2,5108.912814043954,6171.006232196938,6182.572422643611,6076.74929102118,5988.10496443248,6399.270988125349,8115.981537153152,6368.6,9,True,South,3568.0,3666.0833333333335,3743.0833333333335,4088.25,,,12.0,12.0,4.0,,,24256,2021,7384.502160336153,0.7983585667061426,0.9643295687349411,0.9661369918723791,0.9496002438867415,0.9357479899732581,5852.821909864432,7592.591405800326,,,
patsnustar_000483::1,1,10098.704323085412,12617.32266573615,12906.289411283751,12905.827897453944,12805.886548342603,13183.558212787724,8831.821139415448,13539.307692307691,3,True,South,3234.0,2394.25,2579.75,3228.9166666666665,3435.125,,12.0,12.0,12.0,8.0,,24275,2022,12030.118271025118,0.7660074890320521,0.9570498693969933,0.9789685912536853,0.9789335844806762,0.9713528276395982,9148.481422782648,12008.111508991717,12467.376454846022,,
pelicanauto_000399::1,1,5701.023566361844,6538.757877971802,6382.860114961327,6173.698515354695,6060.453154358743,6698.135947733407,7973.723008319044,6613.7692307692305,5,True,South,3477.0,2608.1666666666665,3093.5833333333335,3050.6666666666665,3314.5833333333335,3705.6666666666665,12.0,12.0,12.0,12.0,6.0,24265,2022,7435.661488510918,0.8511358400079985,0.9762056083953421,0.9529308101190799,0.9217039730947567,0.9047969765990714,6282.964217801531,7570.614902879551,7681.8545184561035,7190.5364351338885,
pelicancw_000512::1,1,7119.5140363221435,8443.432195494328,8499.27408913536,8484.021878808366,8455.717251475464,8718.679409775123,8718.679409775123,,0,False,South,6673.0,4386.583333333333,5774.333333333333,6341.181818181818,,,12.0,12.0,11.0,,,24284,2023,9577.497942091919,0.8165816979507191,0.9684301714348854,0.9748350282963987,0.9730856566759795,0.9698392215219162,7720.876927442893,9587.952015265651,9834.279449566708,,
peppyscw_000491::1,1,6242.061468067535,7613.080525920462,7898.961485179042,8180.40476522956,8315.574771616215,7912.102840653336,7912.102840653336,,0,False,South,17491.5,9867.0,14994.75,16003.0,15475.0,,12.0,12.0,12.0,8.0,,24275,2022,7712.794924909023,0.7889257247763607,0.9622069731959927,0.9983390818169384,1.0339103181517886,1.0509942728360142,5949.011478265257,7990.907612105047,8335.89990722588,,
peppyscw_000491::3,1,6490.0568533682335,7661.432642191118,7696.855630454923,7676.302615191827,7650.610948766305,7902.605656704854,7902.605656704854,,0,False,South,10753.0,5866.833333333333,9112.833333333334,10601.583333333334,8017.0,,12.0,12.0,12.0,1.0,,24282,2023,7995.264857282455,0.8212553093626578,0.9694818361195695,0.9739642802402313,0.9713634905569376,0.96811245317236,6528.732915555602,8193.551471210008,8336.465579253554,,
piratescove_000559::1,1,6887.267520486922,8253.261744766329,8158.834904280838,7904.372452080451,7737.347564766705,8542.92667518752,8542.92667518752,9816.319230769232,2,False,South,6092.5,4684.25,5984.916666666667,6319.916666666667,,,12.0,12.0,12.0,,,24283,2023,9231.829601971696,0.8061953218550532,0.9660930098741796,0.9550397907520081,0.9252534585177096,0.9057022094359563,7366.160933564459,9505.463967515689,9508.273913859593,,
presidentialcw_000589::1,1,6948.074733690796,8655.2123026481,8781.38636034534,8697.829999885771,8589.577403364898,9037.735884213136,8245.158084906405,9382.153846153848,14,True,South,2531.0,2819.8333333333335,3000.75,2615.2,,,12.0,12.0,10.0,,,24285,2023,9510.245392781411,0.7687848840357792,0.9576748439580739,0.9716356477825845,0.9623903720265711,0.9504125273641744,7188.19245628277,9566.292988799685,9692.433504055254,,
presidentialcw_000589::2,1,6852.861420949944,8672.7806877472,8806.739134844418,8654.63103565881,8486.838055282095,9087.429248291612,7484.506219241989,9614.153846153846,9,True,South,1915.5,3916.9166666666665,3021.5,1896.7272727272727,,,12.0,12.0,11.0,,,24284,2023,8334.387105447773,0.7541034140362903,0.9543711924225035,0.969112264230287,0.9523739661891545,0.9339096705349949,6174.698994121831,8477.300735196497,8633.79778284699,,
pridec_000401::1,1,6473.614196034333,7624.550098659463,7965.131572401354,7909.400096471439,7937.792496843163,8061.584309706277,8061.584309706277,,0,False,Midwest,12483.0,7827.75,10046.5,11604.083333333334,12976.333333333334,11930.25,12.0,12.0,12.0,12.0,4.0,24267,2022,6629.21283378599,0.8030200947275336,0.9457880493142499,0.9880355109368772,0.9811222946522303,0.9846442326833862,5301.24641531572,6593.801942646225,6870.244344131025,6898.750704168718,
purecw_000503::1,1,7208.17620153664,8421.054977681566,8421.962855664604,8382.628283737735,8354.368094964502,8664.736319402013,8664.736319402013,,0,False,South,8781.5,7362.0,9324.583333333334,9322.666666666666,8856.857142857143,,12.0,12.0,12.0,7.0,,24276,2022,9097.674739635455,0.8318979292417873,0.9718766581304041,0.9719814366198551,0.9674418210473891,0.9641803035895581,7449.145078340446,9438.829781916333,9361.054946527289,,
quickandcleancw_000262::2,1,6926.660816192502,8472.110089167974,8693.590962042237,8818.996604670023,8846.17884541706,8810.530800211907,8694.17584537198,9228.46153846154,3,True,South,544.5,5526.75,6121.916666666667,0.0,0.0,,12.0,12.0,5.0,1.0,,24259,2021,9426.261801167735,0.7861797402746614,0.9615890666841783,0.9867272652668262,1.0009608733741573,1.0040460723665248,7280.690364783051,9664.343058853587,,,
quickjetcw_000314::1,1,5743.461731579816,7100.679716732518,7130.18289588001,6970.29255084155,6833.950226795889,7402.080620063011,7402.080620063011,7060.846153846154,1,False,South,7478.5,6040.416666666667,7373.25,7655.583333333333,8349.25,7646.75,12.0,12.0,12.0,12.0,12.0,24257,2021,6928.423179525648,0.7759253142977689,0.9592815967832666,0.9632673922186101,0.9416666622015547,0.9232472027219981,5353.5756377773905,6989.733739680805,7134.037368685562,6870.443118324519,6211.666060643192
racerclassiccw_000389::1,1,5484.5340462502645,6711.74761447429,6598.926085380125,6297.8226329198515,6106.764660796262,6980.676855909475,6717.504006659383,8152.384615384615,7,True,South,3389.0,1656.5833333333333,3709.0833333333335,4746.333333333333,3769.3333333333335,2549.0,12.0,12.0,12.0,12.0,1.0,24270,2022,6409.311691183484,0.7856736759856382,0.9614751911617962,0.9453132155506984,0.9021793678342874,0.874809819570232,4956.322735422423,6578.487769281418,6413.920012958623,6140.4215942382725,
racerclassiccw_000389::2,1,5651.405258220623,6846.211429450356,6863.18441106183,6747.342456273095,6649.067232286498,7104.1844863327615,8700.36564090341,7118.076923076923,4,True,South,7227.0,3868.4166666666665,6986.416666666667,10087.0,9001.5,6934.5,12.0,12.0,12.0,12.0,4.0,24267,2022,8295.552261197998,0.7955037301034288,0.9636871681220129,0.9660763208311138,0.9497701628179603,0.9359367349029531,6551.392541547392,8523.632242203916,8566.646689139317,8385.72797993668,
racerclassiccw_000389::3,1,4691.9857694485045,5835.214711386583,5917.874118701074,5880.477177132651,5827.7806754658095,6090.898938717334,7499.287063495806,5753.217948717949,6,True,South,5041.5,3808.0833333333335,7443.666666666667,7763.333333333333,5255.25,,12.0,12.0,12.0,12.0,,24271,2022,6593.894630361429,0.7703273058141689,0.9580219225596616,0.9715928926489958,0.9654530860383976,0.9568014071652067,5058.327120858161,6588.517395537919,6900.125901911212,6668.838161867814,
racerclassiccw_000389::4,1,6100.87064918012,7189.283237376396,7352.44822486433,7553.541298374079,7666.729019643904,7412.503582062044,7412.503582062044,,0,False,South,8893.5,5551.333333333333,7650.2,,8740.3,,12.0,5.0,,10.0,,24272,2022,7111.731073169364,0.8230512918663511,0.9698859714245761,0.9918981007519448,1.01902700143759,1.0342968384119335,5761.137094936858,,,7659.7939969064655,
racerclassiccw_000389::5,1,4851.388608230233,5994.982265701566,5962.9805673029905,5765.969128349555,5626.928627192535,6248.795411364161,6654.8202898503705,7118.076923076923,6,True,South,5421.5,3462.8333333333335,5846.916666666667,4854.0,,,12.0,12.0,4.0,,,24291,2024,6011.134367603347,0.7763718107024946,0.9593820682301414,0.9542608094447479,0.9227329027068912,0.9004821340380758,4633.1065923938,6156.3688120344605,,,
racerclassiccw_000389::7,1,6825.559546047357,7821.268008843316,7755.4781164757005,7689.605973120701,7663.321419705459,8010.088674754525,8010.088674754525,,0,False,South,8862.5,7471.75,10564.416666666666,9297.0,6657.0,,12.0,12.0,12.0,1.0,,24282,2023,8303.257127292318,0.8521203476260556,0.9764271441205993,0.9682137653380439,0.9599901181314144,0.95670868711579,7024.17819704732,8644.336304971068,8792.71619433472,,
racerclassiccw_000389::8,1,4635.467323382879,5756.975421861857,5764.63709453518,5627.617941242198,5524.007511135188,6007.398297187293,6069.6254593144595,7118.076923076923,6,True,South,3952.0,3905.1666666666665,4971.083333333333,3832.4285714285716,,,12.0,12.0,7.0,,,24288,2023,5447.549114720675,0.7716264336182334,0.9583142547011265,0.9595896275487884,0.9367812258889325,0.9195340874470681,4149.761832380691,5444.767626820451,,,
racersedge_000279::2,2,5593.185929637639,7157.373380024779,7455.853320496248,7582.46027075429,7583.871660719065,7517.425518961575,7517.425518961575,2831.6923076923076,1,False,South,7557.0,7205.0,7725.75,323.0,,,12.0,12.0,1.0,,,24255,2021,6440.0975460127775,0.7440294440602928,0.9521043290647019,0.9918094035903621,1.0086512000190324,1.008838949130908,4684.675068641717,6338.441091968092,,,
racewaycw_000646::1,1,5799.345253498374,6815.1069885926545,7112.015475049673,7057.006434637708,7082.562422614022,7203.725068158955,7203.725068158955,,0,False,Midwest,4533.0,2844.9166666666665,5135.25,4814.666666666667,,,12.0,12.0,3.0,,,24292,2024,6075.854453382357,0.8050481103355746,0.9460531772257629,0.9872691430833964,0.9796329493237109,0.9831805566705367,4863.479098675311,6189.260126796247,,,
radiantcw_000133::4,1,10060.603262831994,12877.474996900184,14775.831580357908,17612.632626627663,19469.973744854695,13526.023175010609,9516.49912799143,14764.272727272728,5,True,South,8650.0,5728.916666666667,8229.666666666666,8749.75,8932.916666666666,9913.555555555555,12.0,12.0,12.0,12.0,9.0,24262,2021,12749.285452855962,0.7437960982810532,0.9520518211658383,1.0924002856697987,1.302129413704324,1.4394455408612312,9385.402236806201,12830.57405192333,15099.15867930918,17417.676326397774,
radiantcw_000133::5,1,7292.623822255435,8663.671450300613,8604.974297653602,8411.728983037345,8277.622026070396,8949.710449429534,8949.710449429534,7131.3108974358975,2,False,South,6930.5,7332.833333333333,8169.916666666667,7162.166666666667,6971.333333333333,9455.666666666666,12.0,12.0,12.0,12.0,3.0,24268,2022,9251.412886851918,0.8148446660327738,0.9680393012997249,0.9614807480394065,0.9398883942187781,0.9249038919016672,7411.498557052984,9544.818041182847,9369.318617052111,9085.368224395317,
radiantcw_000133::6,1,8465.998208018898,11191.07709029116,11973.43938310216,12533.551039623691,12718.506469760663,11834.155816415236,10802.386362715495,11344.384615384615,12,True,South,12836.0,10356.5,12573.0,12688.5,14516.5,,12.0,12.0,12.0,8.0,,24275,2022,13789.6667862081,0.7153867448893698,0.9456590959169173,1.0117696242002936,1.05909971391777,1.0747286639676266,9691.831996476672,13696.898939976598,15104.210972322595,,
radiantcw_000133::7,1,7282.902552530293,8415.763378700505,9204.201754726611,10645.029820651169,11653.583058666549,8636.563535684507,8636.563535684507,11395.323863636364,2,False,South,8338.0,7612.666666666667,8315.166666666666,8563.09090909091,,,12.0,12.0,11.0,,,24284,2023,9329.000200378558,0.8432639350638521,0.9744342577841637,1.0657250093392747,1.2325538713017152,1.3493310169625148,7834.084385480091,9688.448756149694,10643.54587915401,,
radiantcw_000133::8,1,12115.909268783527,15728.122877802278,16433.77592755125,16691.86727100582,16656.987373998585,16569.499135689945,9948.857980470808,19183.30769230769,9,True,South,10347.0,7165.916666666667,9669.5,11751.5,,,12.0,12.0,6.0,,,24289,2024,16169.707304900829,0.7312175926118619,0.94922138255372,0.991808852698127,1.0073851438908192,1.005280077423716,11637.368157679137,16141.719083609854,,,
ranchocw_000526::1,1,4923.082013856644,6468.984651146246,6557.989891438764,6292.776482268621,6296.603888012384,6634.24260942512,6634.24260942512,,0,False,West,7413.5,3220.818181818182,6866.25,8050.5,7432.333333333333,,11.0,12.0,12.0,3.0,,24280,2023,5621.940420151135,0.7420714471404064,0.9750901545198097,0.988506190913485,0.9485297497755983,0.9491066665344647,4141.6944696924675,5852.044323217878,5993.190335455209,,
revexpress_000340::1,1,7257.358190200768,9235.999323793929,9626.259805650536,9826.66469938057,9854.882515239302,9689.199592726647,9019.118620099109,9659.53846153846,9,True,South,4180.0,4548.0,4703.083333333333,5003.5,4231.916666666667,4418.333333333333,12.0,12.0,12.0,12.0,12.0,24259,2021,10559.43088604103,0.7490152432868263,0.9532262428288792,0.9935041293686057,1.0141874574198175,1.0170997532796235,7851.945310123481,10731.979286825048,11003.930924130953,11359.104413600846,11596.191424551445
ridethru_000552::1,1,7117.293852809659,9761.246184518895,10048.678339783148,9772.155769163695,9780.122610448938,10087.573576689434,7480.559662275885,11257.307692307691,8,True,West,4981.0,4125.166666666667,5179.833333333333,5505.25,,,12.0,12.0,4.0,,,24291,2024,8585.782844795485,0.7055506260947076,0.967650556430674,0.9961442425563898,0.9687320439223747,0.9695218117713699,5980.300430776954,8665.002601431572,,,
riflecw_000534::1,1,5081.956819546392,6985.477183508144,7204.6304516949085,7017.899080374379,7028.491883781182,7221.831294300254,7221.831294300254,,0,False,West,7280.5,5160.5,6736.916666666667,6973.363636363636,,,12.0,12.0,11.0,,,24284,2023,6775.733694044008,0.7036936494981912,0.9672722746959418,0.9976182159476751,0.9717617034218418,0.9732284786724854,4661.619971149907,6775.019371761443,7155.782258728196,,
rinsemyride_000430::1,2,3745.049186812366,4432.891346984427,4298.661740252496,3958.780468593569,3951.1186106781656,4454.286455908455,4454.286455908455,2231.230769230769,7,False,West,1224.5,1123.9166666666667,1129.9166666666667,1195.5,1090.0,,12.0,12.0,12.0,2.0,,24266,2022,3310.9722927803637,0.8407742124094174,0.9951967370900344,0.965061807946921,0.8887574941082619,0.8870373851769559,2767.9152366587164,3547.973075316143,3415.5825813475367,,
rinsemyride_000430::2,1,3530.5510466687415,4160.651112164621,3991.3397615478166,3615.4772320247353,3576.5125529657694,4176.9002274062395,4176.9002274062395,2018.1153846153848,6,False,West,755.0,438.3333333333333,696.0,784.3333333333334,807.875,,12.0,12.0,12.0,8.0,,24275,2022,2829.7984762357887,0.8452562557045165,0.9961097669666605,0.9555745994024732,0.8655886028357122,0.8562599914402798,2367.3204592138645,2979.6301579877545,2912.398431019136,,
rinsemyride_000430::4,1,3154.7684413552274,3862.576962984245,3808.6664445577903,3568.8463890639396,3571.342899090976,3908.0355209994186,3908.0355209994186,2857.769230769231,7,False,West,1028.0,1346.0833333333333,1190.0833333333333,73.0,,,12.0,12.0,1.0,,,24290,2024,2669.753611027562,0.8072517315677942,0.9883679260920463,0.9745731388807295,0.9132072546135055,0.9138460691825189,2118.865088956187,2812.2661946359144,,,
riptideneuse_000337::1,1,9404.22214857463,12061.62593214692,12694.933332744078,13111.120516654051,13234.09912056221,12674.532452772166,9121.36965710786,13474.060897435897,4,True,South,9523.0,5501.0,7079.0,8724.083333333334,9904.75,12853.25,12.0,12.0,12.0,12.0,4.0,24267,2022,11690.367233277533,0.7419778349707681,0.9516426721925202,1.001609596255162,1.0344460882883608,1.0441489001566804,8521.779683703791,11685.194268405854,12806.485040665339,12687.797460576936,
riptideneuse_000337::10,1,7582.825733675425,9466.65704746434,10094.523183792588,10801.443552201034,11175.700342207849,9889.81656354484,8510.278028632158,11771.0,7,True,South,4323.5,548.7,3163.181818181818,5233.857142857143,,,10.0,11.0,7.0,,,24288,2023,9892.710847061735,0.7667306754330221,0.9572126021386158,1.0206987277198167,1.0921783516204506,1.1300209938577572,7553.491944453059,10092.303986306288,,,
riptideneuse_000337::11,1,7241.014560788331,8739.172886125993,9775.857271806068,11470.283390418846,12610.864824698025,9060.729573939743,9060.729573939743,,0,False,South,13689.5,11566.25,13876.0,19344.25,,,12.0,12.0,4.0,,,24291,2024,10091.138088013104,0.7991646259496329,0.9645109496768777,1.0789260613100249,1.2659337525544747,1.3918156062144373,7937.475261598367,10235.932777706072,,,
