age_phase,mae_age_phase
early,7853.08914472855
growth,2288.571954224014
mature,2118.4234731104657
