age_phase,mae
early,3183.110301672049
growth,2362.107563863229
mature,1791.0957706624363
