{
  "buckets": [
    {
      "bucket": "1 month",
      "title": "1-Month Campaigns",
      "n_campaigns": 141,
      "camp_months": [
        0
      ],
      "mfs": [
        -3,
        -2,
        -1,
        0,
        1,
        2,
        3,
        4,
        5,
        6
      ],
      "opex": [
        71047.505,
        75836.78,
        75743.915,
        106097.75,
        80791.97,
        83577.29999999999,
        79855.33,
        78102.93999999999,
        79849.0,
        80278.36
      ],
      "revenue": [
        109153.95999999999,
        104778.89,
        114198.58,
        139451.0,
        123365.71,
        129391.81,
        123438.4,
        127707.67,
        132375.275,
        131231.29
      ],
      "profit": [
        34181.6,
        26645.00000000001,
        33678.880000000005,
        27014.83,
        32285.070000000007,
        27885.629999999997,
        35740.48000000001,
        40603.87999999999,
        46723.424999999996,
        40666.3
      ],
      "mem_purchases": [
        2753.0,
        2642.5,
        2605.0,
        2818.0,
        2722.0,
        2841.5,
        2916.0,
        3059.0,
        3210.5,
        3314.0
      ]
    },
    {
      "bucket": "2 months",
      "title": "2-Month Campaigns",
      "n_campaigns": 23,
      "camp_months": [
        0,
        1
      ],
      "mfs": [
        -3,
        -2,
        -1,
        0,
        1,
        2,
        3,
        4,
        5,
        6
      ],
      "opex": [
        77694.415,
        73700.83,
        80483.70000000001,
        92657.75,
        90799.345,
        78747.685,
        88546.22,
        75711.57,
        87923.25,
        74123.93
      ],
      "revenue": [
        92662.065,
        93932.61,
        98328.095,
        131529.45,
        118596.375,
        113961.055,
        105083.205,
        139651.13,
        105229.715,
        88274.69
      ],
      "profit": [
        22466.53,
        18798.540000000008,
        25993.329999999994,
        42560.3,
        21303.805,
        46053.610000000015,
        27724.69000000001,
        48608.32999999999,
        38481.615000000005,
        17798.395000000004
      ],
      "mem_purchases": [
        3732.0,
        2786.0,
        2994.0,
        3978.0,
        3306.0,
        3738.0,
        3791.0,
        3930.0,
        3904.0,
        3904.0
      ]
    },
    {
      "bucket": "3+ months",
      "title": "3+ Month Campaigns",
      "n_campaigns": 20,
      "camp_months": [
        0,
        1,
        2
      ],
      "mfs": [
        -3,
        -2,
        -1,
        0,
        1,
        2,
        3,
        4,
        5,
        6
      ],
      "opex": [
        52115.54,
        48163.67,
        68197.86,
        91928.84000000001,
        91338.93000000001,
        86864.815,
        90315.505,
        82800.68,
        86247.69,
        81209.82999999999
      ],
      "revenue": [
        38880.0,
        41958.285,
        85989.96,
        109408.18,
        110309.08499999999,
        116311.12,
        129299.805,
        135717.09,
        122933.01,
        123069.46
      ],
      "profit": [
        0.0,
        2127.3300000000017,
        8763.089999999997,
        29660.060000000012,
        31282.76499999999,
        38526.289999999986,
        37404.9,
        45877.715000000004,
        56542.92999999999,
        43005.88000000002
      ],
      "mem_purchases": [
        1942.0,
        1509.5,
        2100.0,
        2532.0,
        2492.5,
        2655.5,
        2664.0,
        2861.0,
        3019.0,
        3010.0
      ]
    }
  ]
}