{
  "temporal_split": {
    "model": {
      "overall": {
        "MAE": 1992.6687884792186,
        "RMSE": 3600.7703390686147,
        "WMAPE": 0.20414096967462342,
        "bias": -815.9787660785778,
        "n": 7565
      },
      "by_region": {
        "Midwest": {
          "MAE": 1761.1989800199856,
          "RMSE": 2840.3674328792945,
          "WMAPE": 0.2077902007536248,
          "bias": -836.9354401587866,
          "n": 868
        },
        "Northeast": {
          "MAE": 1344.1147094225703,
          "RMSE": 1965.7322698746266,
          "WMAPE": 0.21363134872519635,
          "bias": -262.3481737926682,
          "n": 643
        },
        "South": {
          "MAE": 2163.260541539597,
          "RMSE": 3998.106361617412,
          "WMAPE": 0.20440171848529773,
          "bias": -921.3206135875022,
          "n": 4782
        },
        "West": {
          "MAE": 1837.1391528198715,
          "RMSE": 3091.55604559884,
          "WMAPE": 0.19751132343339084,
          "bias": -685.514428775544,
          "n": 1272
        }
      },
      "by_peer_level_resolved": {
        "cbsa": {
          "MAE": 2066.25622901572,
          "RMSE": 3739.7635845800596,
          "WMAPE": 0.20112585273515118,
          "bias": -768.4827296507193,
          "n": 5369
        },
        "region": {
          "MAE": 1422.8751576856725,
          "RMSE": 1991.9804795508887,
          "WMAPE": 0.1744641165533758,
          "bias": -551.6757534352386,
          "n": 450
        },
        "state": {
          "MAE": 1913.2393300694948,
          "RMSE": 3485.269220297627,
          "WMAPE": 0.22247022528734678,
          "bias": -1030.1497713882427,
          "n": 1746
        }
      },
      "by_maturity_indicator": {
        "0": {
          "MAE": 2533.5991503483024,
          "RMSE": 4078.6719500634626,
          "WMAPE": 0.24686228803968502,
          "bias": -1209.3843988153726,
          "n": 3162
        },
        "1": {
          "MAE": 1604.2014243570197,
          "RMSE": 3214.021743282102,
          "WMAPE": 0.17064608977384904,
          "bias": -533.4558020282153,
          "n": 4403
        }
      }
    },
    "anchor": {
      "overall": {
        "MAE": 1897.2005445107584,
        "RMSE": 3339.6626966341887,
        "WMAPE": 0.1943606288525399,
        "bias": -636.4913242154789,
        "n": 7565
      },
      "by_region": {
        "Midwest": {
          "MAE": 1637.199652696125,
          "RMSE": 2580.163004467524,
          "WMAPE": 0.19316048235709982,
          "bias": -531.197540829981,
          "n": 868
        },
        "Northeast": {
          "MAE": 1079.4814136797866,
          "RMSE": 1673.4463738026318,
          "WMAPE": 0.1715709743458314,
          "bias": -60.03040784871868,
          "n": 643
        },
        "South": {
          "MAE": 2089.8465895379327,
          "RMSE": 3676.2700698080557,
          "WMAPE": 0.19746499604165826,
          "bias": -796.3563063318712,
          "n": 4782
        },
        "West": {
          "MAE": 1763.7420444317252,
          "RMSE": 3092.820590600072,
          "WMAPE": 0.18962038060977546,
          "bias": -398.7437052861167,
          "n": 1272
        }
      },
      "by_peer_level_resolved": {
        "cbsa": {
          "MAE": 1937.6853649750544,
          "RMSE": 3379.4375914023008,
          "WMAPE": 0.18861098439310042,
          "bias": -571.1605899154644,
          "n": 5369
        },
        "region": {
          "MAE": 1385.255748639002,
          "RMSE": 2089.510909686459,
          "WMAPE": 0.16985145821217412,
          "bias": -213.46048049616064,
          "n": 450
        },
        "state": {
          "MAE": 1904.653097242421,
          "RMSE": 3475.750669499563,
          "WMAPE": 0.22147182371709506,
          "bias": -946.4137710256002,
          "n": 1746
        }
      },
      "by_maturity_indicator": {
        "0": {
          "MAE": 2547.225210083525,
          "RMSE": 4082.4394194903903,
          "WMAPE": 0.24818994884298928,
          "bias": -1041.944435676423,
          "n": 3162
        },
        "1": {
          "MAE": 1430.387464215258,
          "RMSE": 2682.20607530583,
          "WMAPE": 0.1521567204241194,
          "bias": -345.31650285742654,
          "n": 4403
        }
      }
    },
    "hit_miss_annual": {
      "overall_hit_rate": 0.7390476190476191,
      "n_site_years_fullyear": 525,
      "n_site_years_any": 801,
      "annual_mae": 16143.672563239548,
      "by_year": {
        "2025": {
          "hit_rate": 0.7390476190476191,
          "n": 525
        }
      }
    },
    "n_test_rows": 7565
  },
  "cold_start_split": {
    "model": {
      "overall": {
        "MAE": 4193.171234478589,
        "RMSE": 5552.987087826019,
        "WMAPE": 0.4555980413630583,
        "bias": 507.22814171925137,
        "n": 2887
      },
      "by_region": {
        "Midwest": {
          "MAE": 4542.722677896431,
          "RMSE": 5974.956986948734,
          "WMAPE": 0.5052363234534654,
          "bias": -59.16368908836042,
          "n": 384
        },
        "Northeast": {
          "MAE": 2168.131559393941,
          "RMSE": 3007.785935658343,
          "WMAPE": 0.27439849154951323,
          "bias": -383.1289001386046,
          "n": 161
        },
        "South": {
          "MAE": 4163.687404240319,
          "RMSE": 5366.057643016558,
          "WMAPE": 0.4321337007356706,
          "bias": 797.965465401119,
          "n": 1877
        },
        "West": {
          "MAE": 4724.665390980542,
          "RMSE": 6526.9954567300365,
          "WMAPE": 0.584151073836169,
          "bias": 109.65392713510602,
          "n": 465
        }
      },
      "by_peer_level_resolved": {
        "cbsa": {
          "MAE": 3986.6278358317227,
          "RMSE": 5386.72337418561,
          "WMAPE": 0.4031709262881501,
          "bias": -98.6198187662021,
          "n": 1731
        },
        "region": {
          "MAE": 3655.3253782650877,
          "RMSE": 4743.457530980361,
          "WMAPE": 0.6850841826939769,
          "bias": 3634.966714516077,
          "n": 70
        },
        "state": {
          "MAE": 4557.053216976442,
          "RMSE": 5854.2360093373545,
          "WMAPE": 0.5449770782266862,
          "bias": 1271.2991541543727,
          "n": 1086
        }
      },
      "by_maturity_indicator": {
        "0": {
          "MAE": 4967.688525868378,
          "RMSE": 6344.7028157513405,
          "WMAPE": 0.5313408155326139,
          "bias": 1273.8983802024497,
          "n": 1382
        },
        "1": {
          "MAE": 3481.9533629166685,
          "RMSE": 4710.192934000674,
          "WMAPE": 0.383902531650278,
          "bias": -196.78399753907456,
          "n": 1505
        }
      }
    },
    "anchor": {
      "overall": {
        "MAE": 3980.0653831963205,
        "RMSE": 5320.25551785729,
        "WMAPE": 0.4324435830740965,
        "bias": 3.0470368519673303,
        "n": 2887
      },
      "by_region": {
        "Midwest": {
          "MAE": 4292.067947472209,
          "RMSE": 5544.218378947254,
          "WMAPE": 0.4773587963765988,
          "bias": -255.1478955970124,
          "n": 384
        },
        "Northeast": {
          "MAE": 2067.907038604911,
          "RMSE": 2793.2024180396893,
          "WMAPE": 0.2617140872283704,
          "bias": -705.8812314811059,
          "n": 161
        },
        "South": {
          "MAE": 3950.8936906619015,
          "RMSE": 5107.450121513433,
          "WMAPE": 0.4100486290157619,
          "bias": 164.97248613475742,
          "n": 1877
        },
        "West": {
          "MAE": 4502.224040582084,
          "RMSE": 6507.848061545061,
          "WMAPE": 0.5566487338929249,
          "bias": -191.8986901195681,
          "n": 465
        }
      },
      "by_peer_level_resolved": {
        "cbsa": {
          "MAE": 3855.200459211089,
          "RMSE": 5153.386292270825,
          "WMAPE": 0.38987956844041965,
          "bias": -433.7494182888568,